image,repeat,brightness,num_labels,has_small,is_dark
/root/private_data/lowlight-object-detection/datasets_yolo/ExDark_YOLO/images/train/2015_00001.png,1,0.159840,1,0,1
/root/private_data/lowlight-object-detection/datasets_yolo/ExDark_YOLO/images/train/2015_00003.png,3,0.096827,3,1,1
/root/private_data/lowlight-object-detection/datasets_yolo/ExDark_YOLO/images/train/2015_00004.jpg,1,0.040740,2,0,1
/root/private_data/lowlight-object-detection/datasets_yolo/ExDark_YOLO/images/train/2015_00005.jpg,1,0.193404,1,0,1
/root/private_data/lowlight-object-detection/datasets_yolo/ExDark_YOLO/images/train/2015_00006.jpg,1,0.385274,3,1,0
/root/private_data/lowlight-object-detection/datasets_yolo/ExDark_YOLO/images/train/2015_00008.jpg,1,0.234242,2,0,1
/root/private_data/lowlight-object-detection/datasets_yolo/ExDark_YOLO/images/train/2015_00009.jpg,1,0.203155,4,0,1
/root/private_data/lowlight-object-detection/datasets_yolo/ExDark_YOLO/images/train/2015_00010.jpg,1,0.077912,3,0,1
/root/private_data/lowlight-object-detection/datasets_yolo/ExDark_YOLO/images/train/2015_00011.jpg,1,0.174083,2,0,1
/root/private_data/lowlight-object-detection/datasets_yolo/ExDark_YOLO/images/train/2015_00012.jpg,1,0.194720,4,0,1
/root/private_data/lowlight-object-detection/datasets_yolo/ExDark_YOLO/images/train/2015_00013.jpg,1,0.163285,4,0,1
/root/private_data/lowlight-object-detection/datasets_yolo/ExDark_YOLO/images/train/2015_00014.jpg,1,0.252538,3,0,1
/root/private_data/lowlight-object-detection/datasets_yolo/ExDark_YOLO/images/train/2015_00015.jpg,2,0.036934,3,1,1
/root/private_data/lowlight-object-detection/datasets_yolo/ExDark_YOLO/images/train/2015_00016.jpg,1,0.246819,1,0,1
/root/private_data/lowlight-object-detection/datasets_yolo/ExDark_YOLO/images/train/2015_00017.jpg,1,0.285869,2,0,1
/root/private_data/lowlight-object-detection/datasets_yolo/ExDark_YOLO/images/train/2015_00018.jpg,1,0.297311,1,0,1
/root/private_data/lowlight-object-detection/datasets_yolo/ExDark_YOLO/images/train/2015_00020.jpg,1,0.330759,1,0,0
/root/private_data/lowlight-object-detection/datasets_yolo/ExDark_YOLO/images/train/2015_00021.jpg,1,0.132078,1,0,1
/root/private_data/lowlight-object-detection/datasets_yolo/ExDark_YOLO/images/train/2015_00022.jpg,1,0.197928,2,0,1
/root/private_data/lowlight-object-detection/datasets_yolo/ExDark_YOLO/images/train/2015_00024.JPG,1,0.339451,3,0,0
/root/private_data/lowlight-object-detection/datasets_yolo/ExDark_YOLO/images/train/2015_00025.jpg,2,0.227691,7,1,1
/root/private_data/lowlight-object-detection/datasets_yolo/ExDark_YOLO/images/train/2015_00027.jpg,2,0.200309,7,1,1
/root/private_data/lowlight-object-detection/datasets_yolo/ExDark_YOLO/images/train/2015_00029.jpg,1,0.190211,2,0,1
/root/private_data/lowlight-object-detection/datasets_yolo/ExDark_YOLO/images/train/2015_00030.jpg,1,0.182054,1,0,1
/root/private_data/lowlight-object-detection/datasets_yolo/ExDark_YOLO/images/train/2015_00031.jpg,1,0.170487,1,0,1
/root/private_data/lowlight-object-detection/datasets_yolo/ExDark_YOLO/images/train/2015_00032.jpg,1,0.185362,3,0,1
/root/private_data/lowlight-object-detection/datasets_yolo/ExDark_YOLO/images/train/2015_00033.jpg,1,0.099970,8,0,1
/root/private_data/lowlight-object-detection/datasets_yolo/ExDark_YOLO/images/train/2015_00034.jpg,1,0.120428,2,0,1
/root/private_data/lowlight-object-detection/datasets_yolo/ExDark_YOLO/images/train/2015_00035.jpg,1,0.137696,3,0,1
/root/private_data/lowlight-object-detection/datasets_yolo/ExDark_YOLO/images/train/2015_00037.jpg,1,0.075434,1,0,1
/root/private_data/lowlight-object-detection/datasets_yolo/ExDark_YOLO/images/train/2015_00039.jpg,3,0.174848,2,1,1
/root/private_data/lowlight-object-detection/datasets_yolo/ExDark_YOLO/images/train/2015_00040.jpg,3,0.172841,11,1,1
/root/private_data/lowlight-object-detection/datasets_yolo/ExDark_YOLO/images/train/2015_00043.jpg,1,0.085597,1,0,1
/root/private_data/lowlight-object-detection/datasets_yolo/ExDark_YOLO/images/train/2015_00044.jpg,1,0.251084,4,0,1
/root/private_data/lowlight-object-detection/datasets_yolo/ExDark_YOLO/images/train/2015_00046.jpg,1,0.215203,1,0,1
/root/private_data/lowlight-object-detection/datasets_yolo/ExDark_YOLO/images/train/2015_00047.jpg,1,0.125472,3,0,1
/root/private_data/lowlight-object-detection/datasets_yolo/ExDark_YOLO/images/train/2015_00048.jpg,1,0.282161,6,0,1
/root/private_data/lowlight-object-detection/datasets_yolo/ExDark_YOLO/images/train/2015_00049.jpg,2,0.248230,11,1,1
/root/private_data/lowlight-object-detection/datasets_yolo/ExDark_YOLO/images/train/2015_00050.jpg,1,0.114206,1,0,1
/root/private_data/lowlight-object-detection/datasets_yolo/ExDark_YOLO/images/train/2015_00051.jpg,1,0.225802,2,0,1
/root/private_data/lowlight-object-detection/datasets_yolo/ExDark_YOLO/images/train/2015_00052.jpg,2,0.236288,4,1,1
/root/private_data/lowlight-object-detection/datasets_yolo/ExDark_YOLO/images/train/2015_00053.jpg,1,0.459677,7,0,0
/root/private_data/lowlight-object-detection/datasets_yolo/ExDark_YOLO/images/train/2015_00054.jpg,2,0.186756,8,1,1
/root/private_data/lowlight-object-detection/datasets_yolo/ExDark_YOLO/images/train/2015_00055.jpg,1,0.190824,1,0,1
/root/private_data/lowlight-object-detection/datasets_yolo/ExDark_YOLO/images/train/2015_00056.jpg,2,0.143703,7,1,1
/root/private_data/lowlight-object-detection/datasets_yolo/ExDark_YOLO/images/train/2015_00057.jpg,1,0.283784,3,0,1
/root/private_data/lowlight-object-detection/datasets_yolo/ExDark_YOLO/images/train/2015_00058.jpg,2,0.241072,3,1,1
/root/private_data/lowlight-object-detection/datasets_yolo/ExDark_YOLO/images/train/2015_00059.jpg,1,0.175980,1,0,1
/root/private_data/lowlight-object-detection/datasets_yolo/ExDark_YOLO/images/train/2015_00063.jpg,1,0.224829,1,0,1
/root/private_data/lowlight-object-detection/datasets_yolo/ExDark_YOLO/images/train/2015_00064.jpg,1,0.123205,6,0,1
/root/private_data/lowlight-object-detection/datasets_yolo/ExDark_YOLO/images/train/2015_00065.jpg,3,0.177949,7,1,1
/root/private_data/lowlight-object-detection/datasets_yolo/ExDark_YOLO/images/train/2015_00067.jpg,1,0.181553,1,0,1
/root/private_data/lowlight-object-detection/datasets_yolo/ExDark_YOLO/images/train/2015_00069.jpg,3,0.093678,3,1,1
/root/private_data/lowlight-object-detection/datasets_yolo/ExDark_YOLO/images/train/2015_00070.jpg,1,0.063848,2,0,1
/root/private_data/lowlight-object-detection/datasets_yolo/ExDark_YOLO/images/train/2015_00073.jpg,2,0.250376,8,1,1
/root/private_data/lowlight-object-detection/datasets_yolo/ExDark_YOLO/images/train/2015_00074.jpg,1,0.139812,5,0,1
/root/private_data/lowlight-object-detection/datasets_yolo/ExDark_YOLO/images/train/2015_00075.jpg,1,0.128447,1,0,1
/root/private_data/lowlight-object-detection/datasets_yolo/ExDark_YOLO/images/train/2015_00076.jpg,2,0.054921,6,1,1
/root/private_data/lowlight-object-detection/datasets_yolo/ExDark_YOLO/images/train/2015_00077.jpg,3,0.063519,17,1,1
/root/private_data/lowlight-object-detection/datasets_yolo/ExDark_YOLO/images/train/2015_00078.jpg,2,0.177600,4,1,1
/root/private_data/lowlight-object-detection/datasets_yolo/ExDark_YOLO/images/train/2015_00079.jpg,2,0.159307,4,1,1
/root/private_data/lowlight-object-detection/datasets_yolo/ExDark_YOLO/images/train/2015_00080.jpg,1,0.250404,3,0,1
/root/private_data/lowlight-object-detection/datasets_yolo/ExDark_YOLO/images/train/2015_00081.jpg,1,0.235121,5,0,1
/root/private_data/lowlight-object-detection/datasets_yolo/ExDark_YOLO/images/train/2015_00082.jpg,1,0.223857,3,0,1
/root/private_data/lowlight-object-detection/datasets_yolo/ExDark_YOLO/images/train/2015_00083.jpg,1,0.143164,1,0,1
/root/private_data/lowlight-object-detection/datasets_yolo/ExDark_YOLO/images/train/2015_00084.jpg,1,0.239111,2,0,1
/root/private_data/lowlight-object-detection/datasets_yolo/ExDark_YOLO/images/train/2015_00087.jpg,1,0.176140,2,0,1
/root/private_data/lowlight-object-detection/datasets_yolo/ExDark_YOLO/images/train/2015_00088.jpg,1,0.206302,3,0,1
/root/private_data/lowlight-object-detection/datasets_yolo/ExDark_YOLO/images/train/2015_00089.jpg,2,0.107738,4,1,1
/root/private_data/lowlight-object-detection/datasets_yolo/ExDark_YOLO/images/train/2015_00090.jpg,2,0.246793,2,1,1
/root/private_data/lowlight-object-detection/datasets_yolo/ExDark_YOLO/images/train/2015_00094.jpg,1,0.176815,1,0,1
/root/private_data/lowlight-object-detection/datasets_yolo/ExDark_YOLO/images/train/2015_00095.jpg,1,0.051625,1,0,1
/root/private_data/lowlight-object-detection/datasets_yolo/ExDark_YOLO/images/train/2015_00096.jpg,1,0.213399,2,0,1
/root/private_data/lowlight-object-detection/datasets_yolo/ExDark_YOLO/images/train/2015_00098.jpg,1,0.193283,2,0,1
/root/private_data/lowlight-object-detection/datasets_yolo/ExDark_YOLO/images/train/2015_00101.jpg,1,0.143781,1,0,1
/root/private_data/lowlight-object-detection/datasets_yolo/ExDark_YOLO/images/train/2015_00102.jpg,1,0.145422,1,0,1
/root/private_data/lowlight-object-detection/datasets_yolo/ExDark_YOLO/images/train/2015_00104.jpg,3,0.049231,5,1,1
/root/private_data/lowlight-object-detection/datasets_yolo/ExDark_YOLO/images/train/2015_00105.jpg,2,0.221125,13,1,1
/root/private_data/lowlight-object-detection/datasets_yolo/ExDark_YOLO/images/train/2015_00106.jpg,1,0.142891,1,0,1
/root/private_data/lowlight-object-detection/datasets_yolo/ExDark_YOLO/images/train/2015_00107.jpg,1,0.078884,1,0,1
/root/private_data/lowlight-object-detection/datasets_yolo/ExDark_YOLO/images/train/2015_00110.jpg,1,0.189332,2,0,1
/root/private_data/lowlight-object-detection/datasets_yolo/ExDark_YOLO/images/train/2015_00113.jpg,2,0.222223,2,1,1
/root/private_data/lowlight-object-detection/datasets_yolo/ExDark_YOLO/images/train/2015_00115.jpg,1,0.080744,5,0,1
/root/private_data/lowlight-object-detection/datasets_yolo/ExDark_YOLO/images/train/2015_00116.jpg,3,0.137503,6,1,1
/root/private_data/lowlight-object-detection/datasets_yolo/ExDark_YOLO/images/train/2015_00118.jpg,1,0.331090,6,1,0
/root/private_data/lowlight-object-detection/datasets_yolo/ExDark_YOLO/images/train/2015_00119.jpg,1,0.261729,1,0,1
/root/private_data/lowlight-object-detection/datasets_yolo/ExDark_YOLO/images/train/2015_00121.jpg,1,0.284799,2,0,1
/root/private_data/lowlight-object-detection/datasets_yolo/ExDark_YOLO/images/train/2015_00122.jpg,2,0.181016,2,1,1
/root/private_data/lowlight-object-detection/datasets_yolo/ExDark_YOLO/images/train/2015_00126.jpg,1,0.168985,1,0,1
/root/private_data/lowlight-object-detection/datasets_yolo/ExDark_YOLO/images/train/2015_00127.jpg,1,0.124528,3,0,1
/root/private_data/lowlight-object-detection/datasets_yolo/ExDark_YOLO/images/train/2015_00128.jpg,1,0.129741,1,0,1
/root/private_data/lowlight-object-detection/datasets_yolo/ExDark_YOLO/images/train/2015_00129.jpg,1,0.135077,3,0,1
/root/private_data/lowlight-object-detection/datasets_yolo/ExDark_YOLO/images/train/2015_00130.jpg,1,0.007760,1,0,1
/root/private_data/lowlight-object-detection/datasets_yolo/ExDark_YOLO/images/train/2015_00132.jpg,2,0.167379,2,1,1
/root/private_data/lowlight-object-detection/datasets_yolo/ExDark_YOLO/images/train/2015_00133.jpg,2,0.184651,5,1,1
/root/private_data/lowlight-object-detection/datasets_yolo/ExDark_YOLO/images/train/2015_00134.jpg,1,0.193180,1,0,1
/root/private_data/lowlight-object-detection/datasets_yolo/ExDark_YOLO/images/train/2015_00135.jpg,1,0.153807,2,0,1
/root/private_data/lowlight-object-detection/datasets_yolo/ExDark_YOLO/images/train/2015_00136.jpg,1,0.180833,4,0,1
/root/private_data/lowlight-object-detection/datasets_yolo/ExDark_YOLO/images/train/2015_00137.jpg,1,0.220914,2,0,1
/root/private_data/lowlight-object-detection/datasets_yolo/ExDark_YOLO/images/train/2015_00138.jpg,1,0.126084,4,0,1
/root/private_data/lowlight-object-detection/datasets_yolo/ExDark_YOLO/images/train/2015_00139.jpg,1,0.189315,1,0,1
/root/private_data/lowlight-object-detection/datasets_yolo/ExDark_YOLO/images/train/2015_00141.jpg,1,0.154544,1,0,1
/root/private_data/lowlight-object-detection/datasets_yolo/ExDark_YOLO/images/train/2015_00142.jpg,1,0.197055,4,0,1
/root/private_data/lowlight-object-detection/datasets_yolo/ExDark_YOLO/images/train/2015_00143.jpg,1,0.144157,1,0,1
/root/private_data/lowlight-object-detection/datasets_yolo/ExDark_YOLO/images/train/2015_00145.jpg,1,0.317011,2,0,0
/root/private_data/lowlight-object-detection/datasets_yolo/ExDark_YOLO/images/train/2015_00147.jpg,3,0.144916,6,1,1
/root/private_data/lowlight-object-detection/datasets_yolo/ExDark_YOLO/images/train/2015_00149.jpg,1,0.135456,2,0,1
/root/private_data/lowlight-object-detection/datasets_yolo/ExDark_YOLO/images/train/2015_00150.jpg,1,0.194843,2,0,1
/root/private_data/lowlight-object-detection/datasets_yolo/ExDark_YOLO/images/train/2015_00154.jpg,1,0.036431,2,0,1
/root/private_data/lowlight-object-detection/datasets_yolo/ExDark_YOLO/images/train/2015_00155.jpg,1,0.285763,5,0,1
/root/private_data/lowlight-object-detection/datasets_yolo/ExDark_YOLO/images/train/2015_00156.jpg,1,0.275682,2,0,1
/root/private_data/lowlight-object-detection/datasets_yolo/ExDark_YOLO/images/train/2015_00157.jpg,1,0.072236,1,0,1
/root/private_data/lowlight-object-detection/datasets_yolo/ExDark_YOLO/images/train/2015_00158.jpg,1,0.058785,1,0,1
/root/private_data/lowlight-object-detection/datasets_yolo/ExDark_YOLO/images/train/2015_00159.jpg,2,0.246220,6,1,1
/root/private_data/lowlight-object-detection/datasets_yolo/ExDark_YOLO/images/train/2015_00160.jpg,1,0.060370,2,0,1
/root/private_data/lowlight-object-detection/datasets_yolo/ExDark_YOLO/images/train/2015_00161.jpg,1,0.137370,1,0,1
/root/private_data/lowlight-object-detection/datasets_yolo/ExDark_YOLO/images/train/2015_00162.jpg,1,0.218236,3,0,1
/root/private_data/lowlight-object-detection/datasets_yolo/ExDark_YOLO/images/train/2015_00164.jpg,1,0.251101,2,0,1
/root/private_data/lowlight-object-detection/datasets_yolo/ExDark_YOLO/images/train/2015_00166.jpg,1,0.175296,2,0,1
/root/private_data/lowlight-object-detection/datasets_yolo/ExDark_YOLO/images/train/2015_00167.jpg,1,0.117112,3,0,1
/root/private_data/lowlight-object-detection/datasets_yolo/ExDark_YOLO/images/train/2015_00168.jpg,1,0.122190,2,0,1
/root/private_data/lowlight-object-detection/datasets_yolo/ExDark_YOLO/images/train/2015_00170.jpg,1,0.079247,2,0,1
/root/private_data/lowlight-object-detection/datasets_yolo/ExDark_YOLO/images/train/2015_00171.jpg,1,0.101224,1,0,1
/root/private_data/lowlight-object-detection/datasets_yolo/ExDark_YOLO/images/train/2015_00172.jpg,1,0.051587,2,0,1
/root/private_data/lowlight-object-detection/datasets_yolo/ExDark_YOLO/images/train/2015_00173.jpg,1,0.087187,2,0,1
/root/private_data/lowlight-object-detection/datasets_yolo/ExDark_YOLO/images/train/2015_00175.jpg,1,0.069216,1,0,1
/root/private_data/lowlight-object-detection/datasets_yolo/ExDark_YOLO/images/train/2015_00176.jpg,1,0.078028,1,0,1
/root/private_data/lowlight-object-detection/datasets_yolo/ExDark_YOLO/images/train/2015_00178.jpg,1,0.162651,1,0,1
/root/private_data/lowlight-object-detection/datasets_yolo/ExDark_YOLO/images/train/2015_00179.jpg,1,0.062440,8,0,1
/root/private_data/lowlight-object-detection/datasets_yolo/ExDark_YOLO/images/train/2015_00180.jpg,1,0.075352,11,0,1
/root/private_data/lowlight-object-detection/datasets_yolo/ExDark_YOLO/images/train/2015_00181.jpg,1,0.319773,5,0,0
/root/private_data/lowlight-object-detection/datasets_yolo/ExDark_YOLO/images/train/2015_00183.jpg,1,0.146483,1,0,1
/root/private_data/lowlight-object-detection/datasets_yolo/ExDark_YOLO/images/train/2015_00185.jpg,1,0.147199,1,0,1
/root/private_data/lowlight-object-detection/datasets_yolo/ExDark_YOLO/images/train/2015_00186.jpg,1,0.167845,2,0,1
/root/private_data/lowlight-object-detection/datasets_yolo/ExDark_YOLO/images/train/2015_00187.jpg,1,0.261399,8,0,1
/root/private_data/lowlight-object-detection/datasets_yolo/ExDark_YOLO/images/train/2015_00188.jpg,1,0.160226,2,0,1
/root/private_data/lowlight-object-detection/datasets_yolo/ExDark_YOLO/images/train/2015_00189.jpg,1,0.303079,4,1,0
/root/private_data/lowlight-object-detection/datasets_yolo/ExDark_YOLO/images/train/2015_00190.jpg,1,0.159099,13,0,1
/root/private_data/lowlight-object-detection/datasets_yolo/ExDark_YOLO/images/train/2015_00191.jpg,1,0.169220,1,0,1
/root/private_data/lowlight-object-detection/datasets_yolo/ExDark_YOLO/images/train/2015_00193.jpg,1,0.132507,3,0,1
/root/private_data/lowlight-object-detection/datasets_yolo/ExDark_YOLO/images/train/2015_00194.jpg,1,0.018682,1,0,1
/root/private_data/lowlight-object-detection/datasets_yolo/ExDark_YOLO/images/train/2015_00197.png,1,0.055365,2,0,1
/root/private_data/lowlight-object-detection/datasets_yolo/ExDark_YOLO/images/train/2015_00198.jpg,1,0.019278,2,0,1
/root/private_data/lowlight-object-detection/datasets_yolo/ExDark_YOLO/images/train/2015_00199.jpg,1,0.037798,3,0,1
/root/private_data/lowlight-object-detection/datasets_yolo/ExDark_YOLO/images/train/2015_00200.jpg,1,0.091631,2,0,1
/root/private_data/lowlight-object-detection/datasets_yolo/ExDark_YOLO/images/train/2015_00201.jpg,1,0.240242,1,0,1
/root/private_data/lowlight-object-detection/datasets_yolo/ExDark_YOLO/images/train/2015_00202.jpg,3,0.160644,3,1,1
/root/private_data/lowlight-object-detection/datasets_yolo/ExDark_YOLO/images/train/2015_00204.jpg,3,0.070147,2,1,1
/root/private_data/lowlight-object-detection/datasets_yolo/ExDark_YOLO/images/train/2015_00205.jpg,1,0.080504,4,0,1
/root/private_data/lowlight-object-detection/datasets_yolo/ExDark_YOLO/images/train/2015_00206.jpg,1,0.067378,6,0,1
/root/private_data/lowlight-object-detection/datasets_yolo/ExDark_YOLO/images/train/2015_00207.jpg,2,0.238605,6,1,1
/root/private_data/lowlight-object-detection/datasets_yolo/ExDark_YOLO/images/train/2015_00208.jpg,2,0.201259,5,1,1
/root/private_data/lowlight-object-detection/datasets_yolo/ExDark_YOLO/images/train/2015_00209.jpg,2,0.115799,5,1,1
/root/private_data/lowlight-object-detection/datasets_yolo/ExDark_YOLO/images/train/2015_00211.jpg,3,0.107661,5,1,1
/root/private_data/lowlight-object-detection/datasets_yolo/ExDark_YOLO/images/train/2015_00212.jpg,1,0.101365,2,0,1
/root/private_data/lowlight-object-detection/datasets_yolo/ExDark_YOLO/images/train/2015_00213.jpg,1,0.104656,2,0,1
/root/private_data/lowlight-object-detection/datasets_yolo/ExDark_YOLO/images/train/2015_00216.jpg,1,0.181073,1,0,1
/root/private_data/lowlight-object-detection/datasets_yolo/ExDark_YOLO/images/train/2015_00218.jpg,1,0.002060,1,0,1
/root/private_data/lowlight-object-detection/datasets_yolo/ExDark_YOLO/images/train/2015_00219.jpg,1,0.131974,2,0,1
/root/private_data/lowlight-object-detection/datasets_yolo/ExDark_YOLO/images/train/2015_00220.jpg,3,0.099039,9,1,1
/root/private_data/lowlight-object-detection/datasets_yolo/ExDark_YOLO/images/train/2015_00221.jpg,1,0.354302,4,0,0
/root/private_data/lowlight-object-detection/datasets_yolo/ExDark_YOLO/images/train/2015_00222.jpg,1,0.056438,2,0,1
/root/private_data/lowlight-object-detection/datasets_yolo/ExDark_YOLO/images/train/2015_00223.jpg,1,0.154676,2,0,1
/root/private_data/lowlight-object-detection/datasets_yolo/ExDark_YOLO/images/train/2015_00224.jpg,1,0.156141,2,0,1
/root/private_data/lowlight-object-detection/datasets_yolo/ExDark_YOLO/images/train/2015_00226.jpg,1,0.123350,2,0,1
/root/private_data/lowlight-object-detection/datasets_yolo/ExDark_YOLO/images/train/2015_00227.jpg,2,0.266557,2,1,1
/root/private_data/lowlight-object-detection/datasets_yolo/ExDark_YOLO/images/train/2015_00228.jpg,1,0.220587,2,0,1
/root/private_data/lowlight-object-detection/datasets_yolo/ExDark_YOLO/images/train/2015_00230.jpg,2,0.181735,12,1,1
/root/private_data/lowlight-object-detection/datasets_yolo/ExDark_YOLO/images/train/2015_00231.jpg,1,0.083240,1,0,1
/root/private_data/lowlight-object-detection/datasets_yolo/ExDark_YOLO/images/train/2015_00232.jpg,2,0.258485,8,1,1
/root/private_data/lowlight-object-detection/datasets_yolo/ExDark_YOLO/images/train/2015_00233.jpg,2,0.180081,14,1,1
/root/private_data/lowlight-object-detection/datasets_yolo/ExDark_YOLO/images/train/2015_00236.jpg,1,0.122173,1,0,1
/root/private_data/lowlight-object-detection/datasets_yolo/ExDark_YOLO/images/train/2015_00237.jpg,1,0.152147,2,0,1
/root/private_data/lowlight-object-detection/datasets_yolo/ExDark_YOLO/images/train/2015_00238.jpg,2,0.184965,15,1,1
/root/private_data/lowlight-object-detection/datasets_yolo/ExDark_YOLO/images/train/2015_00239.jpg,1,0.120244,1,0,1
/root/private_data/lowlight-object-detection/datasets_yolo/ExDark_YOLO/images/train/2015_00240.jpg,2,0.207852,2,1,1
/root/private_data/lowlight-object-detection/datasets_yolo/ExDark_YOLO/images/train/2015_00241.jpg,1,0.152938,2,0,1
/root/private_data/lowlight-object-detection/datasets_yolo/ExDark_YOLO/images/train/2015_00242.jpg,3,0.104705,7,1,1
/root/private_data/lowlight-object-detection/datasets_yolo/ExDark_YOLO/images/train/2015_00243.jpg,1,0.142412,9,0,1
/root/private_data/lowlight-object-detection/datasets_yolo/ExDark_YOLO/images/train/2015_00244.jpg,1,0.201495,2,0,1
/root/private_data/lowlight-object-detection/datasets_yolo/ExDark_YOLO/images/train/2015_00245.jpg,1,0.187203,3,0,1
/root/private_data/lowlight-object-detection/datasets_yolo/ExDark_YOLO/images/train/2015_00246.jpg,2,0.167507,6,1,1
/root/private_data/lowlight-object-detection/datasets_yolo/ExDark_YOLO/images/train/2015_00248.jpg,1,0.092773,2,0,1
/root/private_data/lowlight-object-detection/datasets_yolo/ExDark_YOLO/images/train/2015_00249.jpg,1,0.074296,1,0,1
/root/private_data/lowlight-object-detection/datasets_yolo/ExDark_YOLO/images/train/2015_00250.jpg,2,0.287425,14,1,1
/root/private_data/lowlight-object-detection/datasets_yolo/ExDark_YOLO/images/train/2015_00252.jpg,1,0.095838,2,0,1
/root/private_data/lowlight-object-detection/datasets_yolo/ExDark_YOLO/images/train/2015_00253.jpg,1,0.079345,6,0,1
/root/private_data/lowlight-object-detection/datasets_yolo/ExDark_YOLO/images/train/2015_00255.jpg,3,0.096481,7,1,1
/root/private_data/lowlight-object-detection/datasets_yolo/ExDark_YOLO/images/train/2015_00256.jpg,1,0.220433,1,0,1
/root/private_data/lowlight-object-detection/datasets_yolo/ExDark_YOLO/images/train/2015_00258.jpg,1,0.189681,2,0,1
/root/private_data/lowlight-object-detection/datasets_yolo/ExDark_YOLO/images/train/2015_00259.jpg,1,0.102739,1,0,1
/root/private_data/lowlight-object-detection/datasets_yolo/ExDark_YOLO/images/train/2015_00260.jpg,1,0.210950,2,0,1
/root/private_data/lowlight-object-detection/datasets_yolo/ExDark_YOLO/images/train/2015_00261.jpg,1,0.224073,4,0,1
/root/private_data/lowlight-object-detection/datasets_yolo/ExDark_YOLO/images/train/2015_00262.jpg,1,0.149714,2,0,1
/root/private_data/lowlight-object-detection/datasets_yolo/ExDark_YOLO/images/train/2015_00263.jpg,1,0.284378,2,0,1
/root/private_data/lowlight-object-detection/datasets_yolo/ExDark_YOLO/images/train/2015_00264.jpg,1,0.121720,4,0,1
/root/private_data/lowlight-object-detection/datasets_yolo/ExDark_YOLO/images/train/2015_00265.jpg,1,0.226453,1,0,1
/root/private_data/lowlight-object-detection/datasets_yolo/ExDark_YOLO/images/train/2015_00266.jpg,3,0.082839,4,1,1
/root/private_data/lowlight-object-detection/datasets_yolo/ExDark_YOLO/images/train/2015_00267.jpg,2,0.248691,9,1,1
/root/private_data/lowlight-object-detection/datasets_yolo/ExDark_YOLO/images/train/2015_00268.jpg,2,0.206387,7,1,1
/root/private_data/lowlight-object-detection/datasets_yolo/ExDark_YOLO/images/train/2015_00269.jpg,1,0.123270,3,0,1
/root/private_data/lowlight-object-detection/datasets_yolo/ExDark_YOLO/images/train/2015_00270.jpg,1,0.137155,1,0,1
/root/private_data/lowlight-object-detection/datasets_yolo/ExDark_YOLO/images/train/2015_00271.jpg,1,0.177520,3,0,1
/root/private_data/lowlight-object-detection/datasets_yolo/ExDark_YOLO/images/train/2015_00274.jpg,1,0.248125,3,0,1
/root/private_data/lowlight-object-detection/datasets_yolo/ExDark_YOLO/images/train/2015_00275.jpg,1,0.157156,2,0,1
/root/private_data/lowlight-object-detection/datasets_yolo/ExDark_YOLO/images/train/2015_00276.jpg,2,0.284789,7,1,1
/root/private_data/lowlight-object-detection/datasets_yolo/ExDark_YOLO/images/train/2015_00277.jpg,2,0.197562,3,1,1
/root/private_data/lowlight-object-detection/datasets_yolo/ExDark_YOLO/images/train/2015_00278.jpg,1,0.069829,2,0,1
/root/private_data/lowlight-object-detection/datasets_yolo/ExDark_YOLO/images/train/2015_00280.jpg,2,0.142075,11,1,1
/root/private_data/lowlight-object-detection/datasets_yolo/ExDark_YOLO/images/train/2015_00281.jpg,3,0.133868,9,1,1
/root/private_data/lowlight-object-detection/datasets_yolo/ExDark_YOLO/images/train/2015_00283.jpg,1,0.339957,1,0,0
/root/private_data/lowlight-object-detection/datasets_yolo/ExDark_YOLO/images/train/2015_00285.jpg,1,0.183645,1,0,1
/root/private_data/lowlight-object-detection/datasets_yolo/ExDark_YOLO/images/train/2015_00286.jpg,2,0.229081,9,1,1
/root/private_data/lowlight-object-detection/datasets_yolo/ExDark_YOLO/images/train/2015_00287.jpg,3,0.126232,5,1,1
/root/private_data/lowlight-object-detection/datasets_yolo/ExDark_YOLO/images/train/2015_00288.jpg,3,0.110548,23,1,1
/root/private_data/lowlight-object-detection/datasets_yolo/ExDark_YOLO/images/train/2015_00289.jpg,1,0.014378,1,0,1
/root/private_data/lowlight-object-detection/datasets_yolo/ExDark_YOLO/images/train/2015_00291.jpg,1,0.088488,1,0,1
/root/private_data/lowlight-object-detection/datasets_yolo/ExDark_YOLO/images/train/2015_00292.jpg,1,0.340270,4,1,0
/root/private_data/lowlight-object-detection/datasets_yolo/ExDark_YOLO/images/train/2015_00293.jpg,2,0.218672,14,1,1
/root/private_data/lowlight-object-detection/datasets_yolo/ExDark_YOLO/images/train/2015_00295.jpg,2,0.208693,14,1,1
/root/private_data/lowlight-object-detection/datasets_yolo/ExDark_YOLO/images/train/2015_00296.jpg,3,0.124204,7,1,1
/root/private_data/lowlight-object-detection/datasets_yolo/ExDark_YOLO/images/train/2015_00298.jpg,1,0.028999,1,0,1
/root/private_data/lowlight-object-detection/datasets_yolo/ExDark_YOLO/images/train/2015_00299.jpg,1,0.171917,1,0,1
/root/private_data/lowlight-object-detection/datasets_yolo/ExDark_YOLO/images/train/2015_00300.jpg,2,0.146579,3,1,1
/root/private_data/lowlight-object-detection/datasets_yolo/ExDark_YOLO/images/train/2015_00301.jpg,1,0.022871,2,0,1
/root/private_data/lowlight-object-detection/datasets_yolo/ExDark_YOLO/images/train/2015_00302.jpg,1,0.090618,2,0,1
/root/private_data/lowlight-object-detection/datasets_yolo/ExDark_YOLO/images/train/2015_00303.jpg,1,0.105535,2,0,1
/root/private_data/lowlight-object-detection/datasets_yolo/ExDark_YOLO/images/train/2015_00304.jpg,1,0.014852,1,0,1
/root/private_data/lowlight-object-detection/datasets_yolo/ExDark_YOLO/images/train/2015_00305.jpg,1,0.222063,4,0,1
/root/private_data/lowlight-object-detection/datasets_yolo/ExDark_YOLO/images/train/2015_00306.jpg,1,0.217349,1,0,1
/root/private_data/lowlight-object-detection/datasets_yolo/ExDark_YOLO/images/train/2015_00307.jpg,1,0.159282,1,0,1
/root/private_data/lowlight-object-detection/datasets_yolo/ExDark_YOLO/images/train/2015_00308.jpg,1,0.278989,1,0,1
/root/private_data/lowlight-object-detection/datasets_yolo/ExDark_YOLO/images/train/2015_00309.jpg,2,0.093895,8,1,1
/root/private_data/lowlight-object-detection/datasets_yolo/ExDark_YOLO/images/train/2015_00310.jpg,2,0.178903,4,1,1
/root/private_data/lowlight-object-detection/datasets_yolo/ExDark_YOLO/images/train/2015_00314.jpg,1,0.137976,1,0,1
/root/private_data/lowlight-object-detection/datasets_yolo/ExDark_YOLO/images/train/2015_00316.jpg,1,0.115986,1,0,1
/root/private_data/lowlight-object-detection/datasets_yolo/ExDark_YOLO/images/train/2015_00317.jpg,1,0.085321,1,0,1
/root/private_data/lowlight-object-detection/datasets_yolo/ExDark_YOLO/images/train/2015_00318.jpg,1,0.133979,1,0,1
/root/private_data/lowlight-object-detection/datasets_yolo/ExDark_YOLO/images/train/2015_00319.jpg,3,0.084099,12,1,1
/root/private_data/lowlight-object-detection/datasets_yolo/ExDark_YOLO/images/train/2015_00320.jpg,2,0.194658,5,1,1
/root/private_data/lowlight-object-detection/datasets_yolo/ExDark_YOLO/images/train/2015_00321.jpg,1,0.431503,2,0,0
/root/private_data/lowlight-object-detection/datasets_yolo/ExDark_YOLO/images/train/2015_00323.jpg,1,0.073318,2,0,1
/root/private_data/lowlight-object-detection/datasets_yolo/ExDark_YOLO/images/train/2015_00324.jpg,1,0.278404,1,0,1
/root/private_data/lowlight-object-detection/datasets_yolo/ExDark_YOLO/images/train/2015_00326.jpg,1,0.133509,1,0,1
/root/private_data/lowlight-object-detection/datasets_yolo/ExDark_YOLO/images/train/2015_00327.jpg,1,0.244046,1,0,1
/root/private_data/lowlight-object-detection/datasets_yolo/ExDark_YOLO/images/train/2015_00330.jpg,1,0.099336,1,0,1
/root/private_data/lowlight-object-detection/datasets_yolo/ExDark_YOLO/images/train/2015_00331.jpg,1,0.105158,1,0,1
/root/private_data/lowlight-object-detection/datasets_yolo/ExDark_YOLO/images/train/2015_00332.jpg,3,0.141108,6,1,1
/root/private_data/lowlight-object-detection/datasets_yolo/ExDark_YOLO/images/train/2015_00336.jpg,1,0.183933,1,0,1
/root/private_data/lowlight-object-detection/datasets_yolo/ExDark_YOLO/images/train/2015_00337.jpg,2,0.213550,3,1,1
/root/private_data/lowlight-object-detection/datasets_yolo/ExDark_YOLO/images/train/2015_00338.jpg,1,0.111076,2,0,1
/root/private_data/lowlight-object-detection/datasets_yolo/ExDark_YOLO/images/train/2015_00339.jpg,1,0.172822,3,0,1
/root/private_data/lowlight-object-detection/datasets_yolo/ExDark_YOLO/images/train/2015_00340.jpg,2,0.216965,17,1,1
/root/private_data/lowlight-object-detection/datasets_yolo/ExDark_YOLO/images/train/2015_00341.jpg,1,0.198718,1,0,1
/root/private_data/lowlight-object-detection/datasets_yolo/ExDark_YOLO/images/train/2015_00343.jpg,1,0.050787,3,0,1
/root/private_data/lowlight-object-detection/datasets_yolo/ExDark_YOLO/images/train/2015_00344.jpg,2,0.160843,4,1,1
/root/private_data/lowlight-object-detection/datasets_yolo/ExDark_YOLO/images/train/2015_00345.jpg,1,0.351083,1,0,0
/root/private_data/lowlight-object-detection/datasets_yolo/ExDark_YOLO/images/train/2015_00346.jpg,1,0.247964,2,0,1
/root/private_data/lowlight-object-detection/datasets_yolo/ExDark_YOLO/images/train/2015_00347.jpg,1,0.116202,3,0,1
/root/private_data/lowlight-object-detection/datasets_yolo/ExDark_YOLO/images/train/2015_00348.jpg,1,0.074108,3,0,1
/root/private_data/lowlight-object-detection/datasets_yolo/ExDark_YOLO/images/train/2015_00349.jpg,1,0.118342,1,0,1
/root/private_data/lowlight-object-detection/datasets_yolo/ExDark_YOLO/images/train/2015_00350.jpg,1,0.180498,3,0,1
/root/private_data/lowlight-object-detection/datasets_yolo/ExDark_YOLO/images/train/2015_00352.jpg,1,0.082477,2,0,1
/root/private_data/lowlight-object-detection/datasets_yolo/ExDark_YOLO/images/train/2015_00354.jpg,1,0.168022,1,0,1
/root/private_data/lowlight-object-detection/datasets_yolo/ExDark_YOLO/images/train/2015_00355.jpg,1,0.205757,3,0,1
/root/private_data/lowlight-object-detection/datasets_yolo/ExDark_YOLO/images/train/2015_00356.jpg,1,0.197772,1,0,1
/root/private_data/lowlight-object-detection/datasets_yolo/ExDark_YOLO/images/train/2015_00357.jpg,1,0.188086,1,0,1
/root/private_data/lowlight-object-detection/datasets_yolo/ExDark_YOLO/images/train/2015_00358.jpg,1,0.165219,1,0,1
/root/private_data/lowlight-object-detection/datasets_yolo/ExDark_YOLO/images/train/2015_00359.jpg,1,0.233542,1,0,1
/root/private_data/lowlight-object-detection/datasets_yolo/ExDark_YOLO/images/train/2015_00360.jpg,1,0.039803,1,0,1
/root/private_data/lowlight-object-detection/datasets_yolo/ExDark_YOLO/images/train/2015_00361.jpg,1,0.202162,2,0,1
/root/private_data/lowlight-object-detection/datasets_yolo/ExDark_YOLO/images/train/2015_00362.jpg,1,0.135925,5,0,1
/root/private_data/lowlight-object-detection/datasets_yolo/ExDark_YOLO/images/train/2015_00363.jpg,1,0.341934,1,0,0
/root/private_data/lowlight-object-detection/datasets_yolo/ExDark_YOLO/images/train/2015_00364.jpg,1,0.093620,1,0,1
/root/private_data/lowlight-object-detection/datasets_yolo/ExDark_YOLO/images/train/2015_00365.jpg,1,0.271443,3,0,1
/root/private_data/lowlight-object-detection/datasets_yolo/ExDark_YOLO/images/train/2015_00366.jpg,1,0.126628,7,0,1
/root/private_data/lowlight-object-detection/datasets_yolo/ExDark_YOLO/images/train/2015_00367.jpg,1,0.153363,3,0,1
/root/private_data/lowlight-object-detection/datasets_yolo/ExDark_YOLO/images/train/2015_00369.jpg,1,0.211024,2,0,1
/root/private_data/lowlight-object-detection/datasets_yolo/ExDark_YOLO/images/train/2015_00370.jpg,2,0.188394,34,1,1
/root/private_data/lowlight-object-detection/datasets_yolo/ExDark_YOLO/images/train/2015_00371.jpg,1,0.221480,1,0,1
/root/private_data/lowlight-object-detection/datasets_yolo/ExDark_YOLO/images/train/2015_00372.jpg,2,0.234553,10,1,1
/root/private_data/lowlight-object-detection/datasets_yolo/ExDark_YOLO/images/train/2015_00373.jpg,1,0.219266,2,0,1
/root/private_data/lowlight-object-detection/datasets_yolo/ExDark_YOLO/images/train/2015_00374.jpg,1,0.156460,1,0,1
/root/private_data/lowlight-object-detection/datasets_yolo/ExDark_YOLO/images/train/2015_00375.jpg,1,0.100158,2,0,1
/root/private_data/lowlight-object-detection/datasets_yolo/ExDark_YOLO/images/train/2015_00376.jpg,2,0.215525,5,1,1
/root/private_data/lowlight-object-detection/datasets_yolo/ExDark_YOLO/images/train/2015_00377.jpg,2,0.252913,12,1,1
/root/private_data/lowlight-object-detection/datasets_yolo/ExDark_YOLO/images/train/2015_00379.jpg,1,0.126725,4,0,1
/root/private_data/lowlight-object-detection/datasets_yolo/ExDark_YOLO/images/train/2015_00381.jpg,1,0.183957,2,0,1
/root/private_data/lowlight-object-detection/datasets_yolo/ExDark_YOLO/images/train/2015_00382.jpg,2,0.048631,2,1,1
/root/private_data/lowlight-object-detection/datasets_yolo/ExDark_YOLO/images/train/2015_00383.jpg,2,0.195799,7,1,1
/root/private_data/lowlight-object-detection/datasets_yolo/ExDark_YOLO/images/train/2015_00385.jpg,1,0.183620,2,0,1
/root/private_data/lowlight-object-detection/datasets_yolo/ExDark_YOLO/images/train/2015_00386.jpg,1,0.247041,3,0,1
/root/private_data/lowlight-object-detection/datasets_yolo/ExDark_YOLO/images/train/2015_00388.jpg,1,0.255676,1,0,1
/root/private_data/lowlight-object-detection/datasets_yolo/ExDark_YOLO/images/train/2015_00390.jpg,1,0.167700,2,0,1
/root/private_data/lowlight-object-detection/datasets_yolo/ExDark_YOLO/images/train/2015_00391.JPG,3,0.058081,7,1,1
/root/private_data/lowlight-object-detection/datasets_yolo/ExDark_YOLO/images/train/2015_00392.jpg,1,0.106265,1,0,1
/root/private_data/lowlight-object-detection/datasets_yolo/ExDark_YOLO/images/train/2015_00393.jpg,2,0.171914,10,1,1
/root/private_data/lowlight-object-detection/datasets_yolo/ExDark_YOLO/images/train/2015_00394.jpg,1,0.311944,15,1,0
/root/private_data/lowlight-object-detection/datasets_yolo/ExDark_YOLO/images/train/2015_00397.jpg,1,0.180443,4,0,1
/root/private_data/lowlight-object-detection/datasets_yolo/ExDark_YOLO/images/train/2015_00398.jpg,3,0.145822,9,1,1
/root/private_data/lowlight-object-detection/datasets_yolo/ExDark_YOLO/images/train/2015_00399.jpg,2,0.048631,2,1,1
/root/private_data/lowlight-object-detection/datasets_yolo/ExDark_YOLO/images/train/2015_00400.jpg,2,0.234534,6,1,1
/root/private_data/lowlight-object-detection/datasets_yolo/ExDark_YOLO/images/train/2015_00402.jpg,3,0.081650,8,1,1
/root/private_data/lowlight-object-detection/datasets_yolo/ExDark_YOLO/images/train/2015_00403.jpg,1,0.218883,4,0,1
/root/private_data/lowlight-object-detection/datasets_yolo/ExDark_YOLO/images/train/2015_00408.jpg,3,0.107761,18,1,1
/root/private_data/lowlight-object-detection/datasets_yolo/ExDark_YOLO/images/train/2015_00409.jpg,1,0.067234,6,0,1
/root/private_data/lowlight-object-detection/datasets_yolo/ExDark_YOLO/images/train/2015_00410.jpg,1,0.129276,3,0,1
/root/private_data/lowlight-object-detection/datasets_yolo/ExDark_YOLO/images/train/2015_00411.jpg,2,0.128587,4,1,1
/root/private_data/lowlight-object-detection/datasets_yolo/ExDark_YOLO/images/train/2015_00412.jpg,2,0.288116,3,1,1
/root/private_data/lowlight-object-detection/datasets_yolo/ExDark_YOLO/images/train/2015_00414.jpg,2,0.217815,5,1,1
/root/private_data/lowlight-object-detection/datasets_yolo/ExDark_YOLO/images/train/2015_00415.jpg,3,0.170835,12,1,1
/root/private_data/lowlight-object-detection/datasets_yolo/ExDark_YOLO/images/train/2015_00416.jpg,1,0.134298,1,0,1
/root/private_data/lowlight-object-detection/datasets_yolo/ExDark_YOLO/images/train/2015_00417.jpg,3,0.143063,7,1,1
/root/private_data/lowlight-object-detection/datasets_yolo/ExDark_YOLO/images/train/2015_00418.jpg,2,0.206942,5,1,1
/root/private_data/lowlight-object-detection/datasets_yolo/ExDark_YOLO/images/train/2015_00420.jpg,1,0.355934,8,1,0
/root/private_data/lowlight-object-detection/datasets_yolo/ExDark_YOLO/images/train/2015_00421.jpg,2,0.210212,6,1,1
/root/private_data/lowlight-object-detection/datasets_yolo/ExDark_YOLO/images/train/2015_00422.jpg,1,0.225470,2,0,1
/root/private_data/lowlight-object-detection/datasets_yolo/ExDark_YOLO/images/train/2015_00423.jpg,1,0.188924,4,0,1
/root/private_data/lowlight-object-detection/datasets_yolo/ExDark_YOLO/images/train/2015_00424.jpg,3,0.170390,4,1,1
/root/private_data/lowlight-object-detection/datasets_yolo/ExDark_YOLO/images/train/2015_00425.jpg,1,0.260033,2,0,1
/root/private_data/lowlight-object-detection/datasets_yolo/ExDark_YOLO/images/train/2015_00426.jpg,1,0.202231,7,0,1
/root/private_data/lowlight-object-detection/datasets_yolo/ExDark_YOLO/images/train/2015_00427.jpg,1,0.242091,5,0,1
/root/private_data/lowlight-object-detection/datasets_yolo/ExDark_YOLO/images/train/2015_00428.jpg,3,0.103020,17,1,1
/root/private_data/lowlight-object-detection/datasets_yolo/ExDark_YOLO/images/train/2015_00429.jpg,1,0.215012,2,0,1
/root/private_data/lowlight-object-detection/datasets_yolo/ExDark_YOLO/images/train/2015_00430.jpg,1,0.153701,2,0,1
/root/private_data/lowlight-object-detection/datasets_yolo/ExDark_YOLO/images/train/2015_00431.jpg,1,0.052562,4,0,1
/root/private_data/lowlight-object-detection/datasets_yolo/ExDark_YOLO/images/train/2015_00432.jpg,1,0.090239,8,0,1
/root/private_data/lowlight-object-detection/datasets_yolo/ExDark_YOLO/images/train/2015_00433.jpg,1,0.079119,7,0,1
/root/private_data/lowlight-object-detection/datasets_yolo/ExDark_YOLO/images/train/2015_00434.jpg,1,0.047567,7,0,1
/root/private_data/lowlight-object-detection/datasets_yolo/ExDark_YOLO/images/train/2015_00435.jpg,1,0.049144,1,0,1
/root/private_data/lowlight-object-detection/datasets_yolo/ExDark_YOLO/images/train/2015_00436.JPEG,3,0.139405,22,1,1
/root/private_data/lowlight-object-detection/datasets_yolo/ExDark_YOLO/images/train/2015_00437.JPEG,1,0.190915,3,0,1
/root/private_data/lowlight-object-detection/datasets_yolo/ExDark_YOLO/images/train/2015_00439.JPEG,1,0.159908,1,0,1
/root/private_data/lowlight-object-detection/datasets_yolo/ExDark_YOLO/images/train/2015_00440.JPEG,2,0.224669,10,1,1
/root/private_data/lowlight-object-detection/datasets_yolo/ExDark_YOLO/images/train/2015_00442.JPEG,2,0.293511,2,1,1
/root/private_data/lowlight-object-detection/datasets_yolo/ExDark_YOLO/images/train/2015_00443.JPEG,1,0.252291,3,0,1
/root/private_data/lowlight-object-detection/datasets_yolo/ExDark_YOLO/images/train/2015_00444.jpg,1,0.188166,3,0,1
/root/private_data/lowlight-object-detection/datasets_yolo/ExDark_YOLO/images/train/2015_00445.JPEG,3,0.178237,12,1,1
/root/private_data/lowlight-object-detection/datasets_yolo/ExDark_YOLO/images/train/2015_00447.jpg,1,0.063849,2,0,1
/root/private_data/lowlight-object-detection/datasets_yolo/ExDark_YOLO/images/train/2015_00448.jpg,1,0.072202,2,0,1
/root/private_data/lowlight-object-detection/datasets_yolo/ExDark_YOLO/images/train/2015_00449.JPG,1,0.035197,2,0,1
/root/private_data/lowlight-object-detection/datasets_yolo/ExDark_YOLO/images/train/2015_00450.jpg,1,0.156478,3,0,1
/root/private_data/lowlight-object-detection/datasets_yolo/ExDark_YOLO/images/train/2015_00452.JPG,2,0.126920,4,1,1
/root/private_data/lowlight-object-detection/datasets_yolo/ExDark_YOLO/images/train/2015_00453.JPG,2,0.252610,7,1,1
/root/private_data/lowlight-object-detection/datasets_yolo/ExDark_YOLO/images/train/2015_00454.JPG,2,0.215486,5,1,1
/root/private_data/lowlight-object-detection/datasets_yolo/ExDark_YOLO/images/train/2015_00455.JPG,1,0.161490,4,0,1
/root/private_data/lowlight-object-detection/datasets_yolo/ExDark_YOLO/images/train/2015_00456.JPG,2,0.061570,3,1,1
/root/private_data/lowlight-object-detection/datasets_yolo/ExDark_YOLO/images/train/2015_00457.JPG,3,0.101512,6,1,1
/root/private_data/lowlight-object-detection/datasets_yolo/ExDark_YOLO/images/train/2015_00458.JPG,2,0.184077,4,1,1
/root/private_data/lowlight-object-detection/datasets_yolo/ExDark_YOLO/images/train/2015_00459.JPG,3,0.134224,3,1,1
/root/private_data/lowlight-object-detection/datasets_yolo/ExDark_YOLO/images/train/2015_00460.JPG,1,0.205817,2,0,1
/root/private_data/lowlight-object-detection/datasets_yolo/ExDark_YOLO/images/train/2015_00461.jpg,3,0.178747,3,1,1
/root/private_data/lowlight-object-detection/datasets_yolo/ExDark_YOLO/images/train/2015_00462.jpg,2,0.296553,8,1,1
/root/private_data/lowlight-object-detection/datasets_yolo/ExDark_YOLO/images/train/2015_00463.jpg,2,0.205821,6,1,1
/root/private_data/lowlight-object-detection/datasets_yolo/ExDark_YOLO/images/train/2015_00464.jpg,2,0.106186,5,1,1
/root/private_data/lowlight-object-detection/datasets_yolo/ExDark_YOLO/images/train/2015_00465.jpeg,1,0.132017,4,0,1
/root/private_data/lowlight-object-detection/datasets_yolo/ExDark_YOLO/images/train/2015_00466.jpg,2,0.061298,8,1,1
/root/private_data/lowlight-object-detection/datasets_yolo/ExDark_YOLO/images/train/2015_00467.jpg,1,0.041394,4,0,1
/root/private_data/lowlight-object-detection/datasets_yolo/ExDark_YOLO/images/train/2015_00468.jpg,1,0.127061,2,0,1
/root/private_data/lowlight-object-detection/datasets_yolo/ExDark_YOLO/images/train/2015_00469.jpg,1,0.053373,5,0,1
/root/private_data/lowlight-object-detection/datasets_yolo/ExDark_YOLO/images/train/2015_00470.jpg,1,0.084050,9,0,1
/root/private_data/lowlight-object-detection/datasets_yolo/ExDark_YOLO/images/train/2015_00471.jpg,2,0.079489,6,1,1
/root/private_data/lowlight-object-detection/datasets_yolo/ExDark_YOLO/images/train/2015_00472.jpg,2,0.044224,5,1,1
/root/private_data/lowlight-object-detection/datasets_yolo/ExDark_YOLO/images/train/2015_00473.jpg,3,0.107374,7,1,1
/root/private_data/lowlight-object-detection/datasets_yolo/ExDark_YOLO/images/train/2015_00474.jpg,1,0.059874,4,0,1
/root/private_data/lowlight-object-detection/datasets_yolo/ExDark_YOLO/images/train/2015_00475.jpg,1,0.053077,1,0,1
/root/private_data/lowlight-object-detection/datasets_yolo/ExDark_YOLO/images/train/2015_00476.jpg,1,0.090005,4,0,1
/root/private_data/lowlight-object-detection/datasets_yolo/ExDark_YOLO/images/train/2015_00477.jpg,1,0.324642,3,0,0
/root/private_data/lowlight-object-detection/datasets_yolo/ExDark_YOLO/images/train/2015_00480.jpg,1,0.090831,2,0,1
/root/private_data/lowlight-object-detection/datasets_yolo/ExDark_YOLO/images/train/2015_00481.jpg,1,0.212947,1,0,1
/root/private_data/lowlight-object-detection/datasets_yolo/ExDark_YOLO/images/train/2015_00482.jpg,2,0.260341,4,1,1
/root/private_data/lowlight-object-detection/datasets_yolo/ExDark_YOLO/images/train/2015_00483.jpg,1,0.197761,2,0,1
/root/private_data/lowlight-object-detection/datasets_yolo/ExDark_YOLO/images/train/2015_00484.jpg,1,0.300860,2,0,0
/root/private_data/lowlight-object-detection/datasets_yolo/ExDark_YOLO/images/train/2015_00485.jpg,2,0.204993,3,1,1
/root/private_data/lowlight-object-detection/datasets_yolo/ExDark_YOLO/images/train/2015_00487.jpg,1,0.133560,2,0,1
/root/private_data/lowlight-object-detection/datasets_yolo/ExDark_YOLO/images/train/2015_00489.jpg,1,0.239119,1,0,1
/root/private_data/lowlight-object-detection/datasets_yolo/ExDark_YOLO/images/train/2015_00490.jpg,2,0.085740,5,1,1
/root/private_data/lowlight-object-detection/datasets_yolo/ExDark_YOLO/images/train/2015_00491.jpg,1,0.198315,4,0,1
/root/private_data/lowlight-object-detection/datasets_yolo/ExDark_YOLO/images/train/2015_00492.jpg,1,0.152282,1,0,1
/root/private_data/lowlight-object-detection/datasets_yolo/ExDark_YOLO/images/train/2015_00493.jpg,1,0.202264,1,0,1
/root/private_data/lowlight-object-detection/datasets_yolo/ExDark_YOLO/images/train/2015_00494.jpg,1,0.051220,1,0,1
/root/private_data/lowlight-object-detection/datasets_yolo/ExDark_YOLO/images/train/2015_00495.jpg,1,0.061057,1,0,1
/root/private_data/lowlight-object-detection/datasets_yolo/ExDark_YOLO/images/train/2015_00496.jpg,1,0.109772,1,0,1
/root/private_data/lowlight-object-detection/datasets_yolo/ExDark_YOLO/images/train/2015_00497.jpg,1,0.098858,1,0,1
/root/private_data/lowlight-object-detection/datasets_yolo/ExDark_YOLO/images/train/2015_00498.jpg,3,0.138681,3,1,1
/root/private_data/lowlight-object-detection/datasets_yolo/ExDark_YOLO/images/train/2015_00499.jpg,1,0.102321,5,0,1
/root/private_data/lowlight-object-detection/datasets_yolo/ExDark_YOLO/images/train/2015_00500.jpg,1,0.108903,2,0,1
/root/private_data/lowlight-object-detection/datasets_yolo/ExDark_YOLO/images/train/2015_00502.jpg,1,0.396095,1,0,0
/root/private_data/lowlight-object-detection/datasets_yolo/ExDark_YOLO/images/train/2015_00505.png,1,0.122688,1,0,1
/root/private_data/lowlight-object-detection/datasets_yolo/ExDark_YOLO/images/train/2015_00506.png,1,0.170832,1,0,1
/root/private_data/lowlight-object-detection/datasets_yolo/ExDark_YOLO/images/train/2015_00507.png,1,0.158554,1,0,1
/root/private_data/lowlight-object-detection/datasets_yolo/ExDark_YOLO/images/train/2015_00508.jpg,1,0.100966,4,0,1
/root/private_data/lowlight-object-detection/datasets_yolo/ExDark_YOLO/images/train/2015_00509.jpg,1,0.071548,2,0,1
/root/private_data/lowlight-object-detection/datasets_yolo/ExDark_YOLO/images/train/2015_00511.jpg,1,0.105231,1,0,1
/root/private_data/lowlight-object-detection/datasets_yolo/ExDark_YOLO/images/train/2015_00512.jpg,1,0.048481,2,0,1
/root/private_data/lowlight-object-detection/datasets_yolo/ExDark_YOLO/images/train/2015_00513.jpg,1,0.050461,1,0,1
/root/private_data/lowlight-object-detection/datasets_yolo/ExDark_YOLO/images/train/2015_00515.jpg,1,0.133848,1,0,1
/root/private_data/lowlight-object-detection/datasets_yolo/ExDark_YOLO/images/train/2015_00516.jpg,1,0.106681,1,0,1
/root/private_data/lowlight-object-detection/datasets_yolo/ExDark_YOLO/images/train/2015_00517.jpg,1,0.122036,1,0,1
/root/private_data/lowlight-object-detection/datasets_yolo/ExDark_YOLO/images/train/2015_00518.jpg,1,0.200610,1,0,1
/root/private_data/lowlight-object-detection/datasets_yolo/ExDark_YOLO/images/train/2015_00519.jpg,1,0.114458,1,0,1
/root/private_data/lowlight-object-detection/datasets_yolo/ExDark_YOLO/images/train/2015_00520.jpg,1,0.103189,3,0,1
/root/private_data/lowlight-object-detection/datasets_yolo/ExDark_YOLO/images/train/2015_00521.jpg,1,0.172148,1,0,1
/root/private_data/lowlight-object-detection/datasets_yolo/ExDark_YOLO/images/train/2015_00522.jpg,1,0.049202,3,0,1
/root/private_data/lowlight-object-detection/datasets_yolo/ExDark_YOLO/images/train/2015_00523.jpg,1,0.152685,1,0,1
/root/private_data/lowlight-object-detection/datasets_yolo/ExDark_YOLO/images/train/2015_00525.jpg,1,0.080637,3,0,1
/root/private_data/lowlight-object-detection/datasets_yolo/ExDark_YOLO/images/train/2015_00526.jpg,1,0.164555,2,0,1
/root/private_data/lowlight-object-detection/datasets_yolo/ExDark_YOLO/images/train/2015_00527.jpg,1,0.031541,4,0,1
/root/private_data/lowlight-object-detection/datasets_yolo/ExDark_YOLO/images/train/2015_00528.jpg,3,0.106355,3,1,1
/root/private_data/lowlight-object-detection/datasets_yolo/ExDark_YOLO/images/train/2015_00529.jpg,1,0.046272,2,0,1
/root/private_data/lowlight-object-detection/datasets_yolo/ExDark_YOLO/images/train/2015_00531.jpg,1,0.121273,3,0,1
/root/private_data/lowlight-object-detection/datasets_yolo/ExDark_YOLO/images/train/2015_00532.jpg,1,0.103969,5,0,1
/root/private_data/lowlight-object-detection/datasets_yolo/ExDark_YOLO/images/train/2015_00533.jpg,1,0.143943,3,0,1
/root/private_data/lowlight-object-detection/datasets_yolo/ExDark_YOLO/images/train/2015_00534.jpg,1,0.218231,2,0,1
/root/private_data/lowlight-object-detection/datasets_yolo/ExDark_YOLO/images/train/2015_00535.jpg,3,0.130566,6,1,1
/root/private_data/lowlight-object-detection/datasets_yolo/ExDark_YOLO/images/train/2015_00536.jpg,3,0.144908,14,1,1
/root/private_data/lowlight-object-detection/datasets_yolo/ExDark_YOLO/images/train/2015_00538.jpg,1,0.213312,4,0,1
/root/private_data/lowlight-object-detection/datasets_yolo/ExDark_YOLO/images/train/2015_00539.jpg,1,0.179144,2,0,1
/root/private_data/lowlight-object-detection/datasets_yolo/ExDark_YOLO/images/train/2015_00540.jpg,1,0.132491,2,0,1
/root/private_data/lowlight-object-detection/datasets_yolo/ExDark_YOLO/images/train/2015_00541.jpg,2,0.261654,6,1,1
/root/private_data/lowlight-object-detection/datasets_yolo/ExDark_YOLO/images/train/2015_00542.jpg,1,0.055867,10,0,1
/root/private_data/lowlight-object-detection/datasets_yolo/ExDark_YOLO/images/train/2015_00543.jpg,1,0.027469,1,0,1
/root/private_data/lowlight-object-detection/datasets_yolo/ExDark_YOLO/images/train/2015_00544.jpg,1,0.038808,1,0,1
/root/private_data/lowlight-object-detection/datasets_yolo/ExDark_YOLO/images/train/2015_00546.jpg,3,0.161756,3,1,1
/root/private_data/lowlight-object-detection/datasets_yolo/ExDark_YOLO/images/train/2015_00547.jpg,1,0.172144,4,0,1
/root/private_data/lowlight-object-detection/datasets_yolo/ExDark_YOLO/images/train/2015_00549.jpg,1,0.172293,2,0,1
/root/private_data/lowlight-object-detection/datasets_yolo/ExDark_YOLO/images/train/2015_00550.jpg,1,0.085927,2,0,1
/root/private_data/lowlight-object-detection/datasets_yolo/ExDark_YOLO/images/train/2015_00551.jpg,1,0.317178,1,0,0
/root/private_data/lowlight-object-detection/datasets_yolo/ExDark_YOLO/images/train/2015_00552.jpg,1,0.169342,1,0,1
/root/private_data/lowlight-object-detection/datasets_yolo/ExDark_YOLO/images/train/2015_00553.jpg,1,0.180445,1,0,1
/root/private_data/lowlight-object-detection/datasets_yolo/ExDark_YOLO/images/train/2015_00554.jpg,1,0.106764,11,0,1
/root/private_data/lowlight-object-detection/datasets_yolo/ExDark_YOLO/images/train/2015_00555.jpg,1,0.140487,1,0,1
/root/private_data/lowlight-object-detection/datasets_yolo/ExDark_YOLO/images/train/2015_00556.jpg,2,0.268278,7,1,1
/root/private_data/lowlight-object-detection/datasets_yolo/ExDark_YOLO/images/train/2015_00557.jpg,1,0.234142,1,0,1
/root/private_data/lowlight-object-detection/datasets_yolo/ExDark_YOLO/images/train/2015_00558.jpg,1,0.189094,3,0,1
/root/private_data/lowlight-object-detection/datasets_yolo/ExDark_YOLO/images/train/2015_00559.jpg,1,0.123601,1,0,1
/root/private_data/lowlight-object-detection/datasets_yolo/ExDark_YOLO/images/train/2015_00560.jpg,1,0.201441,2,0,1
/root/private_data/lowlight-object-detection/datasets_yolo/ExDark_YOLO/images/train/2015_00561.jpg,1,0.083290,2,0,1
/root/private_data/lowlight-object-detection/datasets_yolo/ExDark_YOLO/images/train/2015_00562.jpg,3,0.112965,15,1,1
/root/private_data/lowlight-object-detection/datasets_yolo/ExDark_YOLO/images/train/2015_00563.jpg,1,0.244629,2,0,1
/root/private_data/lowlight-object-detection/datasets_yolo/ExDark_YOLO/images/train/2015_00564.jpg,1,0.101048,1,0,1
/root/private_data/lowlight-object-detection/datasets_yolo/ExDark_YOLO/images/train/2015_00565.jpg,1,0.201578,6,0,1
/root/private_data/lowlight-object-detection/datasets_yolo/ExDark_YOLO/images/train/2015_00566.jpg,1,0.227049,3,0,1
/root/private_data/lowlight-object-detection/datasets_yolo/ExDark_YOLO/images/train/2015_00567.jpg,2,0.098745,6,1,1
/root/private_data/lowlight-object-detection/datasets_yolo/ExDark_YOLO/images/train/2015_00569.jpg,1,0.184638,4,0,1
/root/private_data/lowlight-object-detection/datasets_yolo/ExDark_YOLO/images/train/2015_00570.jpg,1,0.143455,1,0,1
/root/private_data/lowlight-object-detection/datasets_yolo/ExDark_YOLO/images/train/2015_00571.jpg,2,0.209883,2,1,1
/root/private_data/lowlight-object-detection/datasets_yolo/ExDark_YOLO/images/train/2015_00572.jpg,1,0.096416,1,0,1
/root/private_data/lowlight-object-detection/datasets_yolo/ExDark_YOLO/images/train/2015_00573.jpg,1,0.387884,2,0,0
/root/private_data/lowlight-object-detection/datasets_yolo/ExDark_YOLO/images/train/2015_00574.jpg,1,0.084681,2,0,1
/root/private_data/lowlight-object-detection/datasets_yolo/ExDark_YOLO/images/train/2015_00575.jpg,1,0.133914,4,0,1
/root/private_data/lowlight-object-detection/datasets_yolo/ExDark_YOLO/images/train/2015_00576.jpg,1,0.090954,2,0,1
/root/private_data/lowlight-object-detection/datasets_yolo/ExDark_YOLO/images/train/2015_00577.jpg,1,0.052320,1,0,1
/root/private_data/lowlight-object-detection/datasets_yolo/ExDark_YOLO/images/train/2015_00580.jpg,1,0.143629,9,0,1
/root/private_data/lowlight-object-detection/datasets_yolo/ExDark_YOLO/images/train/2015_00581.jpg,3,0.101928,2,1,1
/root/private_data/lowlight-object-detection/datasets_yolo/ExDark_YOLO/images/train/2015_00582.jpg,1,0.247906,2,0,1
/root/private_data/lowlight-object-detection/datasets_yolo/ExDark_YOLO/images/train/2015_00583.jpg,1,0.096598,2,0,1
/root/private_data/lowlight-object-detection/datasets_yolo/ExDark_YOLO/images/train/2015_00584.jpg,1,0.267261,2,0,1
/root/private_data/lowlight-object-detection/datasets_yolo/ExDark_YOLO/images/train/2015_00585.jpg,2,0.194629,4,1,1
/root/private_data/lowlight-object-detection/datasets_yolo/ExDark_YOLO/images/train/2015_00586.jpg,1,0.338209,5,1,0
/root/private_data/lowlight-object-detection/datasets_yolo/ExDark_YOLO/images/train/2015_00587.JPEG,1,0.157191,3,0,1
/root/private_data/lowlight-object-detection/datasets_yolo/ExDark_YOLO/images/train/2015_00589.JPEG,1,0.070630,3,0,1
/root/private_data/lowlight-object-detection/datasets_yolo/ExDark_YOLO/images/train/2015_00590.JPEG,1,0.086302,3,0,1
/root/private_data/lowlight-object-detection/datasets_yolo/ExDark_YOLO/images/train/2015_00591.JPEG,1,0.136392,10,0,1
/root/private_data/lowlight-object-detection/datasets_yolo/ExDark_YOLO/images/train/2015_00595.jpg,3,0.138524,6,1,1
/root/private_data/lowlight-object-detection/datasets_yolo/ExDark_YOLO/images/train/2015_00596.jpg,1,0.172015,1,0,1
/root/private_data/lowlight-object-detection/datasets_yolo/ExDark_YOLO/images/train/2015_00597.jpg,2,0.114299,6,1,1
/root/private_data/lowlight-object-detection/datasets_yolo/ExDark_YOLO/images/train/2015_00598.jpg,1,0.135266,4,0,1
/root/private_data/lowlight-object-detection/datasets_yolo/ExDark_YOLO/images/train/2015_00599.jpg,1,0.191828,1,0,1
/root/private_data/lowlight-object-detection/datasets_yolo/ExDark_YOLO/images/train/2015_00600.jpg,1,0.061594,1,0,1
/root/private_data/lowlight-object-detection/datasets_yolo/ExDark_YOLO/images/train/2015_00601.jpg,2,0.219073,10,1,1
/root/private_data/lowlight-object-detection/datasets_yolo/ExDark_YOLO/images/train/2015_00603.jpg,1,0.191302,1,0,1
/root/private_data/lowlight-object-detection/datasets_yolo/ExDark_YOLO/images/train/2015_00604.jpg,3,0.137633,7,1,1
/root/private_data/lowlight-object-detection/datasets_yolo/ExDark_YOLO/images/train/2015_00605.jpg,1,0.143968,2,0,1
/root/private_data/lowlight-object-detection/datasets_yolo/ExDark_YOLO/images/train/2015_00606.jpg,1,0.094722,1,0,1
/root/private_data/lowlight-object-detection/datasets_yolo/ExDark_YOLO/images/train/2015_00607.jpg,1,0.097878,2,0,1
/root/private_data/lowlight-object-detection/datasets_yolo/ExDark_YOLO/images/train/2015_00608.png,3,0.056803,9,1,1
/root/private_data/lowlight-object-detection/datasets_yolo/ExDark_YOLO/images/train/2015_00609.jpg,1,0.084777,1,0,1
/root/private_data/lowlight-object-detection/datasets_yolo/ExDark_YOLO/images/train/2015_00610.jpg,3,0.158724,2,1,1
/root/private_data/lowlight-object-detection/datasets_yolo/ExDark_YOLO/images/train/2015_00611.jpg,1,0.073462,2,0,1
/root/private_data/lowlight-object-detection/datasets_yolo/ExDark_YOLO/images/train/2015_00613.jpg,1,0.045898,2,0,1
/root/private_data/lowlight-object-detection/datasets_yolo/ExDark_YOLO/images/train/2015_00615.jpg,1,0.106194,1,0,1
/root/private_data/lowlight-object-detection/datasets_yolo/ExDark_YOLO/images/train/2015_00617.jpg,2,0.171561,8,1,1
/root/private_data/lowlight-object-detection/datasets_yolo/ExDark_YOLO/images/train/2015_00618.jpg,1,0.191524,3,0,1
/root/private_data/lowlight-object-detection/datasets_yolo/ExDark_YOLO/images/train/2015_00620.jpg,1,0.282543,2,0,1
/root/private_data/lowlight-object-detection/datasets_yolo/ExDark_YOLO/images/train/2015_00621.jpg,1,0.063404,1,0,1
/root/private_data/lowlight-object-detection/datasets_yolo/ExDark_YOLO/images/train/2015_00623.jpg,1,0.113039,1,0,1
/root/private_data/lowlight-object-detection/datasets_yolo/ExDark_YOLO/images/train/2015_00625.jpg,1,0.075931,1,0,1
/root/private_data/lowlight-object-detection/datasets_yolo/ExDark_YOLO/images/train/2015_00626.jpg,1,0.175585,1,0,1
/root/private_data/lowlight-object-detection/datasets_yolo/ExDark_YOLO/images/train/2015_00628.jpg,1,0.049095,1,0,1
/root/private_data/lowlight-object-detection/datasets_yolo/ExDark_YOLO/images/train/2015_00629.jpg,1,0.066329,2,0,1
/root/private_data/lowlight-object-detection/datasets_yolo/ExDark_YOLO/images/train/2015_00630.jpg,2,0.177681,2,1,1
/root/private_data/lowlight-object-detection/datasets_yolo/ExDark_YOLO/images/train/2015_00631.jpg,1,0.157643,1,0,1
/root/private_data/lowlight-object-detection/datasets_yolo/ExDark_YOLO/images/train/2015_00633.jpg,3,0.150563,10,1,1
/root/private_data/lowlight-object-detection/datasets_yolo/ExDark_YOLO/images/train/2015_00635.jpg,1,0.259127,1,0,1
/root/private_data/lowlight-object-detection/datasets_yolo/ExDark_YOLO/images/train/2015_00637.jpg,3,0.088612,5,1,1
/root/private_data/lowlight-object-detection/datasets_yolo/ExDark_YOLO/images/train/2015_00638.jpg,3,0.116985,3,1,1
/root/private_data/lowlight-object-detection/datasets_yolo/ExDark_YOLO/images/train/2015_00640.jpg,1,0.067430,1,0,1
/root/private_data/lowlight-object-detection/datasets_yolo/ExDark_YOLO/images/train/2015_00641.jpg,1,0.094558,3,0,1
/root/private_data/lowlight-object-detection/datasets_yolo/ExDark_YOLO/images/train/2015_00643.jpg,1,0.137330,1,0,1
/root/private_data/lowlight-object-detection/datasets_yolo/ExDark_YOLO/images/train/2015_00644.jpg,1,0.307302,6,1,0
/root/private_data/lowlight-object-detection/datasets_yolo/ExDark_YOLO/images/train/2015_00645.png,3,0.126444,4,1,1
/root/private_data/lowlight-object-detection/datasets_yolo/ExDark_YOLO/images/train/2015_00646.png,3,0.101396,4,1,1
/root/private_data/lowlight-object-detection/datasets_yolo/ExDark_YOLO/images/train/2015_00647.png,2,0.060461,6,1,1
/root/private_data/lowlight-object-detection/datasets_yolo/ExDark_YOLO/images/train/2015_00648.png,1,0.117035,3,0,1
/root/private_data/lowlight-object-detection/datasets_yolo/ExDark_YOLO/images/train/2015_00649.png,1,0.112804,2,0,1
/root/private_data/lowlight-object-detection/datasets_yolo/ExDark_YOLO/images/train/2015_00650.jpg,3,0.100997,4,1,1
/root/private_data/lowlight-object-detection/datasets_yolo/ExDark_YOLO/images/train/2015_00652.jpg,2,0.241782,8,1,1
/root/private_data/lowlight-object-detection/datasets_yolo/ExDark_YOLO/images/train/2015_00653.jpg,1,0.380710,1,0,0
/root/private_data/lowlight-object-detection/datasets_yolo/ExDark_YOLO/images/train/2015_00654.jpg,1,0.106424,2,0,1
/root/private_data/lowlight-object-detection/datasets_yolo/ExDark_YOLO/images/train/2015_00656.jpg,1,0.169805,1,0,1
/root/private_data/lowlight-object-detection/datasets_yolo/ExDark_YOLO/images/train/2015_00657.jpg,1,0.465080,2,0,0
/root/private_data/lowlight-object-detection/datasets_yolo/ExDark_YOLO/images/train/2015_00658.jpg,1,0.403739,2,0,0
/root/private_data/lowlight-object-detection/datasets_yolo/ExDark_YOLO/images/train/2015_00659.jpg,1,0.378347,2,1,0
/root/private_data/lowlight-object-detection/datasets_yolo/ExDark_YOLO/images/train/2015_00660.jpg,1,0.111461,2,0,1
/root/private_data/lowlight-object-detection/datasets_yolo/ExDark_YOLO/images/train/2015_00661.jpg,1,0.156250,1,0,1
/root/private_data/lowlight-object-detection/datasets_yolo/ExDark_YOLO/images/train/2015_00662.jpg,2,0.215426,6,1,1
/root/private_data/lowlight-object-detection/datasets_yolo/ExDark_YOLO/images/train/2015_00664.jpg,1,0.161404,2,0,1
/root/private_data/lowlight-object-detection/datasets_yolo/ExDark_YOLO/images/train/2015_00666.jpg,1,0.158372,2,0,1
/root/private_data/lowlight-object-detection/datasets_yolo/ExDark_YOLO/images/train/2015_00667.jpg,1,0.146469,1,0,1
/root/private_data/lowlight-object-detection/datasets_yolo/ExDark_YOLO/images/train/2015_00668.jpg,1,0.231327,2,0,1
/root/private_data/lowlight-object-detection/datasets_yolo/ExDark_YOLO/images/train/2015_00669.jpg,1,0.190093,2,0,1
/root/private_data/lowlight-object-detection/datasets_yolo/ExDark_YOLO/images/train/2015_00670.jpg,3,0.124792,4,1,1
/root/private_data/lowlight-object-detection/datasets_yolo/ExDark_YOLO/images/train/2015_00671.jpg,1,0.245947,1,0,1
/root/private_data/lowlight-object-detection/datasets_yolo/ExDark_YOLO/images/train/2015_00672.jpg,1,0.173522,1,0,1
/root/private_data/lowlight-object-detection/datasets_yolo/ExDark_YOLO/images/train/2015_00673.jpg,1,0.108325,1,0,1
/root/private_data/lowlight-object-detection/datasets_yolo/ExDark_YOLO/images/train/2015_00674.jpg,1,0.119452,1,0,1
/root/private_data/lowlight-object-detection/datasets_yolo/ExDark_YOLO/images/train/2015_00676.jpg,1,0.068307,2,0,1
/root/private_data/lowlight-object-detection/datasets_yolo/ExDark_YOLO/images/train/2015_00677.jpg,1,0.185463,1,0,1
/root/private_data/lowlight-object-detection/datasets_yolo/ExDark_YOLO/images/train/2015_00678.jpg,1,0.158152,1,0,1
/root/private_data/lowlight-object-detection/datasets_yolo/ExDark_YOLO/images/train/2015_00680.jpg,1,0.193044,1,0,1
/root/private_data/lowlight-object-detection/datasets_yolo/ExDark_YOLO/images/train/2015_00682.jpg,1,0.383573,2,1,0
/root/private_data/lowlight-object-detection/datasets_yolo/ExDark_YOLO/images/train/2015_00684.jpg,1,0.232346,2,0,1
/root/private_data/lowlight-object-detection/datasets_yolo/ExDark_YOLO/images/train/2015_00685.jpg,1,0.142610,2,0,1
/root/private_data/lowlight-object-detection/datasets_yolo/ExDark_YOLO/images/train/2015_00686.jpg,1,0.101234,3,0,1
/root/private_data/lowlight-object-detection/datasets_yolo/ExDark_YOLO/images/train/2015_00688.jpg,1,0.261243,1,0,1
/root/private_data/lowlight-object-detection/datasets_yolo/ExDark_YOLO/images/train/2015_00689.jpg,1,0.369357,2,0,0
/root/private_data/lowlight-object-detection/datasets_yolo/ExDark_YOLO/images/train/2015_00690.jpg,2,0.220886,3,1,1
/root/private_data/lowlight-object-detection/datasets_yolo/ExDark_YOLO/images/train/2015_00691.jpg,1,0.164371,1,0,1
/root/private_data/lowlight-object-detection/datasets_yolo/ExDark_YOLO/images/train/2015_00693.jpg,1,0.216003,1,0,1
/root/private_data/lowlight-object-detection/datasets_yolo/ExDark_YOLO/images/train/2015_00694.jpg,3,0.125117,14,1,1
/root/private_data/lowlight-object-detection/datasets_yolo/ExDark_YOLO/images/train/2015_00695.jpg,3,0.141916,8,1,1
/root/private_data/lowlight-object-detection/datasets_yolo/ExDark_YOLO/images/train/2015_00696.jpg,1,0.330693,1,0,0
/root/private_data/lowlight-object-detection/datasets_yolo/ExDark_YOLO/images/train/2015_00697.jpg,2,0.135651,3,1,1
/root/private_data/lowlight-object-detection/datasets_yolo/ExDark_YOLO/images/train/2015_00698.jpg,1,0.154701,1,0,1
/root/private_data/lowlight-object-detection/datasets_yolo/ExDark_YOLO/images/train/2015_00699.jpg,1,0.185505,1,0,1
/root/private_data/lowlight-object-detection/datasets_yolo/ExDark_YOLO/images/train/2015_00700.jpg,2,0.195016,6,1,1
/root/private_data/lowlight-object-detection/datasets_yolo/ExDark_YOLO/images/train/2015_00701.jpg,2,0.134854,7,1,1
/root/private_data/lowlight-object-detection/datasets_yolo/ExDark_YOLO/images/train/2015_00702.jpg,1,0.300622,1,0,0
/root/private_data/lowlight-object-detection/datasets_yolo/ExDark_YOLO/images/train/2015_00703.jpg,1,0.196402,2,0,1
/root/private_data/lowlight-object-detection/datasets_yolo/ExDark_YOLO/images/train/2015_00704.jpg,3,0.158397,4,1,1
/root/private_data/lowlight-object-detection/datasets_yolo/ExDark_YOLO/images/train/2015_00706.jpg,1,0.263716,3,0,1
/root/private_data/lowlight-object-detection/datasets_yolo/ExDark_YOLO/images/train/2015_00707.jpg,1,0.317968,5,1,0
/root/private_data/lowlight-object-detection/datasets_yolo/ExDark_YOLO/images/train/2015_00708.jpg,1,0.084201,2,0,1
/root/private_data/lowlight-object-detection/datasets_yolo/ExDark_YOLO/images/train/2015_00709.jpg,3,0.081257,4,1,1
/root/private_data/lowlight-object-detection/datasets_yolo/ExDark_YOLO/images/train/2015_00710.jpg,3,0.110923,6,1,1
/root/private_data/lowlight-object-detection/datasets_yolo/ExDark_YOLO/images/train/2015_00711.jpg,2,0.202868,12,1,1
/root/private_data/lowlight-object-detection/datasets_yolo/ExDark_YOLO/images/train/2015_00712.jpg,2,0.217119,3,1,1
/root/private_data/lowlight-object-detection/datasets_yolo/ExDark_YOLO/images/train/2015_00713.jpg,1,0.232241,2,0,1
/root/private_data/lowlight-object-detection/datasets_yolo/ExDark_YOLO/images/train/2015_00714.jpg,1,0.122139,2,0,1
/root/private_data/lowlight-object-detection/datasets_yolo/ExDark_YOLO/images/train/2015_00716.jpg,1,0.269199,3,0,1
/root/private_data/lowlight-object-detection/datasets_yolo/ExDark_YOLO/images/train/2015_00718.jpg,2,0.170985,4,1,1
/root/private_data/lowlight-object-detection/datasets_yolo/ExDark_YOLO/images/train/2015_00719.jpg,1,0.200300,4,0,1
/root/private_data/lowlight-object-detection/datasets_yolo/ExDark_YOLO/images/train/2015_00720.jpg,3,0.178500,5,1,1
/root/private_data/lowlight-object-detection/datasets_yolo/ExDark_YOLO/images/train/2015_00722.jpg,3,0.116071,10,1,1
/root/private_data/lowlight-object-detection/datasets_yolo/ExDark_YOLO/images/train/2015_00723.jpg,1,0.317210,1,0,0
/root/private_data/lowlight-object-detection/datasets_yolo/ExDark_YOLO/images/train/2015_00724.jpg,2,0.226176,6,1,1
/root/private_data/lowlight-object-detection/datasets_yolo/ExDark_YOLO/images/train/2015_00725.jpg,1,0.151642,3,0,1
/root/private_data/lowlight-object-detection/datasets_yolo/ExDark_YOLO/images/train/2015_00726.jpg,1,0.163792,1,0,1
/root/private_data/lowlight-object-detection/datasets_yolo/ExDark_YOLO/images/train/2015_00727.jpg,1,0.149307,2,0,1
/root/private_data/lowlight-object-detection/datasets_yolo/ExDark_YOLO/images/train/2015_00728.jpg,1,0.065748,2,0,1
/root/private_data/lowlight-object-detection/datasets_yolo/ExDark_YOLO/images/train/2015_00729.jpg,2,0.190919,5,1,1
/root/private_data/lowlight-object-detection/datasets_yolo/ExDark_YOLO/images/train/2015_00730.jpg,2,0.081484,2,1,1
/root/private_data/lowlight-object-detection/datasets_yolo/ExDark_YOLO/images/train/2015_00733.jpg,1,0.182877,1,0,1
/root/private_data/lowlight-object-detection/datasets_yolo/ExDark_YOLO/images/train/2015_00734.jpg,1,0.272862,2,0,1
/root/private_data/lowlight-object-detection/datasets_yolo/ExDark_YOLO/images/train/2015_00735.jpg,1,0.421514,2,0,0
/root/private_data/lowlight-object-detection/datasets_yolo/ExDark_YOLO/images/train/2015_00737.jpg,1,0.203196,3,0,1
/root/private_data/lowlight-object-detection/datasets_yolo/ExDark_YOLO/images/train/2015_00738.jpg,1,0.383069,1,0,0
/root/private_data/lowlight-object-detection/datasets_yolo/ExDark_YOLO/images/train/2015_00739.jpg,1,0.098795,1,0,1
/root/private_data/lowlight-object-detection/datasets_yolo/ExDark_YOLO/images/train/2015_00740.jpg,2,0.109553,1,1,1
/root/private_data/lowlight-object-detection/datasets_yolo/ExDark_YOLO/images/train/2015_00741.jpg,1,0.368264,1,0,0
/root/private_data/lowlight-object-detection/datasets_yolo/ExDark_YOLO/images/train/2015_00742.jpg,1,0.199034,1,0,1
/root/private_data/lowlight-object-detection/datasets_yolo/ExDark_YOLO/images/train/2015_00743.jpg,1,0.145389,2,0,1
/root/private_data/lowlight-object-detection/datasets_yolo/ExDark_YOLO/images/train/2015_00745.jpg,1,0.259847,1,0,1
/root/private_data/lowlight-object-detection/datasets_yolo/ExDark_YOLO/images/train/2015_00746.jpg,1,0.400278,1,0,0
/root/private_data/lowlight-object-detection/datasets_yolo/ExDark_YOLO/images/train/2015_00748.jpg,1,0.102248,1,0,1
/root/private_data/lowlight-object-detection/datasets_yolo/ExDark_YOLO/images/train/2015_00749.jpg,1,0.187011,1,0,1
/root/private_data/lowlight-object-detection/datasets_yolo/ExDark_YOLO/images/train/2015_00750.jpg,2,0.294487,2,1,1
/root/private_data/lowlight-object-detection/datasets_yolo/ExDark_YOLO/images/train/2015_00751.jpg,3,0.170261,3,1,1
/root/private_data/lowlight-object-detection/datasets_yolo/ExDark_YOLO/images/train/2015_00752.jpg,3,0.119529,2,1,1
/root/private_data/lowlight-object-detection/datasets_yolo/ExDark_YOLO/images/train/2015_00754.jpg,2,0.201879,5,1,1
/root/private_data/lowlight-object-detection/datasets_yolo/ExDark_YOLO/images/train/2015_00757.jpg,2,0.171177,4,1,1
/root/private_data/lowlight-object-detection/datasets_yolo/ExDark_YOLO/images/train/2015_00758.jpg,1,0.406597,3,1,0
/root/private_data/lowlight-object-detection/datasets_yolo/ExDark_YOLO/images/train/2015_00759.jpg,2,0.265157,4,1,1
/root/private_data/lowlight-object-detection/datasets_yolo/ExDark_YOLO/images/train/2015_00760.jpg,2,0.174530,4,1,1
/root/private_data/lowlight-object-detection/datasets_yolo/ExDark_YOLO/images/train/2015_00761.jpg,1,0.430014,1,1,0
/root/private_data/lowlight-object-detection/datasets_yolo/ExDark_YOLO/images/train/2015_00763.jpg,1,0.312779,5,1,0
/root/private_data/lowlight-object-detection/datasets_yolo/ExDark_YOLO/images/train/2015_00764.jpg,3,0.119223,4,1,1
/root/private_data/lowlight-object-detection/datasets_yolo/ExDark_YOLO/images/train/2015_00765.jpg,1,0.156970,1,0,1
/root/private_data/lowlight-object-detection/datasets_yolo/ExDark_YOLO/images/train/2015_00766.jpg,1,0.178972,1,0,1
/root/private_data/lowlight-object-detection/datasets_yolo/ExDark_YOLO/images/train/2015_00767.jpg,1,0.245582,1,0,1
/root/private_data/lowlight-object-detection/datasets_yolo/ExDark_YOLO/images/train/2015_00768.jpg,2,0.275190,6,1,1
/root/private_data/lowlight-object-detection/datasets_yolo/ExDark_YOLO/images/train/2015_00769.jpg,1,0.263464,1,0,1
/root/private_data/lowlight-object-detection/datasets_yolo/ExDark_YOLO/images/train/2015_00770.jpg,3,0.098391,5,1,1
/root/private_data/lowlight-object-detection/datasets_yolo/ExDark_YOLO/images/train/2015_00771.jpg,3,0.079780,4,1,1
/root/private_data/lowlight-object-detection/datasets_yolo/ExDark_YOLO/images/train/2015_00772.jpg,1,0.171044,3,0,1
/root/private_data/lowlight-object-detection/datasets_yolo/ExDark_YOLO/images/train/2015_00773.jpg,1,0.169364,1,0,1
/root/private_data/lowlight-object-detection/datasets_yolo/ExDark_YOLO/images/train/2015_00775.jpg,1,0.088326,1,0,1
/root/private_data/lowlight-object-detection/datasets_yolo/ExDark_YOLO/images/train/2015_00776.jpg,1,0.393131,2,1,0
/root/private_data/lowlight-object-detection/datasets_yolo/ExDark_YOLO/images/train/2015_00778.jpg,1,0.311587,1,0,0
/root/private_data/lowlight-object-detection/datasets_yolo/ExDark_YOLO/images/train/2015_00779.jpg,1,0.240111,3,0,1
/root/private_data/lowlight-object-detection/datasets_yolo/ExDark_YOLO/images/train/2015_00781.jpg,2,0.223971,2,1,1
/root/private_data/lowlight-object-detection/datasets_yolo/ExDark_YOLO/images/train/2015_00782.jpg,1,0.251300,1,0,1
/root/private_data/lowlight-object-detection/datasets_yolo/ExDark_YOLO/images/train/2015_00784.jpg,1,0.344783,1,0,0
/root/private_data/lowlight-object-detection/datasets_yolo/ExDark_YOLO/images/train/2015_00788.jpg,1,0.361867,4,1,0
/root/private_data/lowlight-object-detection/datasets_yolo/ExDark_YOLO/images/train/2015_00789.jpg,1,0.317460,1,0,0
/root/private_data/lowlight-object-detection/datasets_yolo/ExDark_YOLO/images/train/2015_00790.jpg,1,0.501921,3,1,0
/root/private_data/lowlight-object-detection/datasets_yolo/ExDark_YOLO/images/train/2015_00792.jpg,1,0.136687,1,0,1
/root/private_data/lowlight-object-detection/datasets_yolo/ExDark_YOLO/images/train/2015_00793.jpg,1,0.269678,1,0,1
/root/private_data/lowlight-object-detection/datasets_yolo/ExDark_YOLO/images/train/2015_00794.jpg,1,0.104974,3,0,1
/root/private_data/lowlight-object-detection/datasets_yolo/ExDark_YOLO/images/train/2015_00795.jpg,1,0.467362,9,1,0
/root/private_data/lowlight-object-detection/datasets_yolo/ExDark_YOLO/images/train/2015_00796.jpg,1,0.422648,3,0,0
/root/private_data/lowlight-object-detection/datasets_yolo/ExDark_YOLO/images/train/2015_00797.jpg,1,0.439838,9,1,0
/root/private_data/lowlight-object-detection/datasets_yolo/ExDark_YOLO/images/train/2015_00800.jpg,1,0.245314,1,0,1
/root/private_data/lowlight-object-detection/datasets_yolo/ExDark_YOLO/images/train/2015_00801.jpg,1,0.294380,1,0,1
/root/private_data/lowlight-object-detection/datasets_yolo/ExDark_YOLO/images/train/2015_00803.jpg,1,0.052402,1,0,1
/root/private_data/lowlight-object-detection/datasets_yolo/ExDark_YOLO/images/train/2015_00804.jpg,1,0.365067,1,0,0
/root/private_data/lowlight-object-detection/datasets_yolo/ExDark_YOLO/images/train/2015_00805.jpg,3,0.115805,9,1,1
/root/private_data/lowlight-object-detection/datasets_yolo/ExDark_YOLO/images/train/2015_00807.jpg,1,0.087479,1,0,1
/root/private_data/lowlight-object-detection/datasets_yolo/ExDark_YOLO/images/train/2015_00808.jpg,1,0.119786,1,0,1
/root/private_data/lowlight-object-detection/datasets_yolo/ExDark_YOLO/images/train/2015_00809.jpg,2,0.142037,2,1,1
/root/private_data/lowlight-object-detection/datasets_yolo/ExDark_YOLO/images/train/2015_00810.jpg,1,0.355400,1,0,0
/root/private_data/lowlight-object-detection/datasets_yolo/ExDark_YOLO/images/train/2015_00812.jpg,1,0.085368,1,0,1
/root/private_data/lowlight-object-detection/datasets_yolo/ExDark_YOLO/images/train/2015_00813.jpg,1,0.097051,1,0,1
/root/private_data/lowlight-object-detection/datasets_yolo/ExDark_YOLO/images/train/2015_00814.jpg,1,0.071452,2,0,1
/root/private_data/lowlight-object-detection/datasets_yolo/ExDark_YOLO/images/train/2015_00816.jpg,1,0.073067,1,0,1
/root/private_data/lowlight-object-detection/datasets_yolo/ExDark_YOLO/images/train/2015_00817.jpg,1,0.596649,1,0,0
/root/private_data/lowlight-object-detection/datasets_yolo/ExDark_YOLO/images/train/2015_00818.jpg,2,0.110051,2,1,1
/root/private_data/lowlight-object-detection/datasets_yolo/ExDark_YOLO/images/train/2015_00819.jpg,2,0.220248,1,1,1
/root/private_data/lowlight-object-detection/datasets_yolo/ExDark_YOLO/images/train/2015_00820.jpg,1,0.091080,2,0,1
/root/private_data/lowlight-object-detection/datasets_yolo/ExDark_YOLO/images/train/2015_00821.jpg,1,0.098217,1,0,1
/root/private_data/lowlight-object-detection/datasets_yolo/ExDark_YOLO/images/train/2015_00822.jpg,1,0.311686,2,0,0
/root/private_data/lowlight-object-detection/datasets_yolo/ExDark_YOLO/images/train/2015_00823.jpg,1,0.316756,1,0,0
/root/private_data/lowlight-object-detection/datasets_yolo/ExDark_YOLO/images/train/2015_00824.jpg,2,0.221638,16,1,1
/root/private_data/lowlight-object-detection/datasets_yolo/ExDark_YOLO/images/train/2015_00826.jpg,2,0.235305,1,1,1
/root/private_data/lowlight-object-detection/datasets_yolo/ExDark_YOLO/images/train/2015_00827.jpg,2,0.221255,15,1,1
/root/private_data/lowlight-object-detection/datasets_yolo/ExDark_YOLO/images/train/2015_00828.jpg,1,0.214309,2,0,1
/root/private_data/lowlight-object-detection/datasets_yolo/ExDark_YOLO/images/train/2015_00829.jpg,1,0.154334,3,0,1
/root/private_data/lowlight-object-detection/datasets_yolo/ExDark_YOLO/images/train/2015_00830.jpg,1,0.053655,1,0,1
/root/private_data/lowlight-object-detection/datasets_yolo/ExDark_YOLO/images/train/2015_00831.jpg,1,0.346005,1,0,0
/root/private_data/lowlight-object-detection/datasets_yolo/ExDark_YOLO/images/train/2015_00832.jpg,1,0.024303,1,0,1
/root/private_data/lowlight-object-detection/datasets_yolo/ExDark_YOLO/images/train/2015_00833.jpg,2,0.237079,5,1,1
/root/private_data/lowlight-object-detection/datasets_yolo/ExDark_YOLO/images/train/2015_00834.jpg,1,0.114024,2,0,1
/root/private_data/lowlight-object-detection/datasets_yolo/ExDark_YOLO/images/train/2015_00835.jpg,1,0.165821,1,0,1
/root/private_data/lowlight-object-detection/datasets_yolo/ExDark_YOLO/images/train/2015_00836.jpg,2,0.072073,3,1,1
/root/private_data/lowlight-object-detection/datasets_yolo/ExDark_YOLO/images/train/2015_00837.jpg,2,0.146017,3,1,1
/root/private_data/lowlight-object-detection/datasets_yolo/ExDark_YOLO/images/train/2015_00838.jpg,1,0.062625,1,0,1
/root/private_data/lowlight-object-detection/datasets_yolo/ExDark_YOLO/images/train/2015_00840.jpg,1,0.249047,1,0,1
/root/private_data/lowlight-object-detection/datasets_yolo/ExDark_YOLO/images/train/2015_00841.jpg,1,0.353992,1,0,0
/root/private_data/lowlight-object-detection/datasets_yolo/ExDark_YOLO/images/train/2015_00842.jpg,1,0.281277,1,0,1
/root/private_data/lowlight-object-detection/datasets_yolo/ExDark_YOLO/images/train/2015_00843.jpg,2,0.187941,7,1,1
/root/private_data/lowlight-object-detection/datasets_yolo/ExDark_YOLO/images/train/2015_00845.jpg,1,0.198186,2,0,1
/root/private_data/lowlight-object-detection/datasets_yolo/ExDark_YOLO/images/train/2015_00847.jpg,1,0.061323,2,0,1
/root/private_data/lowlight-object-detection/datasets_yolo/ExDark_YOLO/images/train/2015_00848.jpg,1,0.228885,1,0,1
/root/private_data/lowlight-object-detection/datasets_yolo/ExDark_YOLO/images/train/2015_00849.jpg,1,0.235840,1,0,1
/root/private_data/lowlight-object-detection/datasets_yolo/ExDark_YOLO/images/train/2015_00850.jpg,1,0.061290,1,0,1
/root/private_data/lowlight-object-detection/datasets_yolo/ExDark_YOLO/images/train/2015_00851.jpg,1,0.113238,3,0,1
/root/private_data/lowlight-object-detection/datasets_yolo/ExDark_YOLO/images/train/2015_00857.jpg,3,0.134831,3,1,1
/root/private_data/lowlight-object-detection/datasets_yolo/ExDark_YOLO/images/train/2015_00858.jpg,3,0.075469,2,1,1
/root/private_data/lowlight-object-detection/datasets_yolo/ExDark_YOLO/images/train/2015_00859.jpg,1,0.285735,3,0,1
/root/private_data/lowlight-object-detection/datasets_yolo/ExDark_YOLO/images/train/2015_00860.jpg,1,0.463811,1,0,0
/root/private_data/lowlight-object-detection/datasets_yolo/ExDark_YOLO/images/train/2015_00861.jpg,1,0.140941,2,0,1
/root/private_data/lowlight-object-detection/datasets_yolo/ExDark_YOLO/images/train/2015_00862.jpg,1,0.104556,1,0,1
/root/private_data/lowlight-object-detection/datasets_yolo/ExDark_YOLO/images/train/2015_00864.jpg,3,0.145314,4,1,1
/root/private_data/lowlight-object-detection/datasets_yolo/ExDark_YOLO/images/train/2015_00865.jpg,2,0.282216,1,1,1
/root/private_data/lowlight-object-detection/datasets_yolo/ExDark_YOLO/images/train/2015_00866.jpg,2,0.243606,1,1,1
/root/private_data/lowlight-object-detection/datasets_yolo/ExDark_YOLO/images/train/2015_00868.jpg,1,0.336550,3,0,0
/root/private_data/lowlight-object-detection/datasets_yolo/ExDark_YOLO/images/train/2015_00870.jpg,2,0.205802,2,1,1
/root/private_data/lowlight-object-detection/datasets_yolo/ExDark_YOLO/images/train/2015_00872.jpg,1,0.155165,1,0,1
/root/private_data/lowlight-object-detection/datasets_yolo/ExDark_YOLO/images/train/2015_00873.jpg,3,0.113603,2,1,1
/root/private_data/lowlight-object-detection/datasets_yolo/ExDark_YOLO/images/train/2015_00874.jpg,2,0.102898,4,1,1
/root/private_data/lowlight-object-detection/datasets_yolo/ExDark_YOLO/images/train/2015_00875.jpg,1,0.113701,3,0,1
/root/private_data/lowlight-object-detection/datasets_yolo/ExDark_YOLO/images/train/2015_00877.jpg,2,0.160057,2,1,1
/root/private_data/lowlight-object-detection/datasets_yolo/ExDark_YOLO/images/train/2015_00878.jpg,1,0.201908,1,0,1
/root/private_data/lowlight-object-detection/datasets_yolo/ExDark_YOLO/images/train/2015_00879.jpg,3,0.111749,4,1,1
/root/private_data/lowlight-object-detection/datasets_yolo/ExDark_YOLO/images/train/2015_00880.jpg,3,0.041520,3,1,1
/root/private_data/lowlight-object-detection/datasets_yolo/ExDark_YOLO/images/train/2015_00881.jpg,1,0.339021,3,1,0
/root/private_data/lowlight-object-detection/datasets_yolo/ExDark_YOLO/images/train/2015_00884.jpg,3,0.078939,2,1,1
/root/private_data/lowlight-object-detection/datasets_yolo/ExDark_YOLO/images/train/2015_00885.jpg,2,0.253440,6,1,1
/root/private_data/lowlight-object-detection/datasets_yolo/ExDark_YOLO/images/train/2015_00886.jpg,1,0.112161,1,0,1
/root/private_data/lowlight-object-detection/datasets_yolo/ExDark_YOLO/images/train/2015_00887.jpg,1,0.118589,3,0,1
/root/private_data/lowlight-object-detection/datasets_yolo/ExDark_YOLO/images/train/2015_00888.jpg,1,0.358953,1,0,0
/root/private_data/lowlight-object-detection/datasets_yolo/ExDark_YOLO/images/train/2015_00889.jpg,1,0.233877,2,0,1
/root/private_data/lowlight-object-detection/datasets_yolo/ExDark_YOLO/images/train/2015_00890.jpg,1,0.220476,2,0,1
/root/private_data/lowlight-object-detection/datasets_yolo/ExDark_YOLO/images/train/2015_00891.jpg,1,0.122817,1,0,1
/root/private_data/lowlight-object-detection/datasets_yolo/ExDark_YOLO/images/train/2015_00892.jpg,1,0.228892,1,0,1
/root/private_data/lowlight-object-detection/datasets_yolo/ExDark_YOLO/images/train/2015_00893.jpg,1,0.151954,1,0,1
/root/private_data/lowlight-object-detection/datasets_yolo/ExDark_YOLO/images/train/2015_00894.jpg,1,0.201866,1,0,1
/root/private_data/lowlight-object-detection/datasets_yolo/ExDark_YOLO/images/train/2015_00895.jpg,1,0.204142,1,0,1
/root/private_data/lowlight-object-detection/datasets_yolo/ExDark_YOLO/images/train/2015_00896.jpg,1,0.233494,1,0,1
/root/private_data/lowlight-object-detection/datasets_yolo/ExDark_YOLO/images/train/2015_00897.jpg,1,0.128747,1,0,1
/root/private_data/lowlight-object-detection/datasets_yolo/ExDark_YOLO/images/train/2015_00898.jpg,1,0.056275,2,0,1
/root/private_data/lowlight-object-detection/datasets_yolo/ExDark_YOLO/images/train/2015_00899.jpg,1,0.390652,1,0,0
/root/private_data/lowlight-object-detection/datasets_yolo/ExDark_YOLO/images/train/2015_00900.jpg,2,0.111293,4,1,1
/root/private_data/lowlight-object-detection/datasets_yolo/ExDark_YOLO/images/train/2015_00901.jpg,1,0.207666,1,0,1
/root/private_data/lowlight-object-detection/datasets_yolo/ExDark_YOLO/images/train/2015_00904.jpg,1,0.069795,3,0,1
/root/private_data/lowlight-object-detection/datasets_yolo/ExDark_YOLO/images/train/2015_00905.jpg,3,0.145549,7,1,1
/root/private_data/lowlight-object-detection/datasets_yolo/ExDark_YOLO/images/train/2015_00907.jpg,1,0.120339,2,0,1
/root/private_data/lowlight-object-detection/datasets_yolo/ExDark_YOLO/images/train/2015_00908.jpg,1,0.142802,4,0,1
/root/private_data/lowlight-object-detection/datasets_yolo/ExDark_YOLO/images/train/2015_00909.jpg,2,0.079593,3,1,1
/root/private_data/lowlight-object-detection/datasets_yolo/ExDark_YOLO/images/train/2015_00911.jpg,3,0.107170,6,1,1
/root/private_data/lowlight-object-detection/datasets_yolo/ExDark_YOLO/images/train/2015_00913.jpg,3,0.109789,1,1,1
/root/private_data/lowlight-object-detection/datasets_yolo/ExDark_YOLO/images/train/2015_00914.jpg,1,0.191232,1,0,1
/root/private_data/lowlight-object-detection/datasets_yolo/ExDark_YOLO/images/train/2015_00915.jpg,1,0.100439,1,0,1
/root/private_data/lowlight-object-detection/datasets_yolo/ExDark_YOLO/images/train/2015_00917.jpg,1,0.056265,1,0,1
/root/private_data/lowlight-object-detection/datasets_yolo/ExDark_YOLO/images/train/2015_00918.jpg,2,0.240451,5,1,1
/root/private_data/lowlight-object-detection/datasets_yolo/ExDark_YOLO/images/train/2015_00919.jpg,1,0.117977,3,0,1
/root/private_data/lowlight-object-detection/datasets_yolo/ExDark_YOLO/images/train/2015_00920.jpg,1,0.179175,2,0,1
/root/private_data/lowlight-object-detection/datasets_yolo/ExDark_YOLO/images/train/2015_00921.jpg,2,0.149131,3,1,1
/root/private_data/lowlight-object-detection/datasets_yolo/ExDark_YOLO/images/train/2015_00923.jpg,3,0.088331,17,1,1
/root/private_data/lowlight-object-detection/datasets_yolo/ExDark_YOLO/images/train/2015_00924.jpg,2,0.233740,8,1,1
/root/private_data/lowlight-object-detection/datasets_yolo/ExDark_YOLO/images/train/2015_00925.jpg,1,0.179948,1,0,1
/root/private_data/lowlight-object-detection/datasets_yolo/ExDark_YOLO/images/train/2015_00927.jpg,2,0.237880,5,1,1
/root/private_data/lowlight-object-detection/datasets_yolo/ExDark_YOLO/images/train/2015_00929.jpg,1,0.121280,2,0,1
/root/private_data/lowlight-object-detection/datasets_yolo/ExDark_YOLO/images/train/2015_00930.jpg,1,0.102706,2,0,1
/root/private_data/lowlight-object-detection/datasets_yolo/ExDark_YOLO/images/train/2015_00932.jpg,1,0.131764,1,0,1
/root/private_data/lowlight-object-detection/datasets_yolo/ExDark_YOLO/images/train/2015_00933.jpg,1,0.275531,4,0,1
/root/private_data/lowlight-object-detection/datasets_yolo/ExDark_YOLO/images/train/2015_00934.jpg,2,0.199667,4,1,1
/root/private_data/lowlight-object-detection/datasets_yolo/ExDark_YOLO/images/train/2015_00935.jpg,1,0.108923,1,0,1
/root/private_data/lowlight-object-detection/datasets_yolo/ExDark_YOLO/images/train/2015_00936.jpg,1,0.031643,4,0,1
/root/private_data/lowlight-object-detection/datasets_yolo/ExDark_YOLO/images/train/2015_00938.jpg,1,0.141881,1,0,1
/root/private_data/lowlight-object-detection/datasets_yolo/ExDark_YOLO/images/train/2015_00939.jpg,1,0.156418,1,0,1
/root/private_data/lowlight-object-detection/datasets_yolo/ExDark_YOLO/images/train/2015_00940.jpg,1,0.423694,1,0,0
/root/private_data/lowlight-object-detection/datasets_yolo/ExDark_YOLO/images/train/2015_00941.jpg,1,0.165124,3,0,1
/root/private_data/lowlight-object-detection/datasets_yolo/ExDark_YOLO/images/train/2015_00942.jpg,2,0.131733,4,1,1
/root/private_data/lowlight-object-detection/datasets_yolo/ExDark_YOLO/images/train/2015_00943.jpg,1,0.403293,1,0,0
/root/private_data/lowlight-object-detection/datasets_yolo/ExDark_YOLO/images/train/2015_00944.jpg,1,0.066773,2,0,1
/root/private_data/lowlight-object-detection/datasets_yolo/ExDark_YOLO/images/train/2015_00945.jpg,1,0.300840,1,0,0
/root/private_data/lowlight-object-detection/datasets_yolo/ExDark_YOLO/images/train/2015_00946.jpg,1,0.166837,1,0,1
/root/private_data/lowlight-object-detection/datasets_yolo/ExDark_YOLO/images/train/2015_00947.jpg,3,0.155604,4,1,1
/root/private_data/lowlight-object-detection/datasets_yolo/ExDark_YOLO/images/train/2015_00948.jpg,1,0.260226,1,0,1
/root/private_data/lowlight-object-detection/datasets_yolo/ExDark_YOLO/images/train/2015_00949.jpg,1,0.271711,2,0,1
/root/private_data/lowlight-object-detection/datasets_yolo/ExDark_YOLO/images/train/2015_00950.jpg,1,0.240051,3,0,1
/root/private_data/lowlight-object-detection/datasets_yolo/ExDark_YOLO/images/train/2015_00951.jpg,1,0.189652,3,0,1
/root/private_data/lowlight-object-detection/datasets_yolo/ExDark_YOLO/images/train/2015_00952.jpg,1,0.266733,1,0,1
/root/private_data/lowlight-object-detection/datasets_yolo/ExDark_YOLO/images/train/2015_00953.jpg,1,0.280479,2,0,1
/root/private_data/lowlight-object-detection/datasets_yolo/ExDark_YOLO/images/train/2015_00954.jpg,1,0.192453,3,0,1
/root/private_data/lowlight-object-detection/datasets_yolo/ExDark_YOLO/images/train/2015_00955.jpg,1,0.075036,2,0,1
/root/private_data/lowlight-object-detection/datasets_yolo/ExDark_YOLO/images/train/2015_00956.jpg,1,0.116353,1,0,1
/root/private_data/lowlight-object-detection/datasets_yolo/ExDark_YOLO/images/train/2015_00957.jpg,3,0.163588,10,1,1
/root/private_data/lowlight-object-detection/datasets_yolo/ExDark_YOLO/images/train/2015_00960.jpg,1,0.107673,2,0,1
/root/private_data/lowlight-object-detection/datasets_yolo/ExDark_YOLO/images/train/2015_00961.jpg,1,0.191312,3,0,1
/root/private_data/lowlight-object-detection/datasets_yolo/ExDark_YOLO/images/train/2015_00962.jpg,1,0.140224,3,0,1
/root/private_data/lowlight-object-detection/datasets_yolo/ExDark_YOLO/images/train/2015_00963.jpg,1,0.060103,1,0,1
/root/private_data/lowlight-object-detection/datasets_yolo/ExDark_YOLO/images/train/2015_00965.jpg,1,0.044644,2,0,1
/root/private_data/lowlight-object-detection/datasets_yolo/ExDark_YOLO/images/train/2015_00966.jpg,1,0.182039,2,0,1
/root/private_data/lowlight-object-detection/datasets_yolo/ExDark_YOLO/images/train/2015_00967.jpg,1,0.179740,2,0,1
/root/private_data/lowlight-object-detection/datasets_yolo/ExDark_YOLO/images/train/2015_00969.jpg,1,0.077603,6,0,1
/root/private_data/lowlight-object-detection/datasets_yolo/ExDark_YOLO/images/train/2015_00970.jpg,1,0.261066,1,0,1
/root/private_data/lowlight-object-detection/datasets_yolo/ExDark_YOLO/images/train/2015_00971.jpg,1,0.194715,1,0,1
/root/private_data/lowlight-object-detection/datasets_yolo/ExDark_YOLO/images/train/2015_00972.jpg,1,0.290716,1,0,1
/root/private_data/lowlight-object-detection/datasets_yolo/ExDark_YOLO/images/train/2015_00973.jpg,1,0.090620,1,0,1
/root/private_data/lowlight-object-detection/datasets_yolo/ExDark_YOLO/images/train/2015_00974.jpg,3,0.058212,4,1,1
/root/private_data/lowlight-object-detection/datasets_yolo/ExDark_YOLO/images/train/2015_00975.jpg,1,0.217376,2,0,1
/root/private_data/lowlight-object-detection/datasets_yolo/ExDark_YOLO/images/train/2015_00976.jpg,2,0.187601,3,1,1
/root/private_data/lowlight-object-detection/datasets_yolo/ExDark_YOLO/images/train/2015_00978.jpg,3,0.178816,4,1,1
/root/private_data/lowlight-object-detection/datasets_yolo/ExDark_YOLO/images/train/2015_00980.jpg,1,0.317107,1,0,0
/root/private_data/lowlight-object-detection/datasets_yolo/ExDark_YOLO/images/train/2015_00981.jpg,1,0.145704,1,0,1
/root/private_data/lowlight-object-detection/datasets_yolo/ExDark_YOLO/images/train/2015_00982.jpg,1,0.318273,4,0,0
/root/private_data/lowlight-object-detection/datasets_yolo/ExDark_YOLO/images/train/2015_00983.jpg,2,0.184182,7,1,1
/root/private_data/lowlight-object-detection/datasets_yolo/ExDark_YOLO/images/train/2015_00985.jpg,1,0.062330,2,0,1
/root/private_data/lowlight-object-detection/datasets_yolo/ExDark_YOLO/images/train/2015_00987.jpg,1,0.529715,1,0,0
/root/private_data/lowlight-object-detection/datasets_yolo/ExDark_YOLO/images/train/2015_00988.jpg,1,0.199409,2,0,1
/root/private_data/lowlight-object-detection/datasets_yolo/ExDark_YOLO/images/train/2015_00989.jpg,3,0.097231,6,1,1
/root/private_data/lowlight-object-detection/datasets_yolo/ExDark_YOLO/images/train/2015_00991.jpg,1,0.141307,5,0,1
/root/private_data/lowlight-object-detection/datasets_yolo/ExDark_YOLO/images/train/2015_00992.jpg,1,0.616882,1,0,0
/root/private_data/lowlight-object-detection/datasets_yolo/ExDark_YOLO/images/train/2015_00994.jpg,1,0.129895,2,0,1
/root/private_data/lowlight-object-detection/datasets_yolo/ExDark_YOLO/images/train/2015_00995.jpg,1,0.125343,3,0,1
/root/private_data/lowlight-object-detection/datasets_yolo/ExDark_YOLO/images/train/2015_00998.jpg,1,0.394129,1,0,0
/root/private_data/lowlight-object-detection/datasets_yolo/ExDark_YOLO/images/train/2015_00999.jpg,1,0.314925,2,0,0
/root/private_data/lowlight-object-detection/datasets_yolo/ExDark_YOLO/images/train/2015_01001.jpg,1,0.350201,1,0,0
/root/private_data/lowlight-object-detection/datasets_yolo/ExDark_YOLO/images/train/2015_01002.jpg,1,0.380881,1,0,0
/root/private_data/lowlight-object-detection/datasets_yolo/ExDark_YOLO/images/train/2015_01004.jpg,1,0.368231,3,0,0
/root/private_data/lowlight-object-detection/datasets_yolo/ExDark_YOLO/images/train/2015_01005.jpg,1,0.365772,1,0,0
/root/private_data/lowlight-object-detection/datasets_yolo/ExDark_YOLO/images/train/2015_01006.jpg,1,0.041065,1,0,1
/root/private_data/lowlight-object-detection/datasets_yolo/ExDark_YOLO/images/train/2015_01007.jpg,1,0.390954,3,1,0
/root/private_data/lowlight-object-detection/datasets_yolo/ExDark_YOLO/images/train/2015_01009.jpg,1,0.226257,1,0,1
/root/private_data/lowlight-object-detection/datasets_yolo/ExDark_YOLO/images/train/2015_01013.jpg,1,0.411233,1,0,0
/root/private_data/lowlight-object-detection/datasets_yolo/ExDark_YOLO/images/train/2015_01014.jpg,1,0.103465,1,0,1
/root/private_data/lowlight-object-detection/datasets_yolo/ExDark_YOLO/images/train/2015_01015.jpg,2,0.249748,7,1,1
/root/private_data/lowlight-object-detection/datasets_yolo/ExDark_YOLO/images/train/2015_01016.jpg,2,0.236592,8,1,1
/root/private_data/lowlight-object-detection/datasets_yolo/ExDark_YOLO/images/train/2015_01017.jpg,1,0.122001,4,0,1
/root/private_data/lowlight-object-detection/datasets_yolo/ExDark_YOLO/images/train/2015_01018.jpg,1,0.433412,2,1,0
/root/private_data/lowlight-object-detection/datasets_yolo/ExDark_YOLO/images/train/2015_01019.jpg,1,0.363699,3,1,0
/root/private_data/lowlight-object-detection/datasets_yolo/ExDark_YOLO/images/train/2015_01020.jpg,1,0.216175,3,0,1
/root/private_data/lowlight-object-detection/datasets_yolo/ExDark_YOLO/images/train/2015_01021.jpg,1,0.297853,4,0,1
/root/private_data/lowlight-object-detection/datasets_yolo/ExDark_YOLO/images/train/2015_01022.jpg,1,0.369472,3,1,0
/root/private_data/lowlight-object-detection/datasets_yolo/ExDark_YOLO/images/train/2015_01023.jpg,2,0.106641,7,1,1
/root/private_data/lowlight-object-detection/datasets_yolo/ExDark_YOLO/images/train/2015_01024.JPEG,1,0.273835,1,0,1
/root/private_data/lowlight-object-detection/datasets_yolo/ExDark_YOLO/images/train/2015_01026.JPEG,1,0.179993,2,0,1
/root/private_data/lowlight-object-detection/datasets_yolo/ExDark_YOLO/images/train/2015_01027.JPEG,1,0.068267,1,0,1
/root/private_data/lowlight-object-detection/datasets_yolo/ExDark_YOLO/images/train/2015_01028.JPEG,2,0.037585,3,1,1
/root/private_data/lowlight-object-detection/datasets_yolo/ExDark_YOLO/images/train/2015_01029.png,1,0.196407,1,0,1
/root/private_data/lowlight-object-detection/datasets_yolo/ExDark_YOLO/images/train/2015_01030.png,1,0.200237,1,0,1
/root/private_data/lowlight-object-detection/datasets_yolo/ExDark_YOLO/images/train/2015_01031.png,1,0.144287,2,0,1
/root/private_data/lowlight-object-detection/datasets_yolo/ExDark_YOLO/images/train/2015_01032.jpg,3,0.111402,4,1,1
/root/private_data/lowlight-object-detection/datasets_yolo/ExDark_YOLO/images/train/2015_01033.jpg,3,0.141339,5,1,1
/root/private_data/lowlight-object-detection/datasets_yolo/ExDark_YOLO/images/train/2015_01034.jpg,1,0.146428,1,0,1
/root/private_data/lowlight-object-detection/datasets_yolo/ExDark_YOLO/images/train/2015_01035.jpg,1,0.226916,1,0,1
/root/private_data/lowlight-object-detection/datasets_yolo/ExDark_YOLO/images/train/2015_01036.jpg,1,0.434584,2,1,0
/root/private_data/lowlight-object-detection/datasets_yolo/ExDark_YOLO/images/train/2015_01037.jpg,1,0.084272,1,0,1
/root/private_data/lowlight-object-detection/datasets_yolo/ExDark_YOLO/images/train/2015_01039.jpg,1,0.388078,2,1,0
/root/private_data/lowlight-object-detection/datasets_yolo/ExDark_YOLO/images/train/2015_01042.jpg,1,0.326032,1,0,0
/root/private_data/lowlight-object-detection/datasets_yolo/ExDark_YOLO/images/train/2015_01043.jpg,1,0.126098,1,0,1
/root/private_data/lowlight-object-detection/datasets_yolo/ExDark_YOLO/images/train/2015_01044.jpg,1,0.064835,1,0,1
/root/private_data/lowlight-object-detection/datasets_yolo/ExDark_YOLO/images/train/2015_01045.jpg,1,0.216716,3,0,1
/root/private_data/lowlight-object-detection/datasets_yolo/ExDark_YOLO/images/train/2015_01046.jpg,1,0.169093,1,0,1
/root/private_data/lowlight-object-detection/datasets_yolo/ExDark_YOLO/images/train/2015_01047.jpg,1,0.202181,3,0,1
/root/private_data/lowlight-object-detection/datasets_yolo/ExDark_YOLO/images/train/2015_01048.jpg,1,0.339241,1,0,0
/root/private_data/lowlight-object-detection/datasets_yolo/ExDark_YOLO/images/train/2015_01049.jpg,1,0.400669,1,0,0
/root/private_data/lowlight-object-detection/datasets_yolo/ExDark_YOLO/images/train/2015_01050.jpg,1,0.085273,2,0,1
/root/private_data/lowlight-object-detection/datasets_yolo/ExDark_YOLO/images/train/2015_01051.jpg,1,0.247304,4,0,1
/root/private_data/lowlight-object-detection/datasets_yolo/ExDark_YOLO/images/train/2015_01052.jpg,2,0.159200,3,1,1
/root/private_data/lowlight-object-detection/datasets_yolo/ExDark_YOLO/images/train/2015_01053.jpg,1,0.411167,1,0,0
/root/private_data/lowlight-object-detection/datasets_yolo/ExDark_YOLO/images/train/2015_01054.jpg,1,0.300643,1,0,0
/root/private_data/lowlight-object-detection/datasets_yolo/ExDark_YOLO/images/train/2015_01055.jpg,1,0.278567,5,0,1
/root/private_data/lowlight-object-detection/datasets_yolo/ExDark_YOLO/images/train/2015_01057.jpg,2,0.073150,3,1,1
/root/private_data/lowlight-object-detection/datasets_yolo/ExDark_YOLO/images/train/2015_01058.jpg,1,0.034211,1,0,1
/root/private_data/lowlight-object-detection/datasets_yolo/ExDark_YOLO/images/train/2015_01059.jpg,1,0.157104,1,0,1
/root/private_data/lowlight-object-detection/datasets_yolo/ExDark_YOLO/images/train/2015_01060.jpg,1,0.052737,1,0,1
/root/private_data/lowlight-object-detection/datasets_yolo/ExDark_YOLO/images/train/2015_01061.jpg,1,0.489651,1,0,0
/root/private_data/lowlight-object-detection/datasets_yolo/ExDark_YOLO/images/train/2015_01062.jpg,1,0.268581,1,0,1
/root/private_data/lowlight-object-detection/datasets_yolo/ExDark_YOLO/images/train/2015_01063.jpg,2,0.115931,2,1,1
/root/private_data/lowlight-object-detection/datasets_yolo/ExDark_YOLO/images/train/2015_01064.jpg,1,0.209795,1,0,1
/root/private_data/lowlight-object-detection/datasets_yolo/ExDark_YOLO/images/train/2015_01065.jpg,1,0.216004,3,0,1
/root/private_data/lowlight-object-detection/datasets_yolo/ExDark_YOLO/images/train/2015_01066.jpg,1,0.179266,2,0,1
/root/private_data/lowlight-object-detection/datasets_yolo/ExDark_YOLO/images/train/2015_01068.jpg,1,0.318893,1,0,0
/root/private_data/lowlight-object-detection/datasets_yolo/ExDark_YOLO/images/train/2015_01070.jpg,3,0.108890,8,1,1
/root/private_data/lowlight-object-detection/datasets_yolo/ExDark_YOLO/images/train/2015_01071.jpg,1,0.123446,1,0,1
/root/private_data/lowlight-object-detection/datasets_yolo/ExDark_YOLO/images/train/2015_01072.jpg,1,0.410146,2,0,0
/root/private_data/lowlight-object-detection/datasets_yolo/ExDark_YOLO/images/train/2015_01073.jpg,1,0.185443,1,0,1
/root/private_data/lowlight-object-detection/datasets_yolo/ExDark_YOLO/images/train/2015_01074.jpg,1,0.179422,1,0,1
/root/private_data/lowlight-object-detection/datasets_yolo/ExDark_YOLO/images/train/2015_01077.jpg,3,0.047908,8,1,1
/root/private_data/lowlight-object-detection/datasets_yolo/ExDark_YOLO/images/train/2015_01078.jpg,1,0.059034,1,0,1
/root/private_data/lowlight-object-detection/datasets_yolo/ExDark_YOLO/images/train/2015_01079.jpg,1,0.195381,1,0,1
/root/private_data/lowlight-object-detection/datasets_yolo/ExDark_YOLO/images/train/2015_01080.jpg,3,0.132507,3,1,1
/root/private_data/lowlight-object-detection/datasets_yolo/ExDark_YOLO/images/train/2015_01081.jpg,3,0.060737,7,1,1
/root/private_data/lowlight-object-detection/datasets_yolo/ExDark_YOLO/images/train/2015_01082.jpg,1,0.401767,1,0,0
/root/private_data/lowlight-object-detection/datasets_yolo/ExDark_YOLO/images/train/2015_01083.jpg,1,0.330392,1,0,0
/root/private_data/lowlight-object-detection/datasets_yolo/ExDark_YOLO/images/train/2015_01084.jpg,1,0.135301,1,0,1
/root/private_data/lowlight-object-detection/datasets_yolo/ExDark_YOLO/images/train/2015_01086.jpg,1,0.162040,1,0,1
/root/private_data/lowlight-object-detection/datasets_yolo/ExDark_YOLO/images/train/2015_01087.jpg,1,0.332588,2,1,0
/root/private_data/lowlight-object-detection/datasets_yolo/ExDark_YOLO/images/train/2015_01089.jpg,2,0.105803,2,1,1
/root/private_data/lowlight-object-detection/datasets_yolo/ExDark_YOLO/images/train/2015_01090.jpg,3,0.054722,8,1,1
/root/private_data/lowlight-object-detection/datasets_yolo/ExDark_YOLO/images/train/2015_01092.png,1,0.089179,2,0,1
/root/private_data/lowlight-object-detection/datasets_yolo/ExDark_YOLO/images/train/2015_01093.jpg,1,0.127934,1,0,1
/root/private_data/lowlight-object-detection/datasets_yolo/ExDark_YOLO/images/train/2015_01094.jpg,1,0.249012,1,0,1
/root/private_data/lowlight-object-detection/datasets_yolo/ExDark_YOLO/images/train/2015_01095.jpg,3,0.106428,7,1,1
/root/private_data/lowlight-object-detection/datasets_yolo/ExDark_YOLO/images/train/2015_01096.jpg,1,0.262164,1,0,1
/root/private_data/lowlight-object-detection/datasets_yolo/ExDark_YOLO/images/train/2015_01098.jpg,1,0.086201,1,0,1
/root/private_data/lowlight-object-detection/datasets_yolo/ExDark_YOLO/images/train/2015_01099.jpg,1,0.353818,3,1,0
/root/private_data/lowlight-object-detection/datasets_yolo/ExDark_YOLO/images/train/2015_01100.jpg,1,0.254372,2,0,1
/root/private_data/lowlight-object-detection/datasets_yolo/ExDark_YOLO/images/train/2015_01101.jpg,1,0.396831,1,0,0
/root/private_data/lowlight-object-detection/datasets_yolo/ExDark_YOLO/images/train/2015_01102.jpg,1,0.091818,1,0,1
/root/private_data/lowlight-object-detection/datasets_yolo/ExDark_YOLO/images/train/2015_01103.jpg,1,0.429448,4,1,0
/root/private_data/lowlight-object-detection/datasets_yolo/ExDark_YOLO/images/train/2015_01104.jpg,1,0.461805,2,1,0
/root/private_data/lowlight-object-detection/datasets_yolo/ExDark_YOLO/images/train/2015_01105.jpg,1,0.176195,1,0,1
/root/private_data/lowlight-object-detection/datasets_yolo/ExDark_YOLO/images/train/2015_01106.jpg,1,0.282875,2,0,1
/root/private_data/lowlight-object-detection/datasets_yolo/ExDark_YOLO/images/train/2015_01108.jpg,1,0.198857,1,0,1
/root/private_data/lowlight-object-detection/datasets_yolo/ExDark_YOLO/images/train/2015_01109.jpg,1,0.121793,1,0,1
/root/private_data/lowlight-object-detection/datasets_yolo/ExDark_YOLO/images/train/2015_01110.jpg,2,0.166864,2,1,1
/root/private_data/lowlight-object-detection/datasets_yolo/ExDark_YOLO/images/train/2015_01112.jpg,3,0.053936,3,1,1
/root/private_data/lowlight-object-detection/datasets_yolo/ExDark_YOLO/images/train/2015_01114.jpg,1,0.347759,1,0,0
/root/private_data/lowlight-object-detection/datasets_yolo/ExDark_YOLO/images/train/2015_01115.jpg,2,0.079723,2,1,1
/root/private_data/lowlight-object-detection/datasets_yolo/ExDark_YOLO/images/train/2015_01116.jpg,3,0.173692,8,1,1
/root/private_data/lowlight-object-detection/datasets_yolo/ExDark_YOLO/images/train/2015_01119.jpg,1,0.242756,1,0,1
/root/private_data/lowlight-object-detection/datasets_yolo/ExDark_YOLO/images/train/2015_01121.jpg,2,0.185178,4,1,1
/root/private_data/lowlight-object-detection/datasets_yolo/ExDark_YOLO/images/train/2015_01123.jpg,1,0.120159,1,0,1
/root/private_data/lowlight-object-detection/datasets_yolo/ExDark_YOLO/images/train/2015_01125.jpg,1,0.219600,1,0,1
/root/private_data/lowlight-object-detection/datasets_yolo/ExDark_YOLO/images/train/2015_01126.jpg,1,0.489719,1,0,0
/root/private_data/lowlight-object-detection/datasets_yolo/ExDark_YOLO/images/train/2015_01127.jpg,1,0.270216,1,0,1
/root/private_data/lowlight-object-detection/datasets_yolo/ExDark_YOLO/images/train/2015_01128.jpg,1,0.422278,1,0,0
/root/private_data/lowlight-object-detection/datasets_yolo/ExDark_YOLO/images/train/2015_01129.jpg,1,0.096221,3,0,1
/root/private_data/lowlight-object-detection/datasets_yolo/ExDark_YOLO/images/train/2015_01130.jpg,1,0.139470,1,0,1
/root/private_data/lowlight-object-detection/datasets_yolo/ExDark_YOLO/images/train/2015_01131.jpg,1,0.167070,2,0,1
/root/private_data/lowlight-object-detection/datasets_yolo/ExDark_YOLO/images/train/2015_01132.jpg,1,0.123571,2,0,1
/root/private_data/lowlight-object-detection/datasets_yolo/ExDark_YOLO/images/train/2015_01133.jpg,1,0.370184,1,0,0
/root/private_data/lowlight-object-detection/datasets_yolo/ExDark_YOLO/images/train/2015_01134.jpg,1,0.341212,2,0,0
/root/private_data/lowlight-object-detection/datasets_yolo/ExDark_YOLO/images/train/2015_01135.jpg,2,0.257152,3,1,1
/root/private_data/lowlight-object-detection/datasets_yolo/ExDark_YOLO/images/train/2015_01136.jpg,3,0.042828,3,1,1
/root/private_data/lowlight-object-detection/datasets_yolo/ExDark_YOLO/images/train/2015_01137.jpg,1,0.055940,2,0,1
/root/private_data/lowlight-object-detection/datasets_yolo/ExDark_YOLO/images/train/2015_01138.jpg,1,0.072396,1,0,1
/root/private_data/lowlight-object-detection/datasets_yolo/ExDark_YOLO/images/train/2015_01140.jpg,1,0.216675,1,0,1
/root/private_data/lowlight-object-detection/datasets_yolo/ExDark_YOLO/images/train/2015_01141.jpg,1,0.307517,1,0,0
/root/private_data/lowlight-object-detection/datasets_yolo/ExDark_YOLO/images/train/2015_01142.jpg,1,0.336109,3,0,0
/root/private_data/lowlight-object-detection/datasets_yolo/ExDark_YOLO/images/train/2015_01144.jpg,3,0.083645,3,1,1
/root/private_data/lowlight-object-detection/datasets_yolo/ExDark_YOLO/images/train/2015_01145.jpg,1,0.314237,2,0,0
/root/private_data/lowlight-object-detection/datasets_yolo/ExDark_YOLO/images/train/2015_01146.jpg,3,0.126619,8,1,1
/root/private_data/lowlight-object-detection/datasets_yolo/ExDark_YOLO/images/train/2015_01147.jpg,1,0.269518,2,0,1
/root/private_data/lowlight-object-detection/datasets_yolo/ExDark_YOLO/images/train/2015_01148.jpg,1,0.093991,2,0,1
/root/private_data/lowlight-object-detection/datasets_yolo/ExDark_YOLO/images/train/2015_01149.jpg,1,0.116027,4,0,1
/root/private_data/lowlight-object-detection/datasets_yolo/ExDark_YOLO/images/train/2015_01151.JPEG,1,0.268600,1,0,1
/root/private_data/lowlight-object-detection/datasets_yolo/ExDark_YOLO/images/train/2015_01152.JPEG,1,0.287025,1,0,1
/root/private_data/lowlight-object-detection/datasets_yolo/ExDark_YOLO/images/train/2015_01154.JPEG,1,0.353809,1,0,0
/root/private_data/lowlight-object-detection/datasets_yolo/ExDark_YOLO/images/train/2015_01155.JPEG,1,0.180117,3,0,1
/root/private_data/lowlight-object-detection/datasets_yolo/ExDark_YOLO/images/train/2015_01157.JPEG,1,0.397809,1,0,0
/root/private_data/lowlight-object-detection/datasets_yolo/ExDark_YOLO/images/train/2015_01158.JPEG,1,0.384966,1,0,0
/root/private_data/lowlight-object-detection/datasets_yolo/ExDark_YOLO/images/train/2015_01159.JPEG,1,0.343503,4,1,0
/root/private_data/lowlight-object-detection/datasets_yolo/ExDark_YOLO/images/train/2015_01160.JPEG,1,0.385667,2,0,0
/root/private_data/lowlight-object-detection/datasets_yolo/ExDark_YOLO/images/train/2015_01161.JPEG,1,0.437156,1,0,0
/root/private_data/lowlight-object-detection/datasets_yolo/ExDark_YOLO/images/train/2015_01162.JPEG,1,0.287052,2,0,1
/root/private_data/lowlight-object-detection/datasets_yolo/ExDark_YOLO/images/train/2015_01163.JPEG,1,0.313188,2,0,0
/root/private_data/lowlight-object-detection/datasets_yolo/ExDark_YOLO/images/train/2015_01166.JPEG,1,0.219250,1,0,1
/root/private_data/lowlight-object-detection/datasets_yolo/ExDark_YOLO/images/train/2015_01168.JPEG,1,0.184422,1,0,1
/root/private_data/lowlight-object-detection/datasets_yolo/ExDark_YOLO/images/train/2015_01170.JPEG,1,0.597769,3,1,0
/root/private_data/lowlight-object-detection/datasets_yolo/ExDark_YOLO/images/train/2015_01171.JPEG,1,0.103605,1,0,1
/root/private_data/lowlight-object-detection/datasets_yolo/ExDark_YOLO/images/train/2015_01172.JPEG,1,0.287171,1,0,1
/root/private_data/lowlight-object-detection/datasets_yolo/ExDark_YOLO/images/train/2015_01173.JPEG,1,0.211743,1,0,1
/root/private_data/lowlight-object-detection/datasets_yolo/ExDark_YOLO/images/train/2015_01174.JPEG,1,0.433661,2,1,0
/root/private_data/lowlight-object-detection/datasets_yolo/ExDark_YOLO/images/train/2015_01175.JPEG,2,0.255954,4,1,1
/root/private_data/lowlight-object-detection/datasets_yolo/ExDark_YOLO/images/train/2015_01177.JPEG,1,0.088297,1,0,1
/root/private_data/lowlight-object-detection/datasets_yolo/ExDark_YOLO/images/train/2015_01178.JPEG,1,0.415699,2,0,0
/root/private_data/lowlight-object-detection/datasets_yolo/ExDark_YOLO/images/train/2015_01179.JPEG,1,0.227045,2,0,1
/root/private_data/lowlight-object-detection/datasets_yolo/ExDark_YOLO/images/train/2015_01180.JPEG,2,0.212499,2,1,1
/root/private_data/lowlight-object-detection/datasets_yolo/ExDark_YOLO/images/train/2015_01181.JPEG,1,0.094243,3,0,1
/root/private_data/lowlight-object-detection/datasets_yolo/ExDark_YOLO/images/train/2015_01182.JPEG,1,0.384519,2,0,0
/root/private_data/lowlight-object-detection/datasets_yolo/ExDark_YOLO/images/train/2015_01183.JPEG,1,0.311745,2,1,0
/root/private_data/lowlight-object-detection/datasets_yolo/ExDark_YOLO/images/train/2015_01184.JPEG,1,0.223067,2,0,1
/root/private_data/lowlight-object-detection/datasets_yolo/ExDark_YOLO/images/train/2015_01185.JPEG,2,0.183417,3,1,1
/root/private_data/lowlight-object-detection/datasets_yolo/ExDark_YOLO/images/train/2015_01186.JPEG,1,0.136919,1,0,1
/root/private_data/lowlight-object-detection/datasets_yolo/ExDark_YOLO/images/train/2015_01188.JPEG,1,0.346286,2,0,0
/root/private_data/lowlight-object-detection/datasets_yolo/ExDark_YOLO/images/train/2015_01191.JPEG,1,0.133100,1,0,1
/root/private_data/lowlight-object-detection/datasets_yolo/ExDark_YOLO/images/train/2015_01192.JPEG,1,0.404063,1,0,0
/root/private_data/lowlight-object-detection/datasets_yolo/ExDark_YOLO/images/train/2015_01193.JPEG,1,0.375572,1,0,0
/root/private_data/lowlight-object-detection/datasets_yolo/ExDark_YOLO/images/train/2015_01194.JPEG,1,0.279331,1,0,1
/root/private_data/lowlight-object-detection/datasets_yolo/ExDark_YOLO/images/train/2015_01195.JPEG,1,0.165688,1,0,1
/root/private_data/lowlight-object-detection/datasets_yolo/ExDark_YOLO/images/train/2015_01196.jpg,1,0.140529,1,0,1
/root/private_data/lowlight-object-detection/datasets_yolo/ExDark_YOLO/images/train/2015_01197.jpg,2,0.190199,6,1,1
/root/private_data/lowlight-object-detection/datasets_yolo/ExDark_YOLO/images/train/2015_01199.jpg,1,0.201496,1,0,1
/root/private_data/lowlight-object-detection/datasets_yolo/ExDark_YOLO/images/train/2015_01200.jpg,1,0.033843,1,0,1
/root/private_data/lowlight-object-detection/datasets_yolo/ExDark_YOLO/images/train/2015_01201.jpg,2,0.183223,4,1,1
/root/private_data/lowlight-object-detection/datasets_yolo/ExDark_YOLO/images/train/2015_01202.jpg,1,0.359809,1,0,0
/root/private_data/lowlight-object-detection/datasets_yolo/ExDark_YOLO/images/train/2015_01203.jpg,1,0.229767,3,0,1
/root/private_data/lowlight-object-detection/datasets_yolo/ExDark_YOLO/images/train/2015_01204.jpg,1,0.159944,4,0,1
/root/private_data/lowlight-object-detection/datasets_yolo/ExDark_YOLO/images/train/2015_01205.jpg,1,0.084322,2,0,1
/root/private_data/lowlight-object-detection/datasets_yolo/ExDark_YOLO/images/train/2015_01207.jpg,1,0.023221,1,0,1
/root/private_data/lowlight-object-detection/datasets_yolo/ExDark_YOLO/images/train/2015_01208.jpg,1,0.058304,1,0,1
/root/private_data/lowlight-object-detection/datasets_yolo/ExDark_YOLO/images/train/2015_01209.jpg,1,0.134478,2,0,1
/root/private_data/lowlight-object-detection/datasets_yolo/ExDark_YOLO/images/train/2015_01210.jpg,3,0.090096,10,1,1
/root/private_data/lowlight-object-detection/datasets_yolo/ExDark_YOLO/images/train/2015_01211.jpg,2,0.082060,4,1,1
/root/private_data/lowlight-object-detection/datasets_yolo/ExDark_YOLO/images/train/2015_01213.jpg,1,0.369503,1,0,0
/root/private_data/lowlight-object-detection/datasets_yolo/ExDark_YOLO/images/train/2015_01214.jpg,1,0.037908,1,0,1
/root/private_data/lowlight-object-detection/datasets_yolo/ExDark_YOLO/images/train/2015_01215.jpg,3,0.054019,4,1,1
/root/private_data/lowlight-object-detection/datasets_yolo/ExDark_YOLO/images/train/2015_01216.jpg,1,0.090365,3,0,1
/root/private_data/lowlight-object-detection/datasets_yolo/ExDark_YOLO/images/train/2015_01218.jpg,1,0.278502,2,0,1
/root/private_data/lowlight-object-detection/datasets_yolo/ExDark_YOLO/images/train/2015_01219.jpg,1,0.334290,3,1,0
/root/private_data/lowlight-object-detection/datasets_yolo/ExDark_YOLO/images/train/2015_01220.jpg,3,0.116725,6,1,1
/root/private_data/lowlight-object-detection/datasets_yolo/ExDark_YOLO/images/train/2015_01221.jpg,2,0.251659,2,1,1
/root/private_data/lowlight-object-detection/datasets_yolo/ExDark_YOLO/images/train/2015_01222.jpg,1,0.199377,1,0,1
/root/private_data/lowlight-object-detection/datasets_yolo/ExDark_YOLO/images/train/2015_01223.jpg,1,0.083410,1,0,1
/root/private_data/lowlight-object-detection/datasets_yolo/ExDark_YOLO/images/train/2015_01224.jpg,2,0.236926,2,1,1
/root/private_data/lowlight-object-detection/datasets_yolo/ExDark_YOLO/images/train/2015_01225.jpg,1,0.221608,4,0,1
/root/private_data/lowlight-object-detection/datasets_yolo/ExDark_YOLO/images/train/2015_01226.jpg,2,0.202392,7,1,1
/root/private_data/lowlight-object-detection/datasets_yolo/ExDark_YOLO/images/train/2015_01228.jpg,2,0.222423,2,1,1
/root/private_data/lowlight-object-detection/datasets_yolo/ExDark_YOLO/images/train/2015_01229.jpg,2,0.122653,2,1,1
/root/private_data/lowlight-object-detection/datasets_yolo/ExDark_YOLO/images/train/2015_01230.jpg,1,0.020203,1,0,1
/root/private_data/lowlight-object-detection/datasets_yolo/ExDark_YOLO/images/train/2015_01231.jpg,1,0.171139,1,0,1
/root/private_data/lowlight-object-detection/datasets_yolo/ExDark_YOLO/images/train/2015_01232.jpg,2,0.220761,3,1,1
/root/private_data/lowlight-object-detection/datasets_yolo/ExDark_YOLO/images/train/2015_01233.jpg,1,0.226132,2,0,1
/root/private_data/lowlight-object-detection/datasets_yolo/ExDark_YOLO/images/train/2015_01234.jpg,1,0.088733,1,0,1
/root/private_data/lowlight-object-detection/datasets_yolo/ExDark_YOLO/images/train/2015_01235.jpg,1,0.083338,2,0,1
/root/private_data/lowlight-object-detection/datasets_yolo/ExDark_YOLO/images/train/2015_01236.jpg,2,0.135098,9,1,1
/root/private_data/lowlight-object-detection/datasets_yolo/ExDark_YOLO/images/train/2015_01237.jpg,1,0.263336,1,0,1
/root/private_data/lowlight-object-detection/datasets_yolo/ExDark_YOLO/images/train/2015_01238.jpg,1,0.316595,1,0,0
/root/private_data/lowlight-object-detection/datasets_yolo/ExDark_YOLO/images/train/2015_01241.jpg,1,0.187075,1,0,1
/root/private_data/lowlight-object-detection/datasets_yolo/ExDark_YOLO/images/train/2015_01242.jpg,1,0.538486,1,0,0
/root/private_data/lowlight-object-detection/datasets_yolo/ExDark_YOLO/images/train/2015_01243.jpg,1,0.235371,1,0,1
/root/private_data/lowlight-object-detection/datasets_yolo/ExDark_YOLO/images/train/2015_01245.jpg,1,0.164624,1,0,1
/root/private_data/lowlight-object-detection/datasets_yolo/ExDark_YOLO/images/train/2015_01247.jpg,1,0.060812,1,0,1
/root/private_data/lowlight-object-detection/datasets_yolo/ExDark_YOLO/images/train/2015_01248.jpg,1,0.188832,1,0,1
/root/private_data/lowlight-object-detection/datasets_yolo/ExDark_YOLO/images/train/2015_01249.jpg,1,0.228706,5,0,1
/root/private_data/lowlight-object-detection/datasets_yolo/ExDark_YOLO/images/train/2015_01251.jpg,1,0.058173,1,0,1
/root/private_data/lowlight-object-detection/datasets_yolo/ExDark_YOLO/images/train/2015_01252.jpg,1,0.177669,4,0,1
/root/private_data/lowlight-object-detection/datasets_yolo/ExDark_YOLO/images/train/2015_01253.jpg,1,0.245366,1,0,1
/root/private_data/lowlight-object-detection/datasets_yolo/ExDark_YOLO/images/train/2015_01254.jpg,1,0.308613,3,1,0
/root/private_data/lowlight-object-detection/datasets_yolo/ExDark_YOLO/images/train/2015_01255.jpg,1,0.266130,1,0,1
/root/private_data/lowlight-object-detection/datasets_yolo/ExDark_YOLO/images/train/2015_01257.jpg,1,0.309480,1,0,0
/root/private_data/lowlight-object-detection/datasets_yolo/ExDark_YOLO/images/train/2015_01258.jpg,1,0.416018,3,1,0
/root/private_data/lowlight-object-detection/datasets_yolo/ExDark_YOLO/images/train/2015_01260.jpg,1,0.355062,1,0,0
/root/private_data/lowlight-object-detection/datasets_yolo/ExDark_YOLO/images/train/2015_01262.jpg,1,0.180578,1,0,1
/root/private_data/lowlight-object-detection/datasets_yolo/ExDark_YOLO/images/train/2015_01263.jpg,1,0.426463,1,0,0
/root/private_data/lowlight-object-detection/datasets_yolo/ExDark_YOLO/images/train/2015_01264.jpg,1,0.378580,1,0,0
/root/private_data/lowlight-object-detection/datasets_yolo/ExDark_YOLO/images/train/2015_01265.jpg,1,0.291022,1,0,1
/root/private_data/lowlight-object-detection/datasets_yolo/ExDark_YOLO/images/train/2015_01266.jpg,1,0.193715,1,0,1
/root/private_data/lowlight-object-detection/datasets_yolo/ExDark_YOLO/images/train/2015_01267.jpg,1,0.416343,1,0,0
/root/private_data/lowlight-object-detection/datasets_yolo/ExDark_YOLO/images/train/2015_01268.jpg,1,0.129234,2,0,1
/root/private_data/lowlight-object-detection/datasets_yolo/ExDark_YOLO/images/train/2015_01269.jpg,1,0.161882,1,0,1
/root/private_data/lowlight-object-detection/datasets_yolo/ExDark_YOLO/images/train/2015_01270.jpg,1,0.163617,1,0,1
/root/private_data/lowlight-object-detection/datasets_yolo/ExDark_YOLO/images/train/2015_01271.jpg,1,0.271859,1,0,1
/root/private_data/lowlight-object-detection/datasets_yolo/ExDark_YOLO/images/train/2015_01272.jpg,1,0.050167,1,0,1
/root/private_data/lowlight-object-detection/datasets_yolo/ExDark_YOLO/images/train/2015_01273.png,1,0.048961,2,0,1
/root/private_data/lowlight-object-detection/datasets_yolo/ExDark_YOLO/images/train/2015_01274.jpg,1,0.265302,1,0,1
/root/private_data/lowlight-object-detection/datasets_yolo/ExDark_YOLO/images/train/2015_01275.jpg,1,0.253207,1,0,1
/root/private_data/lowlight-object-detection/datasets_yolo/ExDark_YOLO/images/train/2015_01277.jpg,1,0.142403,1,0,1
/root/private_data/lowlight-object-detection/datasets_yolo/ExDark_YOLO/images/train/2015_01279.jpg,2,0.143307,5,1,1
/root/private_data/lowlight-object-detection/datasets_yolo/ExDark_YOLO/images/train/2015_01281.jpg,3,0.078506,9,1,1
/root/private_data/lowlight-object-detection/datasets_yolo/ExDark_YOLO/images/train/2015_01283.jpg,1,0.155807,1,0,1
/root/private_data/lowlight-object-detection/datasets_yolo/ExDark_YOLO/images/train/2015_01284.jpg,1,0.223799,1,0,1
/root/private_data/lowlight-object-detection/datasets_yolo/ExDark_YOLO/images/train/2015_01286.jpg,1,0.407412,1,0,0
/root/private_data/lowlight-object-detection/datasets_yolo/ExDark_YOLO/images/train/2015_01287.jpg,1,0.224977,2,0,1
/root/private_data/lowlight-object-detection/datasets_yolo/ExDark_YOLO/images/train/2015_01288.jpg,1,0.145615,1,0,1
/root/private_data/lowlight-object-detection/datasets_yolo/ExDark_YOLO/images/train/2015_01289.jpg,3,0.152464,11,1,1
/root/private_data/lowlight-object-detection/datasets_yolo/ExDark_YOLO/images/train/2015_01290.jpg,3,0.083851,5,1,1
/root/private_data/lowlight-object-detection/datasets_yolo/ExDark_YOLO/images/train/2015_01291.jpg,1,0.273017,1,0,1
/root/private_data/lowlight-object-detection/datasets_yolo/ExDark_YOLO/images/train/2015_01293.jpg,1,0.371360,13,1,0
/root/private_data/lowlight-object-detection/datasets_yolo/ExDark_YOLO/images/train/2015_01294.jpg,3,0.119322,6,1,1
/root/private_data/lowlight-object-detection/datasets_yolo/ExDark_YOLO/images/train/2015_01295.jpg,3,0.171387,4,1,1
/root/private_data/lowlight-object-detection/datasets_yolo/ExDark_YOLO/images/train/2015_01296.jpg,1,0.117676,2,0,1
/root/private_data/lowlight-object-detection/datasets_yolo/ExDark_YOLO/images/train/2015_01297.jpg,2,0.044986,3,1,1
/root/private_data/lowlight-object-detection/datasets_yolo/ExDark_YOLO/images/train/2015_01298.jpg,1,0.124230,6,0,1
/root/private_data/lowlight-object-detection/datasets_yolo/ExDark_YOLO/images/train/2015_01300.jpg,1,0.243488,1,0,1
/root/private_data/lowlight-object-detection/datasets_yolo/ExDark_YOLO/images/train/2015_01301.jpg,1,0.038984,1,0,1
/root/private_data/lowlight-object-detection/datasets_yolo/ExDark_YOLO/images/train/2015_01302.jpg,1,0.127836,3,0,1
/root/private_data/lowlight-object-detection/datasets_yolo/ExDark_YOLO/images/train/2015_01303.jpg,1,0.108229,4,0,1
/root/private_data/lowlight-object-detection/datasets_yolo/ExDark_YOLO/images/train/2015_01304.jpg,1,0.112604,1,0,1
/root/private_data/lowlight-object-detection/datasets_yolo/ExDark_YOLO/images/train/2015_01305.jpg,1,0.071211,2,0,1
/root/private_data/lowlight-object-detection/datasets_yolo/ExDark_YOLO/images/train/2015_01306.jpg,2,0.137502,7,1,1
/root/private_data/lowlight-object-detection/datasets_yolo/ExDark_YOLO/images/train/2015_01307.jpg,1,0.041717,2,0,1
/root/private_data/lowlight-object-detection/datasets_yolo/ExDark_YOLO/images/train/2015_01308.jpg,2,0.094222,9,1,1
/root/private_data/lowlight-object-detection/datasets_yolo/ExDark_YOLO/images/train/2015_01309.jpg,1,0.066999,2,0,1
/root/private_data/lowlight-object-detection/datasets_yolo/ExDark_YOLO/images/train/2015_01310.jpg,3,0.077526,4,1,1
/root/private_data/lowlight-object-detection/datasets_yolo/ExDark_YOLO/images/train/2015_01311.png,1,0.051896,2,0,1
/root/private_data/lowlight-object-detection/datasets_yolo/ExDark_YOLO/images/train/2015_01312.png,1,0.063328,2,0,1
/root/private_data/lowlight-object-detection/datasets_yolo/ExDark_YOLO/images/train/2015_01313.png,1,0.077637,2,0,1
/root/private_data/lowlight-object-detection/datasets_yolo/ExDark_YOLO/images/train/2015_01314.png,3,0.064618,12,1,1
/root/private_data/lowlight-object-detection/datasets_yolo/ExDark_YOLO/images/train/2015_01315.png,1,0.246709,3,0,1
/root/private_data/lowlight-object-detection/datasets_yolo/ExDark_YOLO/images/train/2015_01318.png,2,0.061486,3,1,1
/root/private_data/lowlight-object-detection/datasets_yolo/ExDark_YOLO/images/train/2015_01319.png,1,0.097062,2,0,1
/root/private_data/lowlight-object-detection/datasets_yolo/ExDark_YOLO/images/train/2015_01320.png,1,0.113031,3,0,1
/root/private_data/lowlight-object-detection/datasets_yolo/ExDark_YOLO/images/train/2015_01321.png,1,0.185118,3,0,1
/root/private_data/lowlight-object-detection/datasets_yolo/ExDark_YOLO/images/train/2015_01322.png,1,0.164737,5,0,1
/root/private_data/lowlight-object-detection/datasets_yolo/ExDark_YOLO/images/train/2015_01323.png,2,0.100672,5,1,1
/root/private_data/lowlight-object-detection/datasets_yolo/ExDark_YOLO/images/train/2015_01324.png,1,0.087778,2,0,1
/root/private_data/lowlight-object-detection/datasets_yolo/ExDark_YOLO/images/train/2015_01326.png,2,0.111204,13,1,1
/root/private_data/lowlight-object-detection/datasets_yolo/ExDark_YOLO/images/train/2015_01327.png,1,0.028492,4,0,1
/root/private_data/lowlight-object-detection/datasets_yolo/ExDark_YOLO/images/train/2015_01328.jpg,1,0.177612,3,0,1
/root/private_data/lowlight-object-detection/datasets_yolo/ExDark_YOLO/images/train/2015_01329.jpg,1,0.053215,3,0,1
/root/private_data/lowlight-object-detection/datasets_yolo/ExDark_YOLO/images/train/2015_01330.jpg,1,0.323463,1,0,0
/root/private_data/lowlight-object-detection/datasets_yolo/ExDark_YOLO/images/train/2015_01331.jpg,1,0.495888,1,0,0
/root/private_data/lowlight-object-detection/datasets_yolo/ExDark_YOLO/images/train/2015_01332.jpg,1,0.246645,5,0,1
/root/private_data/lowlight-object-detection/datasets_yolo/ExDark_YOLO/images/train/2015_01333.jpg,2,0.210975,14,1,1
/root/private_data/lowlight-object-detection/datasets_yolo/ExDark_YOLO/images/train/2015_01335.jpg,1,0.065024,3,0,1
/root/private_data/lowlight-object-detection/datasets_yolo/ExDark_YOLO/images/train/2015_01336.jpg,2,0.187578,17,1,1
/root/private_data/lowlight-object-detection/datasets_yolo/ExDark_YOLO/images/train/2015_01337.jpg,1,0.308960,5,0,0
/root/private_data/lowlight-object-detection/datasets_yolo/ExDark_YOLO/images/train/2015_01339.jpg,1,0.224543,4,0,1
/root/private_data/lowlight-object-detection/datasets_yolo/ExDark_YOLO/images/train/2015_01340.jpg,1,0.314545,2,0,0
/root/private_data/lowlight-object-detection/datasets_yolo/ExDark_YOLO/images/train/2015_01341.jpg,2,0.148340,12,1,1
/root/private_data/lowlight-object-detection/datasets_yolo/ExDark_YOLO/images/train/2015_01342.jpg,2,0.215598,10,1,1
/root/private_data/lowlight-object-detection/datasets_yolo/ExDark_YOLO/images/train/2015_01343.jpg,1,0.062581,4,0,1
/root/private_data/lowlight-object-detection/datasets_yolo/ExDark_YOLO/images/train/2015_01344.jpg,2,0.118441,17,1,1
/root/private_data/lowlight-object-detection/datasets_yolo/ExDark_YOLO/images/train/2015_01345.jpg,1,0.117020,3,0,1
/root/private_data/lowlight-object-detection/datasets_yolo/ExDark_YOLO/images/train/2015_01346.jpg,1,0.098927,2,0,1
/root/private_data/lowlight-object-detection/datasets_yolo/ExDark_YOLO/images/train/2015_01347.jpg,3,0.124157,8,1,1
/root/private_data/lowlight-object-detection/datasets_yolo/ExDark_YOLO/images/train/2015_01348.jpg,1,0.041315,3,0,1
/root/private_data/lowlight-object-detection/datasets_yolo/ExDark_YOLO/images/train/2015_01349.jpg,1,0.240973,4,0,1
/root/private_data/lowlight-object-detection/datasets_yolo/ExDark_YOLO/images/train/2015_01351.jpg,1,0.064509,2,0,1
/root/private_data/lowlight-object-detection/datasets_yolo/ExDark_YOLO/images/train/2015_01353.jpg,1,0.080980,3,0,1
/root/private_data/lowlight-object-detection/datasets_yolo/ExDark_YOLO/images/train/2015_01354.jpg,1,0.203289,1,0,1
/root/private_data/lowlight-object-detection/datasets_yolo/ExDark_YOLO/images/train/2015_01355.jpg,1,0.262178,2,0,1
/root/private_data/lowlight-object-detection/datasets_yolo/ExDark_YOLO/images/train/2015_01356.jpg,1,0.098581,4,0,1
/root/private_data/lowlight-object-detection/datasets_yolo/ExDark_YOLO/images/train/2015_01357.jpg,1,0.124871,8,0,1
/root/private_data/lowlight-object-detection/datasets_yolo/ExDark_YOLO/images/train/2015_01358.jpg,1,0.092281,7,0,1
/root/private_data/lowlight-object-detection/datasets_yolo/ExDark_YOLO/images/train/2015_01359.jpg,1,0.128131,3,0,1
/root/private_data/lowlight-object-detection/datasets_yolo/ExDark_YOLO/images/train/2015_01360.jpg,2,0.243002,12,1,1
/root/private_data/lowlight-object-detection/datasets_yolo/ExDark_YOLO/images/train/2015_01363.jpg,1,0.120807,1,0,1
/root/private_data/lowlight-object-detection/datasets_yolo/ExDark_YOLO/images/train/2015_01366.jpg,1,0.108876,7,0,1
/root/private_data/lowlight-object-detection/datasets_yolo/ExDark_YOLO/images/train/2015_01370.jpg,1,0.024703,3,0,1
/root/private_data/lowlight-object-detection/datasets_yolo/ExDark_YOLO/images/train/2015_01372.jpg,3,0.160374,8,1,1
/root/private_data/lowlight-object-detection/datasets_yolo/ExDark_YOLO/images/train/2015_01373.jpg,2,0.023479,6,1,1
/root/private_data/lowlight-object-detection/datasets_yolo/ExDark_YOLO/images/train/2015_01375.jpg,3,0.147732,11,1,1
/root/private_data/lowlight-object-detection/datasets_yolo/ExDark_YOLO/images/train/2015_01376.jpg,1,0.034614,8,0,1
/root/private_data/lowlight-object-detection/datasets_yolo/ExDark_YOLO/images/train/2015_01378.jpg,1,0.117116,6,0,1
/root/private_data/lowlight-object-detection/datasets_yolo/ExDark_YOLO/images/train/2015_01379.jpg,1,0.096556,4,0,1
/root/private_data/lowlight-object-detection/datasets_yolo/ExDark_YOLO/images/train/2015_01380.jpg,1,0.339959,3,0,0
/root/private_data/lowlight-object-detection/datasets_yolo/ExDark_YOLO/images/train/2015_01381.jpg,1,0.186838,5,0,1
/root/private_data/lowlight-object-detection/datasets_yolo/ExDark_YOLO/images/train/2015_01382.jpg,1,0.167046,2,0,1
/root/private_data/lowlight-object-detection/datasets_yolo/ExDark_YOLO/images/train/2015_01383.jpg,1,0.192333,5,0,1
/root/private_data/lowlight-object-detection/datasets_yolo/ExDark_YOLO/images/train/2015_01384.jpg,1,0.021164,3,0,1
/root/private_data/lowlight-object-detection/datasets_yolo/ExDark_YOLO/images/train/2015_01385.jpg,1,0.152263,6,0,1
/root/private_data/lowlight-object-detection/datasets_yolo/ExDark_YOLO/images/train/2015_01386.jpg,1,0.045107,2,0,1
/root/private_data/lowlight-object-detection/datasets_yolo/ExDark_YOLO/images/train/2015_01387.jpg,2,0.159997,9,1,1
/root/private_data/lowlight-object-detection/datasets_yolo/ExDark_YOLO/images/train/2015_01389.jpg,1,0.139694,2,0,1
/root/private_data/lowlight-object-detection/datasets_yolo/ExDark_YOLO/images/train/2015_01390.jpg,1,0.127284,1,0,1
/root/private_data/lowlight-object-detection/datasets_yolo/ExDark_YOLO/images/train/2015_01391.jpg,1,0.112516,3,0,1
/root/private_data/lowlight-object-detection/datasets_yolo/ExDark_YOLO/images/train/2015_01393.jpg,1,0.184669,1,0,1
/root/private_data/lowlight-object-detection/datasets_yolo/ExDark_YOLO/images/train/2015_01394.jpg,1,0.152441,1,0,1
/root/private_data/lowlight-object-detection/datasets_yolo/ExDark_YOLO/images/train/2015_01396.jpg,1,0.173761,2,0,1
/root/private_data/lowlight-object-detection/datasets_yolo/ExDark_YOLO/images/train/2015_01397.jpg,1,0.059230,2,0,1
/root/private_data/lowlight-object-detection/datasets_yolo/ExDark_YOLO/images/train/2015_01399.jpg,2,0.224180,9,1,1
/root/private_data/lowlight-object-detection/datasets_yolo/ExDark_YOLO/images/train/2015_01400.jpg,2,0.226120,8,1,1
/root/private_data/lowlight-object-detection/datasets_yolo/ExDark_YOLO/images/train/2015_01401.jpg,2,0.292742,18,1,1
/root/private_data/lowlight-object-detection/datasets_yolo/ExDark_YOLO/images/train/2015_01402.jpg,1,0.117969,3,0,1
/root/private_data/lowlight-object-detection/datasets_yolo/ExDark_YOLO/images/train/2015_01403.jpg,3,0.100008,8,1,1
/root/private_data/lowlight-object-detection/datasets_yolo/ExDark_YOLO/images/train/2015_01404.jpg,2,0.199190,8,1,1
/root/private_data/lowlight-object-detection/datasets_yolo/ExDark_YOLO/images/train/2015_01405.jpg,1,0.162709,11,0,1
/root/private_data/lowlight-object-detection/datasets_yolo/ExDark_YOLO/images/train/2015_01406.jpg,2,0.233536,12,1,1
/root/private_data/lowlight-object-detection/datasets_yolo/ExDark_YOLO/images/train/2015_01408.jpg,1,0.258701,2,0,1
/root/private_data/lowlight-object-detection/datasets_yolo/ExDark_YOLO/images/train/2015_01409.jpg,3,0.119142,17,1,1
/root/private_data/lowlight-object-detection/datasets_yolo/ExDark_YOLO/images/train/2015_01410.jpg,1,0.180094,1,0,1
/root/private_data/lowlight-object-detection/datasets_yolo/ExDark_YOLO/images/train/2015_01411.jpg,1,0.156202,3,0,1
/root/private_data/lowlight-object-detection/datasets_yolo/ExDark_YOLO/images/train/2015_01414.jpg,1,0.236245,10,0,1
/root/private_data/lowlight-object-detection/datasets_yolo/ExDark_YOLO/images/train/2015_01415.jpg,1,0.245652,4,0,1
/root/private_data/lowlight-object-detection/datasets_yolo/ExDark_YOLO/images/train/2015_01417.jpg,1,0.072490,3,0,1
/root/private_data/lowlight-object-detection/datasets_yolo/ExDark_YOLO/images/train/2015_01418.jpg,2,0.228838,15,1,1
/root/private_data/lowlight-object-detection/datasets_yolo/ExDark_YOLO/images/train/2015_01419.jpg,2,0.213376,11,1,1
/root/private_data/lowlight-object-detection/datasets_yolo/ExDark_YOLO/images/train/2015_01421.jpg,1,0.325263,5,0,0
/root/private_data/lowlight-object-detection/datasets_yolo/ExDark_YOLO/images/train/2015_01422.jpg,1,0.315075,2,0,0
/root/private_data/lowlight-object-detection/datasets_yolo/ExDark_YOLO/images/train/2015_01424.jpg,1,0.421889,2,0,0
/root/private_data/lowlight-object-detection/datasets_yolo/ExDark_YOLO/images/train/2015_01426.jpg,3,0.134814,9,1,1
/root/private_data/lowlight-object-detection/datasets_yolo/ExDark_YOLO/images/train/2015_01427.jpg,2,0.206949,12,1,1
/root/private_data/lowlight-object-detection/datasets_yolo/ExDark_YOLO/images/train/2015_01428.jpg,1,0.266822,8,0,1
/root/private_data/lowlight-object-detection/datasets_yolo/ExDark_YOLO/images/train/2015_01429.jpg,2,0.201256,4,1,1
/root/private_data/lowlight-object-detection/datasets_yolo/ExDark_YOLO/images/train/2015_01430.jpg,1,0.411370,4,0,0
/root/private_data/lowlight-object-detection/datasets_yolo/ExDark_YOLO/images/train/2015_01431.jpg,1,0.166392,2,0,1
/root/private_data/lowlight-object-detection/datasets_yolo/ExDark_YOLO/images/train/2015_01432.jpg,1,0.137196,3,0,1
/root/private_data/lowlight-object-detection/datasets_yolo/ExDark_YOLO/images/train/2015_01433.jpg,1,0.128238,1,0,1
/root/private_data/lowlight-object-detection/datasets_yolo/ExDark_YOLO/images/train/2015_01435.jpg,2,0.298014,8,1,1
/root/private_data/lowlight-object-detection/datasets_yolo/ExDark_YOLO/images/train/2015_01436.jpg,1,0.287913,4,0,1
/root/private_data/lowlight-object-detection/datasets_yolo/ExDark_YOLO/images/train/2015_01437.jpg,2,0.121634,10,1,1
/root/private_data/lowlight-object-detection/datasets_yolo/ExDark_YOLO/images/train/2015_01438.jpg,1,0.163828,2,0,1
/root/private_data/lowlight-object-detection/datasets_yolo/ExDark_YOLO/images/train/2015_01439.jpg,1,0.094254,3,0,1
/root/private_data/lowlight-object-detection/datasets_yolo/ExDark_YOLO/images/train/2015_01440.jpg,2,0.133004,8,1,1
/root/private_data/lowlight-object-detection/datasets_yolo/ExDark_YOLO/images/train/2015_01441.jpg,3,0.144982,19,1,1
/root/private_data/lowlight-object-detection/datasets_yolo/ExDark_YOLO/images/train/2015_01442.jpg,1,0.105959,2,0,1
/root/private_data/lowlight-object-detection/datasets_yolo/ExDark_YOLO/images/train/2015_01443.jpg,1,0.025720,5,0,1
/root/private_data/lowlight-object-detection/datasets_yolo/ExDark_YOLO/images/train/2015_01445.jpg,1,0.094203,3,0,1
/root/private_data/lowlight-object-detection/datasets_yolo/ExDark_YOLO/images/train/2015_01448.jpg,1,0.194905,1,0,1
/root/private_data/lowlight-object-detection/datasets_yolo/ExDark_YOLO/images/train/2015_01450.jpg,1,0.162682,7,0,1
/root/private_data/lowlight-object-detection/datasets_yolo/ExDark_YOLO/images/train/2015_01451.jpg,1,0.120002,2,0,1
/root/private_data/lowlight-object-detection/datasets_yolo/ExDark_YOLO/images/train/2015_01452.jpg,1,0.172479,1,0,1
/root/private_data/lowlight-object-detection/datasets_yolo/ExDark_YOLO/images/train/2015_01453.jpg,1,0.149191,3,0,1
/root/private_data/lowlight-object-detection/datasets_yolo/ExDark_YOLO/images/train/2015_01454.jpg,2,0.089580,13,1,1
/root/private_data/lowlight-object-detection/datasets_yolo/ExDark_YOLO/images/train/2015_01455.jpg,3,0.122773,5,1,1
/root/private_data/lowlight-object-detection/datasets_yolo/ExDark_YOLO/images/train/2015_01456.jpg,1,0.343769,6,0,0
/root/private_data/lowlight-object-detection/datasets_yolo/ExDark_YOLO/images/train/2015_01458.jpg,1,0.129416,1,0,1
/root/private_data/lowlight-object-detection/datasets_yolo/ExDark_YOLO/images/train/2015_01462.jpg,1,0.157830,8,0,1
/root/private_data/lowlight-object-detection/datasets_yolo/ExDark_YOLO/images/train/2015_01463.jpg,1,0.216973,4,0,1
/root/private_data/lowlight-object-detection/datasets_yolo/ExDark_YOLO/images/train/2015_01464.jpg,1,0.062737,3,0,1
/root/private_data/lowlight-object-detection/datasets_yolo/ExDark_YOLO/images/train/2015_01465.jpg,1,0.208319,5,0,1
/root/private_data/lowlight-object-detection/datasets_yolo/ExDark_YOLO/images/train/2015_01466.jpg,1,0.105902,1,0,1
/root/private_data/lowlight-object-detection/datasets_yolo/ExDark_YOLO/images/train/2015_01467.jpg,1,0.117245,1,0,1
/root/private_data/lowlight-object-detection/datasets_yolo/ExDark_YOLO/images/train/2015_01468.jpg,3,0.095213,15,1,1
/root/private_data/lowlight-object-detection/datasets_yolo/ExDark_YOLO/images/train/2015_01469.jpg,1,0.256656,1,0,1
/root/private_data/lowlight-object-detection/datasets_yolo/ExDark_YOLO/images/train/2015_01470.jpg,1,0.153538,6,0,1
/root/private_data/lowlight-object-detection/datasets_yolo/ExDark_YOLO/images/train/2015_01471.jpg,1,0.367958,5,1,0
/root/private_data/lowlight-object-detection/datasets_yolo/ExDark_YOLO/images/train/2015_01472.jpg,1,0.084310,1,0,1
/root/private_data/lowlight-object-detection/datasets_yolo/ExDark_YOLO/images/train/2015_01473.jpg,1,0.174731,1,0,1
/root/private_data/lowlight-object-detection/datasets_yolo/ExDark_YOLO/images/train/2015_01474.jpg,1,0.019617,1,0,1
/root/private_data/lowlight-object-detection/datasets_yolo/ExDark_YOLO/images/train/2015_01475.jpg,2,0.116622,5,1,1
/root/private_data/lowlight-object-detection/datasets_yolo/ExDark_YOLO/images/train/2015_01476.jpg,2,0.193230,5,1,1
/root/private_data/lowlight-object-detection/datasets_yolo/ExDark_YOLO/images/train/2015_01477.jpg,1,0.109348,2,0,1
/root/private_data/lowlight-object-detection/datasets_yolo/ExDark_YOLO/images/train/2015_01478.jpg,1,0.147777,1,0,1
/root/private_data/lowlight-object-detection/datasets_yolo/ExDark_YOLO/images/train/2015_01479.jpg,1,0.250229,9,0,1
/root/private_data/lowlight-object-detection/datasets_yolo/ExDark_YOLO/images/train/2015_01480.jpg,3,0.079346,6,1,1
/root/private_data/lowlight-object-detection/datasets_yolo/ExDark_YOLO/images/train/2015_01482.jpg,1,0.118710,2,0,1
/root/private_data/lowlight-object-detection/datasets_yolo/ExDark_YOLO/images/train/2015_01484.jpg,1,0.193985,3,0,1
/root/private_data/lowlight-object-detection/datasets_yolo/ExDark_YOLO/images/train/2015_01485.jpg,3,0.161041,1,1,1
/root/private_data/lowlight-object-detection/datasets_yolo/ExDark_YOLO/images/train/2015_01487.jpg,2,0.204504,13,1,1
/root/private_data/lowlight-object-detection/datasets_yolo/ExDark_YOLO/images/train/2015_01488.jpg,1,0.130934,2,0,1
/root/private_data/lowlight-object-detection/datasets_yolo/ExDark_YOLO/images/train/2015_01489.jpg,3,0.086029,13,1,1
/root/private_data/lowlight-object-detection/datasets_yolo/ExDark_YOLO/images/train/2015_01490.jpg,1,0.185810,2,0,1
/root/private_data/lowlight-object-detection/datasets_yolo/ExDark_YOLO/images/train/2015_01491.jpg,2,0.058633,5,1,1
/root/private_data/lowlight-object-detection/datasets_yolo/ExDark_YOLO/images/train/2015_01493.jpg,2,0.079733,10,1,1
/root/private_data/lowlight-object-detection/datasets_yolo/ExDark_YOLO/images/train/2015_01494.jpg,1,0.208824,1,0,1
/root/private_data/lowlight-object-detection/datasets_yolo/ExDark_YOLO/images/train/2015_01495.jpg,1,0.136432,3,0,1
/root/private_data/lowlight-object-detection/datasets_yolo/ExDark_YOLO/images/train/2015_01497.jpg,1,0.281018,4,0,1
/root/private_data/lowlight-object-detection/datasets_yolo/ExDark_YOLO/images/train/2015_01500.jpg,1,0.119131,2,0,1
/root/private_data/lowlight-object-detection/datasets_yolo/ExDark_YOLO/images/train/2015_01502.jpg,1,0.129563,1,0,1
/root/private_data/lowlight-object-detection/datasets_yolo/ExDark_YOLO/images/train/2015_01503.jpg,1,0.085559,1,0,1
/root/private_data/lowlight-object-detection/datasets_yolo/ExDark_YOLO/images/train/2015_01504.jpg,1,0.044131,7,0,1
/root/private_data/lowlight-object-detection/datasets_yolo/ExDark_YOLO/images/train/2015_01506.jpg,1,0.150976,2,0,1
/root/private_data/lowlight-object-detection/datasets_yolo/ExDark_YOLO/images/train/2015_01507.jpg,1,0.071387,3,0,1
/root/private_data/lowlight-object-detection/datasets_yolo/ExDark_YOLO/images/train/2015_01508.jpg,1,0.175386,2,0,1
/root/private_data/lowlight-object-detection/datasets_yolo/ExDark_YOLO/images/train/2015_01509.jpg,1,0.179181,1,0,1
/root/private_data/lowlight-object-detection/datasets_yolo/ExDark_YOLO/images/train/2015_01510.jpg,1,0.116336,4,0,1
/root/private_data/lowlight-object-detection/datasets_yolo/ExDark_YOLO/images/train/2015_01511.jpg,1,0.076158,3,0,1
/root/private_data/lowlight-object-detection/datasets_yolo/ExDark_YOLO/images/train/2015_01512.jpg,2,0.145906,11,1,1
/root/private_data/lowlight-object-detection/datasets_yolo/ExDark_YOLO/images/train/2015_01514.jpg,1,0.129806,4,0,1
/root/private_data/lowlight-object-detection/datasets_yolo/ExDark_YOLO/images/train/2015_01517.jpg,1,0.124866,1,0,1
/root/private_data/lowlight-object-detection/datasets_yolo/ExDark_YOLO/images/train/2015_01519.jpg,1,0.089901,4,0,1
/root/private_data/lowlight-object-detection/datasets_yolo/ExDark_YOLO/images/train/2015_01520.jpg,1,0.164071,7,0,1
/root/private_data/lowlight-object-detection/datasets_yolo/ExDark_YOLO/images/train/2015_01522.jpg,1,0.268424,2,0,1
/root/private_data/lowlight-object-detection/datasets_yolo/ExDark_YOLO/images/train/2015_01523.jpg,1,0.041992,1,0,1
/root/private_data/lowlight-object-detection/datasets_yolo/ExDark_YOLO/images/train/2015_01524.jpg,3,0.139016,5,1,1
/root/private_data/lowlight-object-detection/datasets_yolo/ExDark_YOLO/images/train/2015_01525.jpg,2,0.219798,7,1,1
/root/private_data/lowlight-object-detection/datasets_yolo/ExDark_YOLO/images/train/2015_01526.jpg,1,0.288023,1,0,1
/root/private_data/lowlight-object-detection/datasets_yolo/ExDark_YOLO/images/train/2015_01527.jpg,1,0.118266,8,0,1
/root/private_data/lowlight-object-detection/datasets_yolo/ExDark_YOLO/images/train/2015_01528.jpg,1,0.098603,4,0,1
/root/private_data/lowlight-object-detection/datasets_yolo/ExDark_YOLO/images/train/2015_01529.jpg,2,0.097092,12,1,1
/root/private_data/lowlight-object-detection/datasets_yolo/ExDark_YOLO/images/train/2015_01530.jpg,1,0.098055,3,0,1
/root/private_data/lowlight-object-detection/datasets_yolo/ExDark_YOLO/images/train/2015_01531.jpg,1,0.066598,1,0,1
/root/private_data/lowlight-object-detection/datasets_yolo/ExDark_YOLO/images/train/2015_01532.jpg,1,0.169506,7,0,1
/root/private_data/lowlight-object-detection/datasets_yolo/ExDark_YOLO/images/train/2015_01533.jpg,1,0.213433,6,0,1
/root/private_data/lowlight-object-detection/datasets_yolo/ExDark_YOLO/images/train/2015_01535.jpg,1,0.271997,1,0,1
/root/private_data/lowlight-object-detection/datasets_yolo/ExDark_YOLO/images/train/2015_01536.jpg,1,0.046631,2,0,1
/root/private_data/lowlight-object-detection/datasets_yolo/ExDark_YOLO/images/train/2015_01537.jpg,1,0.010770,2,0,1
/root/private_data/lowlight-object-detection/datasets_yolo/ExDark_YOLO/images/train/2015_01538.jpg,1,0.060412,1,0,1
/root/private_data/lowlight-object-detection/datasets_yolo/ExDark_YOLO/images/train/2015_01541.jpg,1,0.162390,1,0,1
/root/private_data/lowlight-object-detection/datasets_yolo/ExDark_YOLO/images/train/2015_01542.jpg,1,0.170244,3,0,1
/root/private_data/lowlight-object-detection/datasets_yolo/ExDark_YOLO/images/train/2015_01543.jpg,1,0.077362,3,0,1
/root/private_data/lowlight-object-detection/datasets_yolo/ExDark_YOLO/images/train/2015_01545.jpg,1,0.121186,1,0,1
/root/private_data/lowlight-object-detection/datasets_yolo/ExDark_YOLO/images/train/2015_01546.jpg,1,0.232322,1,0,1
/root/private_data/lowlight-object-detection/datasets_yolo/ExDark_YOLO/images/train/2015_01547.jpg,1,0.149053,2,0,1
/root/private_data/lowlight-object-detection/datasets_yolo/ExDark_YOLO/images/train/2015_01550.jpg,1,0.095477,1,0,1
/root/private_data/lowlight-object-detection/datasets_yolo/ExDark_YOLO/images/train/2015_01551.jpg,1,0.095152,7,0,1
/root/private_data/lowlight-object-detection/datasets_yolo/ExDark_YOLO/images/train/2015_01552.jpg,1,0.161603,3,0,1
/root/private_data/lowlight-object-detection/datasets_yolo/ExDark_YOLO/images/train/2015_01555.jpg,1,0.112450,1,0,1
/root/private_data/lowlight-object-detection/datasets_yolo/ExDark_YOLO/images/train/2015_01556.jpg,1,0.130625,7,0,1
/root/private_data/lowlight-object-detection/datasets_yolo/ExDark_YOLO/images/train/2015_01557.jpg,1,0.313380,1,0,0
/root/private_data/lowlight-object-detection/datasets_yolo/ExDark_YOLO/images/train/2015_01558.jpg,1,0.115105,1,0,1
/root/private_data/lowlight-object-detection/datasets_yolo/ExDark_YOLO/images/train/2015_01559.jpg,3,0.150502,5,1,1
/root/private_data/lowlight-object-detection/datasets_yolo/ExDark_YOLO/images/train/2015_01560.jpg,1,0.099510,2,0,1
/root/private_data/lowlight-object-detection/datasets_yolo/ExDark_YOLO/images/train/2015_01561.jpg,1,0.067241,1,0,1
/root/private_data/lowlight-object-detection/datasets_yolo/ExDark_YOLO/images/train/2015_01562.jpg,1,0.126911,2,0,1
/root/private_data/lowlight-object-detection/datasets_yolo/ExDark_YOLO/images/train/2015_01563.jpg,1,0.037010,1,0,1
/root/private_data/lowlight-object-detection/datasets_yolo/ExDark_YOLO/images/train/2015_01564.jpg,1,0.101201,1,0,1
/root/private_data/lowlight-object-detection/datasets_yolo/ExDark_YOLO/images/train/2015_01566.jpg,1,0.033979,3,0,1
/root/private_data/lowlight-object-detection/datasets_yolo/ExDark_YOLO/images/train/2015_01567.jpg,1,0.144479,1,0,1
/root/private_data/lowlight-object-detection/datasets_yolo/ExDark_YOLO/images/train/2015_01568.jpg,1,0.084093,4,0,1
/root/private_data/lowlight-object-detection/datasets_yolo/ExDark_YOLO/images/train/2015_01569.jpg,1,0.103912,1,0,1
/root/private_data/lowlight-object-detection/datasets_yolo/ExDark_YOLO/images/train/2015_01570.jpg,1,0.165509,1,0,1
/root/private_data/lowlight-object-detection/datasets_yolo/ExDark_YOLO/images/train/2015_01571.jpg,1,0.139832,1,0,1
/root/private_data/lowlight-object-detection/datasets_yolo/ExDark_YOLO/images/train/2015_01572.jpg,1,0.108760,9,0,1
/root/private_data/lowlight-object-detection/datasets_yolo/ExDark_YOLO/images/train/2015_01573.jpg,3,0.074925,9,1,1
/root/private_data/lowlight-object-detection/datasets_yolo/ExDark_YOLO/images/train/2015_01575.jpg,1,0.115431,1,0,1
/root/private_data/lowlight-object-detection/datasets_yolo/ExDark_YOLO/images/train/2015_01576.jpg,1,0.172341,2,0,1
/root/private_data/lowlight-object-detection/datasets_yolo/ExDark_YOLO/images/train/2015_01577.jpg,1,0.032349,2,0,1
/root/private_data/lowlight-object-detection/datasets_yolo/ExDark_YOLO/images/train/2015_01578.jpg,1,0.097207,3,0,1
/root/private_data/lowlight-object-detection/datasets_yolo/ExDark_YOLO/images/train/2015_01580.jpg,1,0.064766,1,0,1
/root/private_data/lowlight-object-detection/datasets_yolo/ExDark_YOLO/images/train/2015_01581.jpg,1,0.091375,2,0,1
/root/private_data/lowlight-object-detection/datasets_yolo/ExDark_YOLO/images/train/2015_01582.jpg,1,0.065260,3,0,1
/root/private_data/lowlight-object-detection/datasets_yolo/ExDark_YOLO/images/train/2015_01583.jpg,1,0.080031,5,0,1
/root/private_data/lowlight-object-detection/datasets_yolo/ExDark_YOLO/images/train/2015_01584.jpg,2,0.045238,6,1,1
/root/private_data/lowlight-object-detection/datasets_yolo/ExDark_YOLO/images/train/2015_01585.jpg,1,0.112258,2,0,1
/root/private_data/lowlight-object-detection/datasets_yolo/ExDark_YOLO/images/train/2015_01586.jpg,1,0.008274,1,0,1
/root/private_data/lowlight-object-detection/datasets_yolo/ExDark_YOLO/images/train/2015_01587.jpg,1,0.032609,1,0,1
/root/private_data/lowlight-object-detection/datasets_yolo/ExDark_YOLO/images/train/2015_01588.jpg,1,0.094868,1,0,1
/root/private_data/lowlight-object-detection/datasets_yolo/ExDark_YOLO/images/train/2015_01589.jpg,1,0.167504,1,0,1
/root/private_data/lowlight-object-detection/datasets_yolo/ExDark_YOLO/images/train/2015_01590.jpg,1,0.150530,1,0,1
/root/private_data/lowlight-object-detection/datasets_yolo/ExDark_YOLO/images/train/2015_01591.jpg,1,0.134112,1,0,1
/root/private_data/lowlight-object-detection/datasets_yolo/ExDark_YOLO/images/train/2015_01592.jpg,1,0.057103,1,0,1
/root/private_data/lowlight-object-detection/datasets_yolo/ExDark_YOLO/images/train/2015_01593.jpg,1,0.115649,1,0,1
/root/private_data/lowlight-object-detection/datasets_yolo/ExDark_YOLO/images/train/2015_01595.jpg,1,0.085004,1,0,1
/root/private_data/lowlight-object-detection/datasets_yolo/ExDark_YOLO/images/train/2015_01596.jpg,1,0.116845,1,0,1
/root/private_data/lowlight-object-detection/datasets_yolo/ExDark_YOLO/images/train/2015_01601.jpg,1,0.285601,1,0,1
/root/private_data/lowlight-object-detection/datasets_yolo/ExDark_YOLO/images/train/2015_01602.jpg,1,0.156231,3,0,1
/root/private_data/lowlight-object-detection/datasets_yolo/ExDark_YOLO/images/train/2015_01604.jpg,1,0.146162,3,0,1
/root/private_data/lowlight-object-detection/datasets_yolo/ExDark_YOLO/images/train/2015_01605.jpg,1,0.128027,5,0,1
/root/private_data/lowlight-object-detection/datasets_yolo/ExDark_YOLO/images/train/2015_01606.jpg,1,0.088346,5,0,1
/root/private_data/lowlight-object-detection/datasets_yolo/ExDark_YOLO/images/train/2015_01608.jpg,1,0.262282,3,0,1
/root/private_data/lowlight-object-detection/datasets_yolo/ExDark_YOLO/images/train/2015_01609.jpg,1,0.080344,1,0,1
/root/private_data/lowlight-object-detection/datasets_yolo/ExDark_YOLO/images/train/2015_01610.jpg,2,0.181075,3,1,1
/root/private_data/lowlight-object-detection/datasets_yolo/ExDark_YOLO/images/train/2015_01613.jpg,1,0.233614,2,0,1
/root/private_data/lowlight-object-detection/datasets_yolo/ExDark_YOLO/images/train/2015_01615.jpg,1,0.258402,1,0,1
/root/private_data/lowlight-object-detection/datasets_yolo/ExDark_YOLO/images/train/2015_01616.jpg,1,0.015155,1,0,1
/root/private_data/lowlight-object-detection/datasets_yolo/ExDark_YOLO/images/train/2015_01617.jpg,1,0.334553,7,0,0
/root/private_data/lowlight-object-detection/datasets_yolo/ExDark_YOLO/images/train/2015_01618.jpg,1,0.188470,2,0,1
/root/private_data/lowlight-object-detection/datasets_yolo/ExDark_YOLO/images/train/2015_01619.jpg,2,0.184061,7,1,1
/root/private_data/lowlight-object-detection/datasets_yolo/ExDark_YOLO/images/train/2015_01621.jpg,1,0.257440,2,0,1
/root/private_data/lowlight-object-detection/datasets_yolo/ExDark_YOLO/images/train/2015_01622.jpg,1,0.279459,1,0,1
/root/private_data/lowlight-object-detection/datasets_yolo/ExDark_YOLO/images/train/2015_01624.jpg,1,0.021386,2,0,1
/root/private_data/lowlight-object-detection/datasets_yolo/ExDark_YOLO/images/train/2015_01625.jpg,1,0.118265,3,0,1
/root/private_data/lowlight-object-detection/datasets_yolo/ExDark_YOLO/images/train/2015_01626.jpg,1,0.107607,12,0,1
/root/private_data/lowlight-object-detection/datasets_yolo/ExDark_YOLO/images/train/2015_01627.jpg,2,0.060427,4,1,1
/root/private_data/lowlight-object-detection/datasets_yolo/ExDark_YOLO/images/train/2015_01628.jpg,1,0.042944,3,0,1
/root/private_data/lowlight-object-detection/datasets_yolo/ExDark_YOLO/images/train/2015_01629.jpg,3,0.051501,18,1,1
/root/private_data/lowlight-object-detection/datasets_yolo/ExDark_YOLO/images/train/2015_01630.jpg,1,0.174904,4,0,1
/root/private_data/lowlight-object-detection/datasets_yolo/ExDark_YOLO/images/train/2015_01631.jpg,1,0.055935,3,0,1
/root/private_data/lowlight-object-detection/datasets_yolo/ExDark_YOLO/images/train/2015_01632.jpg,1,0.068117,1,0,1
/root/private_data/lowlight-object-detection/datasets_yolo/ExDark_YOLO/images/train/2015_01634.jpg,1,0.015039,1,0,1
/root/private_data/lowlight-object-detection/datasets_yolo/ExDark_YOLO/images/train/2015_01635.jpg,1,0.077513,4,0,1
/root/private_data/lowlight-object-detection/datasets_yolo/ExDark_YOLO/images/train/2015_01636.jpg,1,0.066149,1,0,1
/root/private_data/lowlight-object-detection/datasets_yolo/ExDark_YOLO/images/train/2015_01637.jpg,1,0.395629,1,0,0
/root/private_data/lowlight-object-detection/datasets_yolo/ExDark_YOLO/images/train/2015_01640.jpg,3,0.150620,15,1,1
/root/private_data/lowlight-object-detection/datasets_yolo/ExDark_YOLO/images/train/2015_01641.jpg,1,0.249440,3,0,1
/root/private_data/lowlight-object-detection/datasets_yolo/ExDark_YOLO/images/train/2015_01642.jpg,2,0.238033,26,1,1
/root/private_data/lowlight-object-detection/datasets_yolo/ExDark_YOLO/images/train/2015_01643.jpg,2,0.262377,8,1,1
/root/private_data/lowlight-object-detection/datasets_yolo/ExDark_YOLO/images/train/2015_01644.jpg,2,0.184627,5,1,1
/root/private_data/lowlight-object-detection/datasets_yolo/ExDark_YOLO/images/train/2015_01645.jpg,1,0.102367,3,0,1
/root/private_data/lowlight-object-detection/datasets_yolo/ExDark_YOLO/images/train/2015_01646.jpg,2,0.226182,4,1,1
/root/private_data/lowlight-object-detection/datasets_yolo/ExDark_YOLO/images/train/2015_01647.jpg,3,0.113738,13,1,1
/root/private_data/lowlight-object-detection/datasets_yolo/ExDark_YOLO/images/train/2015_01648.jpg,1,0.070379,1,0,1
/root/private_data/lowlight-object-detection/datasets_yolo/ExDark_YOLO/images/train/2015_01651.jpg,2,0.228953,10,1,1
/root/private_data/lowlight-object-detection/datasets_yolo/ExDark_YOLO/images/train/2015_01652.jpg,1,0.165284,3,0,1
/root/private_data/lowlight-object-detection/datasets_yolo/ExDark_YOLO/images/train/2015_01653.jpg,1,0.172382,2,0,1
/root/private_data/lowlight-object-detection/datasets_yolo/ExDark_YOLO/images/train/2015_01655.jpg,1,0.139986,2,0,1
/root/private_data/lowlight-object-detection/datasets_yolo/ExDark_YOLO/images/train/2015_01656.jpg,1,0.161274,4,0,1
/root/private_data/lowlight-object-detection/datasets_yolo/ExDark_YOLO/images/train/2015_01657.jpg,2,0.216313,5,1,1
/root/private_data/lowlight-object-detection/datasets_yolo/ExDark_YOLO/images/train/2015_01658.jpg,1,0.302001,2,0,0
/root/private_data/lowlight-object-detection/datasets_yolo/ExDark_YOLO/images/train/2015_01660.jpg,2,0.185258,4,1,1
/root/private_data/lowlight-object-detection/datasets_yolo/ExDark_YOLO/images/train/2015_01662.jpg,3,0.155711,5,1,1
/root/private_data/lowlight-object-detection/datasets_yolo/ExDark_YOLO/images/train/2015_01665.jpg,2,0.121006,3,1,1
/root/private_data/lowlight-object-detection/datasets_yolo/ExDark_YOLO/images/train/2015_01666.jpg,1,0.226018,2,0,1
/root/private_data/lowlight-object-detection/datasets_yolo/ExDark_YOLO/images/train/2015_01668.jpg,1,0.134238,3,0,1
/root/private_data/lowlight-object-detection/datasets_yolo/ExDark_YOLO/images/train/2015_01670.jpg,1,0.098836,2,0,1
/root/private_data/lowlight-object-detection/datasets_yolo/ExDark_YOLO/images/train/2015_01671.jpg,2,0.233016,11,1,1
/root/private_data/lowlight-object-detection/datasets_yolo/ExDark_YOLO/images/train/2015_01672.jpg,1,0.094496,2,0,1
/root/private_data/lowlight-object-detection/datasets_yolo/ExDark_YOLO/images/train/2015_01674.jpg,2,0.249890,27,1,1
/root/private_data/lowlight-object-detection/datasets_yolo/ExDark_YOLO/images/train/2015_01675.jpg,1,0.130300,4,0,1
/root/private_data/lowlight-object-detection/datasets_yolo/ExDark_YOLO/images/train/2015_01676.jpg,2,0.248209,21,1,1
/root/private_data/lowlight-object-detection/datasets_yolo/ExDark_YOLO/images/train/2015_01677.jpg,1,0.322393,3,1,0
/root/private_data/lowlight-object-detection/datasets_yolo/ExDark_YOLO/images/train/2015_01678.jpg,3,0.160174,9,1,1
/root/private_data/lowlight-object-detection/datasets_yolo/ExDark_YOLO/images/train/2015_01679.jpg,2,0.165739,10,1,1
/root/private_data/lowlight-object-detection/datasets_yolo/ExDark_YOLO/images/train/2015_01680.jpg,1,0.368455,9,1,0
/root/private_data/lowlight-object-detection/datasets_yolo/ExDark_YOLO/images/train/2015_01681.jpg,2,0.194669,4,1,1
/root/private_data/lowlight-object-detection/datasets_yolo/ExDark_YOLO/images/train/2015_01682.jpg,1,0.314328,11,0,0
/root/private_data/lowlight-object-detection/datasets_yolo/ExDark_YOLO/images/train/2015_01683.jpg,2,0.289736,25,1,1
/root/private_data/lowlight-object-detection/datasets_yolo/ExDark_YOLO/images/train/2015_01684.jpg,3,0.116365,7,1,1
/root/private_data/lowlight-object-detection/datasets_yolo/ExDark_YOLO/images/train/2015_01685.jpg,1,0.304224,7,1,0
/root/private_data/lowlight-object-detection/datasets_yolo/ExDark_YOLO/images/train/2015_01686.jpg,1,0.181287,2,0,1
/root/private_data/lowlight-object-detection/datasets_yolo/ExDark_YOLO/images/train/2015_01687.jpg,3,0.159416,8,1,1
/root/private_data/lowlight-object-detection/datasets_yolo/ExDark_YOLO/images/train/2015_01688.png,1,0.355062,3,0,0
/root/private_data/lowlight-object-detection/datasets_yolo/ExDark_YOLO/images/train/2015_01689.jpg,2,0.167425,7,1,1
/root/private_data/lowlight-object-detection/datasets_yolo/ExDark_YOLO/images/train/2015_01691.JPEG,3,0.023029,4,1,1
/root/private_data/lowlight-object-detection/datasets_yolo/ExDark_YOLO/images/train/2015_01692.JPEG,1,0.070667,5,0,1
/root/private_data/lowlight-object-detection/datasets_yolo/ExDark_YOLO/images/train/2015_01693.JPEG,2,0.173258,8,1,1
/root/private_data/lowlight-object-detection/datasets_yolo/ExDark_YOLO/images/train/2015_01695.JPEG,1,0.092946,1,0,1
/root/private_data/lowlight-object-detection/datasets_yolo/ExDark_YOLO/images/train/2015_01696.JPEG,1,0.143574,2,0,1
/root/private_data/lowlight-object-detection/datasets_yolo/ExDark_YOLO/images/train/2015_01697.JPEG,1,0.129816,8,0,1
/root/private_data/lowlight-object-detection/datasets_yolo/ExDark_YOLO/images/train/2015_01698.JPEG,1,0.116915,1,0,1
/root/private_data/lowlight-object-detection/datasets_yolo/ExDark_YOLO/images/train/2015_01699.JPEG,1,0.109648,5,0,1
/root/private_data/lowlight-object-detection/datasets_yolo/ExDark_YOLO/images/train/2015_01700.JPEG,2,0.078418,8,1,1
/root/private_data/lowlight-object-detection/datasets_yolo/ExDark_YOLO/images/train/2015_01701.JPEG,1,0.022116,1,0,1
/root/private_data/lowlight-object-detection/datasets_yolo/ExDark_YOLO/images/train/2015_01702.JPEG,2,0.077089,6,1,1
/root/private_data/lowlight-object-detection/datasets_yolo/ExDark_YOLO/images/train/2015_01703.JPEG,1,0.189788,4,0,1
/root/private_data/lowlight-object-detection/datasets_yolo/ExDark_YOLO/images/train/2015_01704.JPEG,2,0.161532,27,1,1
/root/private_data/lowlight-object-detection/datasets_yolo/ExDark_YOLO/images/train/2015_01705.JPEG,1,0.184522,2,0,1
/root/private_data/lowlight-object-detection/datasets_yolo/ExDark_YOLO/images/train/2015_01707.JPEG,3,0.101405,8,1,1
/root/private_data/lowlight-object-detection/datasets_yolo/ExDark_YOLO/images/train/2015_01708.JPEG,1,0.308307,7,0,0
/root/private_data/lowlight-object-detection/datasets_yolo/ExDark_YOLO/images/train/2015_01710.JPEG,1,0.122272,1,0,1
/root/private_data/lowlight-object-detection/datasets_yolo/ExDark_YOLO/images/train/2015_01712.JPEG,1,0.084619,6,0,1
/root/private_data/lowlight-object-detection/datasets_yolo/ExDark_YOLO/images/train/2015_01714.JPEG,1,0.137772,2,0,1
/root/private_data/lowlight-object-detection/datasets_yolo/ExDark_YOLO/images/train/2015_01715.jpg,1,0.024693,1,0,1
/root/private_data/lowlight-object-detection/datasets_yolo/ExDark_YOLO/images/train/2015_01716.jpg,1,0.079462,1,0,1
/root/private_data/lowlight-object-detection/datasets_yolo/ExDark_YOLO/images/train/2015_01717.JPG,1,0.034657,3,0,1
/root/private_data/lowlight-object-detection/datasets_yolo/ExDark_YOLO/images/train/2015_01718.JPG,1,0.051741,2,0,1
/root/private_data/lowlight-object-detection/datasets_yolo/ExDark_YOLO/images/train/2015_01719.JPG,1,0.074460,1,0,1
/root/private_data/lowlight-object-detection/datasets_yolo/ExDark_YOLO/images/train/2015_01720.JPG,1,0.035163,2,0,1
/root/private_data/lowlight-object-detection/datasets_yolo/ExDark_YOLO/images/train/2015_01721.JPG,1,0.045438,3,0,1
/root/private_data/lowlight-object-detection/datasets_yolo/ExDark_YOLO/images/train/2015_01722.JPG,1,0.046068,3,0,1
/root/private_data/lowlight-object-detection/datasets_yolo/ExDark_YOLO/images/train/2015_01723.JPG,1,0.044971,3,0,1
/root/private_data/lowlight-object-detection/datasets_yolo/ExDark_YOLO/images/train/2015_01724.JPG,1,0.035448,1,0,1
/root/private_data/lowlight-object-detection/datasets_yolo/ExDark_YOLO/images/train/2015_01726.JPG,1,0.027223,2,0,1
/root/private_data/lowlight-object-detection/datasets_yolo/ExDark_YOLO/images/train/2015_01727.JPG,1,0.169716,4,0,1
/root/private_data/lowlight-object-detection/datasets_yolo/ExDark_YOLO/images/train/2015_01728.JPG,1,0.071783,4,0,1
/root/private_data/lowlight-object-detection/datasets_yolo/ExDark_YOLO/images/train/2015_01729.JPG,1,0.036003,1,0,1
/root/private_data/lowlight-object-detection/datasets_yolo/ExDark_YOLO/images/train/2015_01730.JPG,1,0.032284,3,0,1
/root/private_data/lowlight-object-detection/datasets_yolo/ExDark_YOLO/images/train/2015_01731.JPG,1,0.025536,3,0,1
/root/private_data/lowlight-object-detection/datasets_yolo/ExDark_YOLO/images/train/2015_01732.JPG,1,0.047465,1,0,1
/root/private_data/lowlight-object-detection/datasets_yolo/ExDark_YOLO/images/train/2015_01733.JPG,1,0.029162,1,0,1
/root/private_data/lowlight-object-detection/datasets_yolo/ExDark_YOLO/images/train/2015_01734.JPG,1,0.019248,1,0,1
/root/private_data/lowlight-object-detection/datasets_yolo/ExDark_YOLO/images/train/2015_01735.JPG,1,0.009321,1,0,1
/root/private_data/lowlight-object-detection/datasets_yolo/ExDark_YOLO/images/train/2015_01736.JPG,1,0.014320,1,0,1
/root/private_data/lowlight-object-detection/datasets_yolo/ExDark_YOLO/images/train/2015_01737.JPG,3,0.110144,13,1,1
/root/private_data/lowlight-object-detection/datasets_yolo/ExDark_YOLO/images/train/2015_01738.jpg,1,0.143380,7,0,1
/root/private_data/lowlight-object-detection/datasets_yolo/ExDark_YOLO/images/train/2015_01740.jpg,1,0.184053,2,0,1
/root/private_data/lowlight-object-detection/datasets_yolo/ExDark_YOLO/images/train/2015_01742.jpg,1,0.016762,2,0,1
/root/private_data/lowlight-object-detection/datasets_yolo/ExDark_YOLO/images/train/2015_01743.jpg,1,0.218963,3,0,1
/root/private_data/lowlight-object-detection/datasets_yolo/ExDark_YOLO/images/train/2015_01745.jpg,1,0.049117,3,0,1
/root/private_data/lowlight-object-detection/datasets_yolo/ExDark_YOLO/images/train/2015_01747.jpg,1,0.023590,2,0,1
/root/private_data/lowlight-object-detection/datasets_yolo/ExDark_YOLO/images/train/2015_01748.jpg,1,0.141128,3,0,1
/root/private_data/lowlight-object-detection/datasets_yolo/ExDark_YOLO/images/train/2015_01751.jpg,1,0.190890,4,0,1
/root/private_data/lowlight-object-detection/datasets_yolo/ExDark_YOLO/images/train/2015_01752.jpg,1,0.018168,1,0,1
/root/private_data/lowlight-object-detection/datasets_yolo/ExDark_YOLO/images/train/2015_01753.jpg,1,0.054110,1,0,1
/root/private_data/lowlight-object-detection/datasets_yolo/ExDark_YOLO/images/train/2015_01754.jpg,1,0.094399,1,0,1
/root/private_data/lowlight-object-detection/datasets_yolo/ExDark_YOLO/images/train/2015_01755.jpg,1,0.032630,2,0,1
/root/private_data/lowlight-object-detection/datasets_yolo/ExDark_YOLO/images/train/2015_01756.jpg,1,0.073998,4,0,1
/root/private_data/lowlight-object-detection/datasets_yolo/ExDark_YOLO/images/train/2015_01758.jpg,1,0.177931,3,0,1
/root/private_data/lowlight-object-detection/datasets_yolo/ExDark_YOLO/images/train/2015_01759.jpg,3,0.016366,3,1,1
/root/private_data/lowlight-object-detection/datasets_yolo/ExDark_YOLO/images/train/2015_01760.jpg,1,0.034287,6,0,1
/root/private_data/lowlight-object-detection/datasets_yolo/ExDark_YOLO/images/train/2015_01761.png,1,0.142598,2,0,1
/root/private_data/lowlight-object-detection/datasets_yolo/ExDark_YOLO/images/train/2015_01762.jpg,1,0.057971,8,0,1
/root/private_data/lowlight-object-detection/datasets_yolo/ExDark_YOLO/images/train/2015_01763.jpg,1,0.217945,4,0,1
/root/private_data/lowlight-object-detection/datasets_yolo/ExDark_YOLO/images/train/2015_01764.jpg,1,0.039412,15,0,1
/root/private_data/lowlight-object-detection/datasets_yolo/ExDark_YOLO/images/train/2015_01766.jpg,1,0.179706,4,0,1
/root/private_data/lowlight-object-detection/datasets_yolo/ExDark_YOLO/images/train/2015_01767.png,1,0.015914,3,0,1
/root/private_data/lowlight-object-detection/datasets_yolo/ExDark_YOLO/images/train/2015_01770.jpg,1,0.110793,4,0,1
/root/private_data/lowlight-object-detection/datasets_yolo/ExDark_YOLO/images/train/2015_01771.jpg,1,0.243129,3,0,1
/root/private_data/lowlight-object-detection/datasets_yolo/ExDark_YOLO/images/train/2015_01772.jpg,1,0.235146,8,0,1
/root/private_data/lowlight-object-detection/datasets_yolo/ExDark_YOLO/images/train/2015_01773.jpg,2,0.142772,13,1,1
/root/private_data/lowlight-object-detection/datasets_yolo/ExDark_YOLO/images/train/2015_01774.jpg,1,0.062768,1,0,1
/root/private_data/lowlight-object-detection/datasets_yolo/ExDark_YOLO/images/train/2015_01775.jpg,1,0.058254,1,0,1
/root/private_data/lowlight-object-detection/datasets_yolo/ExDark_YOLO/images/train/2015_01777.jpg,1,0.086952,1,0,1
/root/private_data/lowlight-object-detection/datasets_yolo/ExDark_YOLO/images/train/2015_01778.jpg,1,0.219067,6,0,1
/root/private_data/lowlight-object-detection/datasets_yolo/ExDark_YOLO/images/train/2015_01779.jpg,2,0.027818,4,1,1
/root/private_data/lowlight-object-detection/datasets_yolo/ExDark_YOLO/images/train/2015_01780.jpg,1,0.424760,1,0,0
/root/private_data/lowlight-object-detection/datasets_yolo/ExDark_YOLO/images/train/2015_01782.jpg,1,0.325815,7,1,0
/root/private_data/lowlight-object-detection/datasets_yolo/ExDark_YOLO/images/train/2015_01783.jpg,1,0.200934,3,0,1
/root/private_data/lowlight-object-detection/datasets_yolo/ExDark_YOLO/images/train/2015_01784.jpg,2,0.156912,10,1,1
/root/private_data/lowlight-object-detection/datasets_yolo/ExDark_YOLO/images/train/2015_01786.jpg,1,0.085021,2,0,1
/root/private_data/lowlight-object-detection/datasets_yolo/ExDark_YOLO/images/train/2015_01787.jpg,1,0.158006,3,0,1
/root/private_data/lowlight-object-detection/datasets_yolo/ExDark_YOLO/images/train/2015_01788.jpg,1,0.106358,1,0,1
/root/private_data/lowlight-object-detection/datasets_yolo/ExDark_YOLO/images/train/2015_01790.jpg,1,0.117593,2,0,1
/root/private_data/lowlight-object-detection/datasets_yolo/ExDark_YOLO/images/train/2015_01791.jpg,1,0.087763,3,0,1
/root/private_data/lowlight-object-detection/datasets_yolo/ExDark_YOLO/images/train/2015_01792.jpg,3,0.081457,5,1,1
/root/private_data/lowlight-object-detection/datasets_yolo/ExDark_YOLO/images/train/2015_01793.jpg,3,0.160760,12,1,1
/root/private_data/lowlight-object-detection/datasets_yolo/ExDark_YOLO/images/train/2015_01795.JPEG,1,0.180902,8,0,1
/root/private_data/lowlight-object-detection/datasets_yolo/ExDark_YOLO/images/train/2015_01796.JPEG,2,0.129695,29,1,1
/root/private_data/lowlight-object-detection/datasets_yolo/ExDark_YOLO/images/train/2015_01797.JPEG,1,0.285309,4,0,1
/root/private_data/lowlight-object-detection/datasets_yolo/ExDark_YOLO/images/train/2015_01798.JPEG,1,0.158635,1,0,1
/root/private_data/lowlight-object-detection/datasets_yolo/ExDark_YOLO/images/train/2015_01799.JPEG,1,0.120001,4,0,1
/root/private_data/lowlight-object-detection/datasets_yolo/ExDark_YOLO/images/train/2015_01800.JPEG,1,0.152978,2,0,1
/root/private_data/lowlight-object-detection/datasets_yolo/ExDark_YOLO/images/train/2015_01802.JPEG,1,0.241992,5,0,1
/root/private_data/lowlight-object-detection/datasets_yolo/ExDark_YOLO/images/train/2015_01803.JPEG,1,0.088135,2,0,1
/root/private_data/lowlight-object-detection/datasets_yolo/ExDark_YOLO/images/train/2015_01805.JPEG,1,0.050286,1,0,1
/root/private_data/lowlight-object-detection/datasets_yolo/ExDark_YOLO/images/train/2015_01806.JPEG,1,0.305677,2,0,0
/root/private_data/lowlight-object-detection/datasets_yolo/ExDark_YOLO/images/train/2015_01807.JPEG,1,0.115118,1,0,1
/root/private_data/lowlight-object-detection/datasets_yolo/ExDark_YOLO/images/train/2015_01808.JPEG,1,0.042749,10,0,1
/root/private_data/lowlight-object-detection/datasets_yolo/ExDark_YOLO/images/train/2015_01809.JPEG,1,0.179394,2,0,1
/root/private_data/lowlight-object-detection/datasets_yolo/ExDark_YOLO/images/train/2015_01810.JPEG,1,0.110007,16,0,1
/root/private_data/lowlight-object-detection/datasets_yolo/ExDark_YOLO/images/train/2015_01811.JPEG,1,0.240531,2,0,1
/root/private_data/lowlight-object-detection/datasets_yolo/ExDark_YOLO/images/train/2015_01813.JPEG,1,0.012527,1,0,1
/root/private_data/lowlight-object-detection/datasets_yolo/ExDark_YOLO/images/train/2015_01814.JPEG,1,0.104583,3,0,1
/root/private_data/lowlight-object-detection/datasets_yolo/ExDark_YOLO/images/train/2015_01815.JPEG,1,0.199902,9,0,1
/root/private_data/lowlight-object-detection/datasets_yolo/ExDark_YOLO/images/train/2015_01816.JPEG,1,0.074613,1,0,1
/root/private_data/lowlight-object-detection/datasets_yolo/ExDark_YOLO/images/train/2015_01817.JPEG,1,0.136533,19,0,1
/root/private_data/lowlight-object-detection/datasets_yolo/ExDark_YOLO/images/train/2015_01819.JPEG,1,0.190823,1,0,1
/root/private_data/lowlight-object-detection/datasets_yolo/ExDark_YOLO/images/train/2015_01820.JPEG,1,0.099598,3,0,1
/root/private_data/lowlight-object-detection/datasets_yolo/ExDark_YOLO/images/train/2015_01823.jpg,1,0.067443,4,0,1
/root/private_data/lowlight-object-detection/datasets_yolo/ExDark_YOLO/images/train/2015_01824.jpg,2,0.206668,8,1,1
/root/private_data/lowlight-object-detection/datasets_yolo/ExDark_YOLO/images/train/2015_01825.jpg,1,0.098320,4,0,1
/root/private_data/lowlight-object-detection/datasets_yolo/ExDark_YOLO/images/train/2015_01826.jpg,1,0.024985,1,0,1
/root/private_data/lowlight-object-detection/datasets_yolo/ExDark_YOLO/images/train/2015_01827.jpg,1,0.069941,2,0,1
/root/private_data/lowlight-object-detection/datasets_yolo/ExDark_YOLO/images/train/2015_01828.jpg,1,0.086708,3,0,1
/root/private_data/lowlight-object-detection/datasets_yolo/ExDark_YOLO/images/train/2015_01829.jpg,1,0.065072,4,0,1
/root/private_data/lowlight-object-detection/datasets_yolo/ExDark_YOLO/images/train/2015_01830.jpg,1,0.079915,9,0,1
/root/private_data/lowlight-object-detection/datasets_yolo/ExDark_YOLO/images/train/2015_01831.jpg,1,0.131860,2,0,1
/root/private_data/lowlight-object-detection/datasets_yolo/ExDark_YOLO/images/train/2015_01832.jpg,1,0.118614,4,0,1
/root/private_data/lowlight-object-detection/datasets_yolo/ExDark_YOLO/images/train/2015_01836.jpg,1,0.129554,5,0,1
/root/private_data/lowlight-object-detection/datasets_yolo/ExDark_YOLO/images/train/2015_01837.jpg,1,0.061378,2,0,1
/root/private_data/lowlight-object-detection/datasets_yolo/ExDark_YOLO/images/train/2015_01838.jpg,1,0.220054,1,0,1
/root/private_data/lowlight-object-detection/datasets_yolo/ExDark_YOLO/images/train/2015_01839.jpg,2,0.126857,9,1,1
/root/private_data/lowlight-object-detection/datasets_yolo/ExDark_YOLO/images/train/2015_01840.jpg,1,0.105686,3,0,1
/root/private_data/lowlight-object-detection/datasets_yolo/ExDark_YOLO/images/train/2015_01841.jpg,1,0.036259,1,0,1
/root/private_data/lowlight-object-detection/datasets_yolo/ExDark_YOLO/images/train/2015_01842.jpg,1,0.089506,3,0,1
/root/private_data/lowlight-object-detection/datasets_yolo/ExDark_YOLO/images/train/2015_01843.jpg,1,0.265858,4,0,1
/root/private_data/lowlight-object-detection/datasets_yolo/ExDark_YOLO/images/train/2015_01846.jpg,3,0.112616,13,1,1
/root/private_data/lowlight-object-detection/datasets_yolo/ExDark_YOLO/images/train/2015_01847.jpg,1,0.265474,1,0,1
/root/private_data/lowlight-object-detection/datasets_yolo/ExDark_YOLO/images/train/2015_01848.jpg,1,0.060038,1,0,1
/root/private_data/lowlight-object-detection/datasets_yolo/ExDark_YOLO/images/train/2015_01849.jpg,1,0.123245,2,0,1
/root/private_data/lowlight-object-detection/datasets_yolo/ExDark_YOLO/images/train/2015_01851.jpg,1,0.209295,2,0,1
/root/private_data/lowlight-object-detection/datasets_yolo/ExDark_YOLO/images/train/2015_01852.jpg,2,0.019758,3,1,1
/root/private_data/lowlight-object-detection/datasets_yolo/ExDark_YOLO/images/train/2015_01853.png,1,0.090750,3,0,1
/root/private_data/lowlight-object-detection/datasets_yolo/ExDark_YOLO/images/train/2015_01854.png,3,0.158209,5,1,1
/root/private_data/lowlight-object-detection/datasets_yolo/ExDark_YOLO/images/train/2015_01855.png,3,0.121393,19,1,1
/root/private_data/lowlight-object-detection/datasets_yolo/ExDark_YOLO/images/train/2015_01856.png,3,0.044792,3,1,1
/root/private_data/lowlight-object-detection/datasets_yolo/ExDark_YOLO/images/train/2015_01857.png,3,0.109544,8,1,1
/root/private_data/lowlight-object-detection/datasets_yolo/ExDark_YOLO/images/train/2015_01858.png,1,0.056662,6,0,1
/root/private_data/lowlight-object-detection/datasets_yolo/ExDark_YOLO/images/train/2015_01859.png,2,0.181069,9,1,1
/root/private_data/lowlight-object-detection/datasets_yolo/ExDark_YOLO/images/train/2015_01860.png,2,0.068643,2,1,1
/root/private_data/lowlight-object-detection/datasets_yolo/ExDark_YOLO/images/train/2015_01862.png,2,0.060698,6,1,1
/root/private_data/lowlight-object-detection/datasets_yolo/ExDark_YOLO/images/train/2015_01863.png,2,0.077517,7,1,1
/root/private_data/lowlight-object-detection/datasets_yolo/ExDark_YOLO/images/train/2015_01864.png,1,0.040062,5,0,1
/root/private_data/lowlight-object-detection/datasets_yolo/ExDark_YOLO/images/train/2015_01865.png,3,0.044682,10,1,1
/root/private_data/lowlight-object-detection/datasets_yolo/ExDark_YOLO/images/train/2015_01867.png,1,0.126964,5,0,1
/root/private_data/lowlight-object-detection/datasets_yolo/ExDark_YOLO/images/train/2015_01868.png,1,0.099803,10,0,1
/root/private_data/lowlight-object-detection/datasets_yolo/ExDark_YOLO/images/train/2015_01869.png,3,0.109832,12,1,1
/root/private_data/lowlight-object-detection/datasets_yolo/ExDark_YOLO/images/train/2015_01870.png,3,0.095280,30,1,1
/root/private_data/lowlight-object-detection/datasets_yolo/ExDark_YOLO/images/train/2015_01871.png,1,0.155489,6,0,1
/root/private_data/lowlight-object-detection/datasets_yolo/ExDark_YOLO/images/train/2015_01872.png,1,0.192527,6,0,1
/root/private_data/lowlight-object-detection/datasets_yolo/ExDark_YOLO/images/train/2015_01873.png,1,0.111407,2,0,1
/root/private_data/lowlight-object-detection/datasets_yolo/ExDark_YOLO/images/train/2015_01874.png,1,0.055455,6,0,1
/root/private_data/lowlight-object-detection/datasets_yolo/ExDark_YOLO/images/train/2015_01875.png,1,0.090779,5,0,1
/root/private_data/lowlight-object-detection/datasets_yolo/ExDark_YOLO/images/train/2015_01876.png,1,0.109804,4,0,1
/root/private_data/lowlight-object-detection/datasets_yolo/ExDark_YOLO/images/train/2015_01877.png,2,0.090565,6,1,1
/root/private_data/lowlight-object-detection/datasets_yolo/ExDark_YOLO/images/train/2015_01878.jpg,1,0.177750,3,0,1
/root/private_data/lowlight-object-detection/datasets_yolo/ExDark_YOLO/images/train/2015_01880.png,3,0.118527,2,1,1
/root/private_data/lowlight-object-detection/datasets_yolo/ExDark_YOLO/images/train/2015_01881.png,2,0.259952,2,1,1
/root/private_data/lowlight-object-detection/datasets_yolo/ExDark_YOLO/images/train/2015_01882.png,2,0.208031,3,1,1
/root/private_data/lowlight-object-detection/datasets_yolo/ExDark_YOLO/images/train/2015_01883.jpg,1,0.061709,3,0,1
/root/private_data/lowlight-object-detection/datasets_yolo/ExDark_YOLO/images/train/2015_01885.png,1,0.192597,1,0,1
/root/private_data/lowlight-object-detection/datasets_yolo/ExDark_YOLO/images/train/2015_01886.png,2,0.102580,3,1,1
/root/private_data/lowlight-object-detection/datasets_yolo/ExDark_YOLO/images/train/2015_01889.jpg,1,0.105640,4,0,1
/root/private_data/lowlight-object-detection/datasets_yolo/ExDark_YOLO/images/train/2015_01890.png,2,0.214062,2,1,1
/root/private_data/lowlight-object-detection/datasets_yolo/ExDark_YOLO/images/train/2015_01893.jpg,1,0.107202,1,0,1
/root/private_data/lowlight-object-detection/datasets_yolo/ExDark_YOLO/images/train/2015_01895.jpg,2,0.243340,8,1,1
/root/private_data/lowlight-object-detection/datasets_yolo/ExDark_YOLO/images/train/2015_01896.jpg,1,0.077965,2,0,1
/root/private_data/lowlight-object-detection/datasets_yolo/ExDark_YOLO/images/train/2015_01897.jpg,1,0.045112,1,0,1
/root/private_data/lowlight-object-detection/datasets_yolo/ExDark_YOLO/images/train/2015_01898.jpg,1,0.142189,3,0,1
/root/private_data/lowlight-object-detection/datasets_yolo/ExDark_YOLO/images/train/2015_01900.jpg,1,0.183218,1,0,1
/root/private_data/lowlight-object-detection/datasets_yolo/ExDark_YOLO/images/train/2015_01901.jpg,1,0.016129,1,0,1
/root/private_data/lowlight-object-detection/datasets_yolo/ExDark_YOLO/images/train/2015_01902.jpg,2,0.216052,4,1,1
/root/private_data/lowlight-object-detection/datasets_yolo/ExDark_YOLO/images/train/2015_01903.jpg,1,0.298234,1,0,1
/root/private_data/lowlight-object-detection/datasets_yolo/ExDark_YOLO/images/train/2015_01905.jpg,1,0.238176,2,0,1
/root/private_data/lowlight-object-detection/datasets_yolo/ExDark_YOLO/images/train/2015_01906.jpg,1,0.083136,3,0,1
/root/private_data/lowlight-object-detection/datasets_yolo/ExDark_YOLO/images/train/2015_01908.jpg,2,0.116279,4,1,1
/root/private_data/lowlight-object-detection/datasets_yolo/ExDark_YOLO/images/train/2015_01909.jpg,1,0.216883,1,0,1
/root/private_data/lowlight-object-detection/datasets_yolo/ExDark_YOLO/images/train/2015_01911.jpg,2,0.243496,4,1,1
/root/private_data/lowlight-object-detection/datasets_yolo/ExDark_YOLO/images/train/2015_01912.jpg,1,0.155507,1,0,1
/root/private_data/lowlight-object-detection/datasets_yolo/ExDark_YOLO/images/train/2015_01913.jpg,2,0.161877,4,1,1
/root/private_data/lowlight-object-detection/datasets_yolo/ExDark_YOLO/images/train/2015_01914.jpg,1,0.067756,1,0,1
/root/private_data/lowlight-object-detection/datasets_yolo/ExDark_YOLO/images/train/2015_01916.jpg,1,0.184708,5,0,1
/root/private_data/lowlight-object-detection/datasets_yolo/ExDark_YOLO/images/train/2015_01917.jpg,1,0.159908,1,0,1
/root/private_data/lowlight-object-detection/datasets_yolo/ExDark_YOLO/images/train/2015_01919.jpg,1,0.148534,1,0,1
/root/private_data/lowlight-object-detection/datasets_yolo/ExDark_YOLO/images/train/2015_01920.jpg,3,0.112484,2,1,1
/root/private_data/lowlight-object-detection/datasets_yolo/ExDark_YOLO/images/train/2015_01921.jpg,3,0.043755,2,1,1
/root/private_data/lowlight-object-detection/datasets_yolo/ExDark_YOLO/images/train/2015_01923.jpg,2,0.189941,10,1,1
/root/private_data/lowlight-object-detection/datasets_yolo/ExDark_YOLO/images/train/2015_01924.jpg,1,0.142160,3,0,1
/root/private_data/lowlight-object-detection/datasets_yolo/ExDark_YOLO/images/train/2015_01925.jpg,1,0.320317,2,1,0
/root/private_data/lowlight-object-detection/datasets_yolo/ExDark_YOLO/images/train/2015_01927.jpg,1,0.141709,2,0,1
/root/private_data/lowlight-object-detection/datasets_yolo/ExDark_YOLO/images/train/2015_01928.jpg,3,0.078420,5,1,1
/root/private_data/lowlight-object-detection/datasets_yolo/ExDark_YOLO/images/train/2015_01929.jpg,1,0.210014,2,0,1
/root/private_data/lowlight-object-detection/datasets_yolo/ExDark_YOLO/images/train/2015_01930.jpg,1,0.134245,6,0,1
/root/private_data/lowlight-object-detection/datasets_yolo/ExDark_YOLO/images/train/2015_01931.jpg,3,0.172161,15,1,1
/root/private_data/lowlight-object-detection/datasets_yolo/ExDark_YOLO/images/train/2015_01932.jpg,1,0.156807,3,0,1
/root/private_data/lowlight-object-detection/datasets_yolo/ExDark_YOLO/images/train/2015_01933.jpg,3,0.144799,4,1,1
/root/private_data/lowlight-object-detection/datasets_yolo/ExDark_YOLO/images/train/2015_01934.jpg,1,0.176302,1,0,1
/root/private_data/lowlight-object-detection/datasets_yolo/ExDark_YOLO/images/train/2015_01935.jpg,3,0.146026,17,1,1
/root/private_data/lowlight-object-detection/datasets_yolo/ExDark_YOLO/images/train/2015_01936.jpg,2,0.158021,3,1,1
/root/private_data/lowlight-object-detection/datasets_yolo/ExDark_YOLO/images/train/2015_01937.jpg,1,0.123061,1,0,1
/root/private_data/lowlight-object-detection/datasets_yolo/ExDark_YOLO/images/train/2015_01938.jpg,3,0.089514,11,1,1
/root/private_data/lowlight-object-detection/datasets_yolo/ExDark_YOLO/images/train/2015_01939.jpg,1,0.237073,2,0,1
/root/private_data/lowlight-object-detection/datasets_yolo/ExDark_YOLO/images/train/2015_01940.jpg,3,0.039182,3,1,1
/root/private_data/lowlight-object-detection/datasets_yolo/ExDark_YOLO/images/train/2015_01941.jpg,2,0.169139,5,1,1
/root/private_data/lowlight-object-detection/datasets_yolo/ExDark_YOLO/images/train/2015_01942.jpg,2,0.196302,5,1,1
/root/private_data/lowlight-object-detection/datasets_yolo/ExDark_YOLO/images/train/2015_01943.jpg,2,0.120614,3,1,1
/root/private_data/lowlight-object-detection/datasets_yolo/ExDark_YOLO/images/train/2015_01944.jpg,1,0.100417,3,0,1
/root/private_data/lowlight-object-detection/datasets_yolo/ExDark_YOLO/images/train/2015_01945.jpg,2,0.097053,4,1,1
/root/private_data/lowlight-object-detection/datasets_yolo/ExDark_YOLO/images/train/2015_01946.jpg,1,0.157089,2,0,1
/root/private_data/lowlight-object-detection/datasets_yolo/ExDark_YOLO/images/train/2015_01947.jpg,1,0.175191,2,0,1
/root/private_data/lowlight-object-detection/datasets_yolo/ExDark_YOLO/images/train/2015_01949.jpg,1,0.134145,1,0,1
/root/private_data/lowlight-object-detection/datasets_yolo/ExDark_YOLO/images/train/2015_01950.jpg,1,0.090341,1,0,1
/root/private_data/lowlight-object-detection/datasets_yolo/ExDark_YOLO/images/train/2015_01951.jpg,1,0.066738,1,0,1
/root/private_data/lowlight-object-detection/datasets_yolo/ExDark_YOLO/images/train/2015_01952.jpg,3,0.137144,6,1,1
/root/private_data/lowlight-object-detection/datasets_yolo/ExDark_YOLO/images/train/2015_01954.jpg,1,0.400456,3,1,0
/root/private_data/lowlight-object-detection/datasets_yolo/ExDark_YOLO/images/train/2015_01955.jpg,1,0.165925,1,0,1
/root/private_data/lowlight-object-detection/datasets_yolo/ExDark_YOLO/images/train/2015_01956.jpg,1,0.112619,1,0,1
/root/private_data/lowlight-object-detection/datasets_yolo/ExDark_YOLO/images/train/2015_01957.jpg,2,0.088381,6,1,1
/root/private_data/lowlight-object-detection/datasets_yolo/ExDark_YOLO/images/train/2015_01958.jpg,3,0.074942,2,1,1
/root/private_data/lowlight-object-detection/datasets_yolo/ExDark_YOLO/images/train/2015_01959.jpg,1,0.141441,1,0,1
/root/private_data/lowlight-object-detection/datasets_yolo/ExDark_YOLO/images/train/2015_01960.jpg,3,0.130590,4,1,1
/root/private_data/lowlight-object-detection/datasets_yolo/ExDark_YOLO/images/train/2015_01961.jpg,1,0.067731,2,0,1
/root/private_data/lowlight-object-detection/datasets_yolo/ExDark_YOLO/images/train/2015_01962.jpg,3,0.111787,4,1,1
/root/private_data/lowlight-object-detection/datasets_yolo/ExDark_YOLO/images/train/2015_01963.jpg,1,0.056017,1,0,1
/root/private_data/lowlight-object-detection/datasets_yolo/ExDark_YOLO/images/train/2015_01964.jpg,3,0.156884,3,1,1
/root/private_data/lowlight-object-detection/datasets_yolo/ExDark_YOLO/images/train/2015_01965.jpg,1,0.436479,1,0,0
/root/private_data/lowlight-object-detection/datasets_yolo/ExDark_YOLO/images/train/2015_01966.jpg,1,0.114446,2,0,1
/root/private_data/lowlight-object-detection/datasets_yolo/ExDark_YOLO/images/train/2015_01968.jpg,1,0.054713,3,0,1
/root/private_data/lowlight-object-detection/datasets_yolo/ExDark_YOLO/images/train/2015_01969.jpg,2,0.277028,12,1,1
/root/private_data/lowlight-object-detection/datasets_yolo/ExDark_YOLO/images/train/2015_01970.jpg,1,0.257007,1,0,1
/root/private_data/lowlight-object-detection/datasets_yolo/ExDark_YOLO/images/train/2015_01971.jpg,2,0.180040,23,1,1
/root/private_data/lowlight-object-detection/datasets_yolo/ExDark_YOLO/images/train/2015_01972.jpg,1,0.140505,1,0,1
/root/private_data/lowlight-object-detection/datasets_yolo/ExDark_YOLO/images/train/2015_01973.jpg,1,0.158144,1,0,1
/root/private_data/lowlight-object-detection/datasets_yolo/ExDark_YOLO/images/train/2015_01974.jpg,1,0.104893,4,0,1
/root/private_data/lowlight-object-detection/datasets_yolo/ExDark_YOLO/images/train/2015_01975.jpg,1,0.199353,1,0,1
/root/private_data/lowlight-object-detection/datasets_yolo/ExDark_YOLO/images/train/2015_01976.jpg,2,0.242455,2,1,1
/root/private_data/lowlight-object-detection/datasets_yolo/ExDark_YOLO/images/train/2015_01977.jpg,1,0.264095,1,0,1
/root/private_data/lowlight-object-detection/datasets_yolo/ExDark_YOLO/images/train/2015_01978.jpg,3,0.066595,3,1,1
/root/private_data/lowlight-object-detection/datasets_yolo/ExDark_YOLO/images/train/2015_01979.jpg,1,0.096429,3,0,1
/root/private_data/lowlight-object-detection/datasets_yolo/ExDark_YOLO/images/train/2015_01981.jpg,3,0.108511,5,1,1
/root/private_data/lowlight-object-detection/datasets_yolo/ExDark_YOLO/images/train/2015_01982.jpg,2,0.195937,4,1,1
/root/private_data/lowlight-object-detection/datasets_yolo/ExDark_YOLO/images/train/2015_01983.jpg,1,0.217711,1,0,1
/root/private_data/lowlight-object-detection/datasets_yolo/ExDark_YOLO/images/train/2015_01984.jpg,3,0.159896,13,1,1
/root/private_data/lowlight-object-detection/datasets_yolo/ExDark_YOLO/images/train/2015_01985.jpg,1,0.138280,5,0,1
/root/private_data/lowlight-object-detection/datasets_yolo/ExDark_YOLO/images/train/2015_01986.jpg,1,0.062137,2,0,1
/root/private_data/lowlight-object-detection/datasets_yolo/ExDark_YOLO/images/train/2015_01987.jpg,3,0.104094,5,1,1
/root/private_data/lowlight-object-detection/datasets_yolo/ExDark_YOLO/images/train/2015_01988.jpg,1,0.059772,1,0,1
/root/private_data/lowlight-object-detection/datasets_yolo/ExDark_YOLO/images/train/2015_01989.jpg,1,0.102184,3,0,1
/root/private_data/lowlight-object-detection/datasets_yolo/ExDark_YOLO/images/train/2015_01990.jpg,1,0.109410,2,0,1
/root/private_data/lowlight-object-detection/datasets_yolo/ExDark_YOLO/images/train/2015_01991.jpg,3,0.165286,7,1,1
/root/private_data/lowlight-object-detection/datasets_yolo/ExDark_YOLO/images/train/2015_01992.jpg,2,0.182337,2,1,1
/root/private_data/lowlight-object-detection/datasets_yolo/ExDark_YOLO/images/train/2015_01993.jpg,3,0.173494,2,1,1
/root/private_data/lowlight-object-detection/datasets_yolo/ExDark_YOLO/images/train/2015_01994.jpg,1,0.363005,1,0,0
/root/private_data/lowlight-object-detection/datasets_yolo/ExDark_YOLO/images/train/2015_01996.jpg,3,0.079622,2,1,1
/root/private_data/lowlight-object-detection/datasets_yolo/ExDark_YOLO/images/train/2015_01997.jpg,1,0.040050,3,0,1
/root/private_data/lowlight-object-detection/datasets_yolo/ExDark_YOLO/images/train/2015_01998.jpg,1,0.093849,1,0,1
/root/private_data/lowlight-object-detection/datasets_yolo/ExDark_YOLO/images/train/2015_01999.jpg,1,0.197037,5,0,1
/root/private_data/lowlight-object-detection/datasets_yolo/ExDark_YOLO/images/train/2015_02000.jpg,1,0.036026,2,0,1
/root/private_data/lowlight-object-detection/datasets_yolo/ExDark_YOLO/images/train/2015_02001.jpg,3,0.076922,4,1,1
/root/private_data/lowlight-object-detection/datasets_yolo/ExDark_YOLO/images/train/2015_02002.jpg,1,0.122913,2,0,1
/root/private_data/lowlight-object-detection/datasets_yolo/ExDark_YOLO/images/train/2015_02003.jpg,2,0.123167,5,1,1
/root/private_data/lowlight-object-detection/datasets_yolo/ExDark_YOLO/images/train/2015_02004.jpg,2,0.075120,2,1,1
/root/private_data/lowlight-object-detection/datasets_yolo/ExDark_YOLO/images/train/2015_02005.jpg,1,0.186084,1,0,1
/root/private_data/lowlight-object-detection/datasets_yolo/ExDark_YOLO/images/train/2015_02006.jpg,1,0.065186,1,0,1
/root/private_data/lowlight-object-detection/datasets_yolo/ExDark_YOLO/images/train/2015_02007.jpg,1,0.310108,5,1,0
/root/private_data/lowlight-object-detection/datasets_yolo/ExDark_YOLO/images/train/2015_02008.jpg,1,0.199292,4,0,1
/root/private_data/lowlight-object-detection/datasets_yolo/ExDark_YOLO/images/train/2015_02009.jpg,3,0.140818,14,1,1
/root/private_data/lowlight-object-detection/datasets_yolo/ExDark_YOLO/images/train/2015_02010.jpg,1,0.071136,1,0,1
/root/private_data/lowlight-object-detection/datasets_yolo/ExDark_YOLO/images/train/2015_02011.jpg,1,0.341283,1,0,0
/root/private_data/lowlight-object-detection/datasets_yolo/ExDark_YOLO/images/train/2015_02012.jpg,1,0.151430,1,0,1
/root/private_data/lowlight-object-detection/datasets_yolo/ExDark_YOLO/images/train/2015_02014.jpg,3,0.112857,6,1,1
/root/private_data/lowlight-object-detection/datasets_yolo/ExDark_YOLO/images/train/2015_02015.jpg,1,0.135740,3,0,1
/root/private_data/lowlight-object-detection/datasets_yolo/ExDark_YOLO/images/train/2015_02016.jpg,2,0.255135,8,1,1
/root/private_data/lowlight-object-detection/datasets_yolo/ExDark_YOLO/images/train/2015_02017.jpg,2,0.210486,9,1,1
/root/private_data/lowlight-object-detection/datasets_yolo/ExDark_YOLO/images/train/2015_02019.jpg,2,0.181451,3,1,1
/root/private_data/lowlight-object-detection/datasets_yolo/ExDark_YOLO/images/train/2015_02020.jpg,1,0.273965,2,0,1
/root/private_data/lowlight-object-detection/datasets_yolo/ExDark_YOLO/images/train/2015_02021.jpg,1,0.271640,6,0,1
/root/private_data/lowlight-object-detection/datasets_yolo/ExDark_YOLO/images/train/2015_02024.jpg,1,0.150566,1,0,1
/root/private_data/lowlight-object-detection/datasets_yolo/ExDark_YOLO/images/train/2015_02026.jpg,2,0.111666,6,1,1
/root/private_data/lowlight-object-detection/datasets_yolo/ExDark_YOLO/images/train/2015_02027.jpg,3,0.036168,20,1,1
/root/private_data/lowlight-object-detection/datasets_yolo/ExDark_YOLO/images/train/2015_02028.jpg,2,0.252318,11,1,1
/root/private_data/lowlight-object-detection/datasets_yolo/ExDark_YOLO/images/train/2015_02029.jpg,1,0.101471,4,0,1
/root/private_data/lowlight-object-detection/datasets_yolo/ExDark_YOLO/images/train/2015_02030.jpg,1,0.120837,3,0,1
/root/private_data/lowlight-object-detection/datasets_yolo/ExDark_YOLO/images/train/2015_02031.jpg,3,0.166529,3,1,1
/root/private_data/lowlight-object-detection/datasets_yolo/ExDark_YOLO/images/train/2015_02032.jpg,3,0.123055,6,1,1
/root/private_data/lowlight-object-detection/datasets_yolo/ExDark_YOLO/images/train/2015_02033.jpg,1,0.143535,1,0,1
/root/private_data/lowlight-object-detection/datasets_yolo/ExDark_YOLO/images/train/2015_02034.jpg,1,0.127273,1,0,1
/root/private_data/lowlight-object-detection/datasets_yolo/ExDark_YOLO/images/train/2015_02035.jpg,2,0.217073,11,1,1
/root/private_data/lowlight-object-detection/datasets_yolo/ExDark_YOLO/images/train/2015_02037.jpg,1,0.104480,1,0,1
/root/private_data/lowlight-object-detection/datasets_yolo/ExDark_YOLO/images/train/2015_02038.jpg,3,0.129783,3,1,1
/root/private_data/lowlight-object-detection/datasets_yolo/ExDark_YOLO/images/train/2015_02039.jpg,2,0.140339,24,1,1
/root/private_data/lowlight-object-detection/datasets_yolo/ExDark_YOLO/images/train/2015_02042.jpg,1,0.203422,3,0,1
/root/private_data/lowlight-object-detection/datasets_yolo/ExDark_YOLO/images/train/2015_02044.jpg,2,0.221539,6,1,1
/root/private_data/lowlight-object-detection/datasets_yolo/ExDark_YOLO/images/train/2015_02045.jpg,3,0.173814,8,1,1
/root/private_data/lowlight-object-detection/datasets_yolo/ExDark_YOLO/images/train/2015_02046.jpg,2,0.227184,4,1,1
/root/private_data/lowlight-object-detection/datasets_yolo/ExDark_YOLO/images/train/2015_02047.jpg,2,0.166615,2,1,1
/root/private_data/lowlight-object-detection/datasets_yolo/ExDark_YOLO/images/train/2015_02049.jpg,1,0.133771,5,0,1
/root/private_data/lowlight-object-detection/datasets_yolo/ExDark_YOLO/images/train/2015_02050.jpg,2,0.108245,4,1,1
/root/private_data/lowlight-object-detection/datasets_yolo/ExDark_YOLO/images/train/2015_02052.jpg,1,0.090767,1,0,1
/root/private_data/lowlight-object-detection/datasets_yolo/ExDark_YOLO/images/train/2015_02053.jpg,3,0.134554,5,1,1
/root/private_data/lowlight-object-detection/datasets_yolo/ExDark_YOLO/images/train/2015_02054.jpg,1,0.152629,2,0,1
/root/private_data/lowlight-object-detection/datasets_yolo/ExDark_YOLO/images/train/2015_02057.jpg,2,0.117509,2,1,1
/root/private_data/lowlight-object-detection/datasets_yolo/ExDark_YOLO/images/train/2015_02058.jpg,1,0.175970,2,0,1
/root/private_data/lowlight-object-detection/datasets_yolo/ExDark_YOLO/images/train/2015_02059.jpg,2,0.203963,8,1,1
/root/private_data/lowlight-object-detection/datasets_yolo/ExDark_YOLO/images/train/2015_02060.jpg,2,0.127703,3,1,1
/root/private_data/lowlight-object-detection/datasets_yolo/ExDark_YOLO/images/train/2015_02061.jpg,1,0.244505,1,0,1
/root/private_data/lowlight-object-detection/datasets_yolo/ExDark_YOLO/images/train/2015_02062.jpg,1,0.094356,2,0,1
/root/private_data/lowlight-object-detection/datasets_yolo/ExDark_YOLO/images/train/2015_02064.jpg,1,0.097801,2,0,1
/root/private_data/lowlight-object-detection/datasets_yolo/ExDark_YOLO/images/train/2015_02065.jpg,1,0.092774,5,0,1
/root/private_data/lowlight-object-detection/datasets_yolo/ExDark_YOLO/images/train/2015_02066.jpg,1,0.086667,1,0,1
/root/private_data/lowlight-object-detection/datasets_yolo/ExDark_YOLO/images/train/2015_02067.jpg,1,0.054364,1,0,1
/root/private_data/lowlight-object-detection/datasets_yolo/ExDark_YOLO/images/train/2015_02068.jpg,1,0.029194,1,0,1
/root/private_data/lowlight-object-detection/datasets_yolo/ExDark_YOLO/images/train/2015_02069.jpg,1,0.074938,4,0,1
/root/private_data/lowlight-object-detection/datasets_yolo/ExDark_YOLO/images/train/2015_02070.jpg,3,0.119400,5,1,1
/root/private_data/lowlight-object-detection/datasets_yolo/ExDark_YOLO/images/train/2015_02071.jpg,1,0.078398,2,0,1
/root/private_data/lowlight-object-detection/datasets_yolo/ExDark_YOLO/images/train/2015_02074.jpg,1,0.084629,1,0,1
/root/private_data/lowlight-object-detection/datasets_yolo/ExDark_YOLO/images/train/2015_02076.jpg,1,0.046488,2,0,1
/root/private_data/lowlight-object-detection/datasets_yolo/ExDark_YOLO/images/train/2015_02077.jpg,1,0.036616,4,0,1
/root/private_data/lowlight-object-detection/datasets_yolo/ExDark_YOLO/images/train/2015_02078.jpg,1,0.056024,10,0,1
/root/private_data/lowlight-object-detection/datasets_yolo/ExDark_YOLO/images/train/2015_02079.jpg,1,0.066033,1,0,1
/root/private_data/lowlight-object-detection/datasets_yolo/ExDark_YOLO/images/train/2015_02081.jpg,1,0.021034,1,0,1
/root/private_data/lowlight-object-detection/datasets_yolo/ExDark_YOLO/images/train/2015_02082.jpg,1,0.120936,4,0,1
/root/private_data/lowlight-object-detection/datasets_yolo/ExDark_YOLO/images/train/2015_02083.jpg,1,0.093194,4,0,1
/root/private_data/lowlight-object-detection/datasets_yolo/ExDark_YOLO/images/train/2015_02084.jpg,3,0.056591,4,1,1
/root/private_data/lowlight-object-detection/datasets_yolo/ExDark_YOLO/images/train/2015_02085.jpg,1,0.172725,3,0,1
/root/private_data/lowlight-object-detection/datasets_yolo/ExDark_YOLO/images/train/2015_02086.jpg,1,0.107882,3,0,1
/root/private_data/lowlight-object-detection/datasets_yolo/ExDark_YOLO/images/train/2015_02087.jpg,1,0.036071,1,0,1
/root/private_data/lowlight-object-detection/datasets_yolo/ExDark_YOLO/images/train/2015_02088.jpg,1,0.168640,2,0,1
/root/private_data/lowlight-object-detection/datasets_yolo/ExDark_YOLO/images/train/2015_02089.jpg,1,0.091421,2,0,1
/root/private_data/lowlight-object-detection/datasets_yolo/ExDark_YOLO/images/train/2015_02090.jpg,1,0.131266,2,0,1
/root/private_data/lowlight-object-detection/datasets_yolo/ExDark_YOLO/images/train/2015_02092.jpg,1,0.024017,1,0,1
/root/private_data/lowlight-object-detection/datasets_yolo/ExDark_YOLO/images/train/2015_02093.jpg,1,0.201239,1,0,1
/root/private_data/lowlight-object-detection/datasets_yolo/ExDark_YOLO/images/train/2015_02094.jpg,1,0.104176,2,0,1
/root/private_data/lowlight-object-detection/datasets_yolo/ExDark_YOLO/images/train/2015_02095.jpg,1,0.089878,2,0,1
/root/private_data/lowlight-object-detection/datasets_yolo/ExDark_YOLO/images/train/2015_02096.jpg,2,0.107516,5,1,1
/root/private_data/lowlight-object-detection/datasets_yolo/ExDark_YOLO/images/train/2015_02097.jpg,3,0.116195,7,1,1
/root/private_data/lowlight-object-detection/datasets_yolo/ExDark_YOLO/images/train/2015_02098.jpg,1,0.158726,4,0,1
/root/private_data/lowlight-object-detection/datasets_yolo/ExDark_YOLO/images/train/2015_02099.jpg,3,0.107309,3,1,1
/root/private_data/lowlight-object-detection/datasets_yolo/ExDark_YOLO/images/train/2015_02100.jpg,1,0.071628,1,0,1
/root/private_data/lowlight-object-detection/datasets_yolo/ExDark_YOLO/images/train/2015_02101.jpg,1,0.089230,1,0,1
/root/private_data/lowlight-object-detection/datasets_yolo/ExDark_YOLO/images/train/2015_02103.jpg,2,0.269927,3,1,1
/root/private_data/lowlight-object-detection/datasets_yolo/ExDark_YOLO/images/train/2015_02104.jpg,3,0.116215,6,1,1
/root/private_data/lowlight-object-detection/datasets_yolo/ExDark_YOLO/images/train/2015_02105.jpg,2,0.219507,3,1,1
/root/private_data/lowlight-object-detection/datasets_yolo/ExDark_YOLO/images/train/2015_02106.jpg,2,0.228637,6,1,1
/root/private_data/lowlight-object-detection/datasets_yolo/ExDark_YOLO/images/train/2015_02107.jpg,1,0.041932,1,0,1
/root/private_data/lowlight-object-detection/datasets_yolo/ExDark_YOLO/images/train/2015_02108.jpg,1,0.063289,1,0,1
/root/private_data/lowlight-object-detection/datasets_yolo/ExDark_YOLO/images/train/2015_02109.jpg,2,0.212682,11,1,1
/root/private_data/lowlight-object-detection/datasets_yolo/ExDark_YOLO/images/train/2015_02111.jpg,1,0.163329,3,0,1
/root/private_data/lowlight-object-detection/datasets_yolo/ExDark_YOLO/images/train/2015_02112.jpg,2,0.293922,2,1,1
/root/private_data/lowlight-object-detection/datasets_yolo/ExDark_YOLO/images/train/2015_02113.jpg,3,0.129850,5,1,1
/root/private_data/lowlight-object-detection/datasets_yolo/ExDark_YOLO/images/train/2015_02115.jpg,1,0.065287,3,0,1
/root/private_data/lowlight-object-detection/datasets_yolo/ExDark_YOLO/images/train/2015_02116.jpg,2,0.195496,7,1,1
/root/private_data/lowlight-object-detection/datasets_yolo/ExDark_YOLO/images/train/2015_02117.jpg,1,0.052668,2,0,1
/root/private_data/lowlight-object-detection/datasets_yolo/ExDark_YOLO/images/train/2015_02118.jpg,1,0.150951,6,0,1
/root/private_data/lowlight-object-detection/datasets_yolo/ExDark_YOLO/images/train/2015_02119.jpg,1,0.081818,4,0,1
/root/private_data/lowlight-object-detection/datasets_yolo/ExDark_YOLO/images/train/2015_02120.jpg,1,0.160339,1,0,1
/root/private_data/lowlight-object-detection/datasets_yolo/ExDark_YOLO/images/train/2015_02121.jpg,1,0.124115,1,0,1
/root/private_data/lowlight-object-detection/datasets_yolo/ExDark_YOLO/images/train/2015_02122.jpg,1,0.111743,1,0,1
/root/private_data/lowlight-object-detection/datasets_yolo/ExDark_YOLO/images/train/2015_02124.jpg,2,0.270500,3,1,1
/root/private_data/lowlight-object-detection/datasets_yolo/ExDark_YOLO/images/train/2015_02127.jpg,2,0.188438,7,1,1
/root/private_data/lowlight-object-detection/datasets_yolo/ExDark_YOLO/images/train/2015_02128.jpg,3,0.125289,9,1,1
/root/private_data/lowlight-object-detection/datasets_yolo/ExDark_YOLO/images/train/2015_02129.jpg,1,0.189645,1,0,1
/root/private_data/lowlight-object-detection/datasets_yolo/ExDark_YOLO/images/train/2015_02130.jpg,1,0.051259,7,0,1
/root/private_data/lowlight-object-detection/datasets_yolo/ExDark_YOLO/images/train/2015_02132.jpg,2,0.090521,5,1,1
/root/private_data/lowlight-object-detection/datasets_yolo/ExDark_YOLO/images/train/2015_02133.jpg,1,0.100528,4,0,1
/root/private_data/lowlight-object-detection/datasets_yolo/ExDark_YOLO/images/train/2015_02136.jpg,2,0.216844,41,1,1
/root/private_data/lowlight-object-detection/datasets_yolo/ExDark_YOLO/images/train/2015_02137.jpg,3,0.049795,7,1,1
/root/private_data/lowlight-object-detection/datasets_yolo/ExDark_YOLO/images/train/2015_02139.jpg,2,0.168468,3,1,1
/root/private_data/lowlight-object-detection/datasets_yolo/ExDark_YOLO/images/train/2015_02140.jpg,3,0.040108,3,1,1
/root/private_data/lowlight-object-detection/datasets_yolo/ExDark_YOLO/images/train/2015_02141.jpg,3,0.041687,8,1,1
/root/private_data/lowlight-object-detection/datasets_yolo/ExDark_YOLO/images/train/2015_02142.jpg,1,0.123482,1,0,1
/root/private_data/lowlight-object-detection/datasets_yolo/ExDark_YOLO/images/train/2015_02143.jpg,1,0.062148,2,0,1
/root/private_data/lowlight-object-detection/datasets_yolo/ExDark_YOLO/images/train/2015_02145.jpg,2,0.264095,4,1,1
/root/private_data/lowlight-object-detection/datasets_yolo/ExDark_YOLO/images/train/2015_02146.jpg,3,0.107285,4,1,1
/root/private_data/lowlight-object-detection/datasets_yolo/ExDark_YOLO/images/train/2015_02147.jpg,1,0.147441,1,0,1
/root/private_data/lowlight-object-detection/datasets_yolo/ExDark_YOLO/images/train/2015_02148.jpg,3,0.132917,3,1,1
/root/private_data/lowlight-object-detection/datasets_yolo/ExDark_YOLO/images/train/2015_02149.jpg,3,0.056848,5,1,1
/root/private_data/lowlight-object-detection/datasets_yolo/ExDark_YOLO/images/train/2015_02150.jpg,2,0.247987,10,1,1
/root/private_data/lowlight-object-detection/datasets_yolo/ExDark_YOLO/images/train/2015_02151.jpg,1,0.187531,1,0,1
/root/private_data/lowlight-object-detection/datasets_yolo/ExDark_YOLO/images/train/2015_02152.jpg,2,0.162290,4,1,1
/root/private_data/lowlight-object-detection/datasets_yolo/ExDark_YOLO/images/train/2015_02153.jpg,2,0.229591,22,1,1
/root/private_data/lowlight-object-detection/datasets_yolo/ExDark_YOLO/images/train/2015_02154.jpg,1,0.129653,1,0,1
/root/private_data/lowlight-object-detection/datasets_yolo/ExDark_YOLO/images/train/2015_02156.jpg,1,0.127001,1,0,1
/root/private_data/lowlight-object-detection/datasets_yolo/ExDark_YOLO/images/train/2015_02157.jpg,1,0.207872,1,0,1
/root/private_data/lowlight-object-detection/datasets_yolo/ExDark_YOLO/images/train/2015_02158.jpg,3,0.178666,6,1,1
/root/private_data/lowlight-object-detection/datasets_yolo/ExDark_YOLO/images/train/2015_02163.jpg,2,0.242787,7,1,1
/root/private_data/lowlight-object-detection/datasets_yolo/ExDark_YOLO/images/train/2015_02164.jpg,1,0.164923,2,0,1
/root/private_data/lowlight-object-detection/datasets_yolo/ExDark_YOLO/images/train/2015_02166.jpg,2,0.215134,9,1,1
/root/private_data/lowlight-object-detection/datasets_yolo/ExDark_YOLO/images/train/2015_02167.jpg,3,0.160088,4,1,1
/root/private_data/lowlight-object-detection/datasets_yolo/ExDark_YOLO/images/train/2015_02168.jpg,3,0.171057,2,1,1
/root/private_data/lowlight-object-detection/datasets_yolo/ExDark_YOLO/images/train/2015_02169.jpg,1,0.207070,2,0,1
/root/private_data/lowlight-object-detection/datasets_yolo/ExDark_YOLO/images/train/2015_02170.jpg,1,0.121020,1,0,1
/root/private_data/lowlight-object-detection/datasets_yolo/ExDark_YOLO/images/train/2015_02171.jpg,1,0.196443,1,0,1
/root/private_data/lowlight-object-detection/datasets_yolo/ExDark_YOLO/images/train/2015_02172.jpg,3,0.151398,8,1,1
/root/private_data/lowlight-object-detection/datasets_yolo/ExDark_YOLO/images/train/2015_02173.jpg,1,0.271434,1,0,1
/root/private_data/lowlight-object-detection/datasets_yolo/ExDark_YOLO/images/train/2015_02174.jpg,2,0.215962,3,1,1
/root/private_data/lowlight-object-detection/datasets_yolo/ExDark_YOLO/images/train/2015_02175.jpg,1,0.127388,3,0,1
/root/private_data/lowlight-object-detection/datasets_yolo/ExDark_YOLO/images/train/2015_02176.jpg,2,0.227786,3,1,1
/root/private_data/lowlight-object-detection/datasets_yolo/ExDark_YOLO/images/train/2015_02177.jpg,2,0.230122,7,1,1
/root/private_data/lowlight-object-detection/datasets_yolo/ExDark_YOLO/images/train/2015_02179.jpg,3,0.168978,5,1,1
/root/private_data/lowlight-object-detection/datasets_yolo/ExDark_YOLO/images/train/2015_02181.jpg,3,0.167099,9,1,1
/root/private_data/lowlight-object-detection/datasets_yolo/ExDark_YOLO/images/train/2015_02183.jpg,2,0.141364,4,1,1
/root/private_data/lowlight-object-detection/datasets_yolo/ExDark_YOLO/images/train/2015_02185.jpg,1,0.165734,5,0,1
/root/private_data/lowlight-object-detection/datasets_yolo/ExDark_YOLO/images/train/2015_02186.jpg,2,0.226525,37,1,1
/root/private_data/lowlight-object-detection/datasets_yolo/ExDark_YOLO/images/train/2015_02187.jpg,3,0.142518,12,1,1
/root/private_data/lowlight-object-detection/datasets_yolo/ExDark_YOLO/images/train/2015_02188.jpg,1,0.180338,1,0,1
/root/private_data/lowlight-object-detection/datasets_yolo/ExDark_YOLO/images/train/2015_02189.jpg,1,0.173062,2,0,1
/root/private_data/lowlight-object-detection/datasets_yolo/ExDark_YOLO/images/train/2015_02190.jpg,2,0.212405,4,1,1
/root/private_data/lowlight-object-detection/datasets_yolo/ExDark_YOLO/images/train/2015_02191.jpg,1,0.288511,1,0,1
/root/private_data/lowlight-object-detection/datasets_yolo/ExDark_YOLO/images/train/2015_02192.jpg,1,0.245067,1,0,1
/root/private_data/lowlight-object-detection/datasets_yolo/ExDark_YOLO/images/train/2015_02193.jpg,2,0.236881,2,1,1
/root/private_data/lowlight-object-detection/datasets_yolo/ExDark_YOLO/images/train/2015_02194.jpg,2,0.202994,3,1,1
/root/private_data/lowlight-object-detection/datasets_yolo/ExDark_YOLO/images/train/2015_02196.jpg,1,0.174374,1,0,1
/root/private_data/lowlight-object-detection/datasets_yolo/ExDark_YOLO/images/train/2015_02198.jpg,2,0.218312,2,1,1
/root/private_data/lowlight-object-detection/datasets_yolo/ExDark_YOLO/images/train/2015_02199.jpg,3,0.074825,7,1,1
/root/private_data/lowlight-object-detection/datasets_yolo/ExDark_YOLO/images/train/2015_02200.jpg,1,0.183231,1,0,1
/root/private_data/lowlight-object-detection/datasets_yolo/ExDark_YOLO/images/train/2015_02202.jpg,3,0.169594,10,1,1
/root/private_data/lowlight-object-detection/datasets_yolo/ExDark_YOLO/images/train/2015_02203.jpg,3,0.101766,4,1,1
/root/private_data/lowlight-object-detection/datasets_yolo/ExDark_YOLO/images/train/2015_02204.jpg,1,0.333373,12,1,0
/root/private_data/lowlight-object-detection/datasets_yolo/ExDark_YOLO/images/train/2015_02207.jpg,1,0.225261,2,0,1
/root/private_data/lowlight-object-detection/datasets_yolo/ExDark_YOLO/images/train/2015_02208.jpg,1,0.148676,1,0,1
/root/private_data/lowlight-object-detection/datasets_yolo/ExDark_YOLO/images/train/2015_02210.jpg,1,0.095723,1,0,1
/root/private_data/lowlight-object-detection/datasets_yolo/ExDark_YOLO/images/train/2015_02211.jpg,2,0.239698,6,1,1
/root/private_data/lowlight-object-detection/datasets_yolo/ExDark_YOLO/images/train/2015_02212.jpg,2,0.144681,5,1,1
/root/private_data/lowlight-object-detection/datasets_yolo/ExDark_YOLO/images/train/2015_02213.jpg,3,0.121924,12,1,1
/root/private_data/lowlight-object-detection/datasets_yolo/ExDark_YOLO/images/train/2015_02217.jpg,2,0.217201,4,1,1
/root/private_data/lowlight-object-detection/datasets_yolo/ExDark_YOLO/images/train/2015_02218.jpg,1,0.110462,4,0,1
/root/private_data/lowlight-object-detection/datasets_yolo/ExDark_YOLO/images/train/2015_02219.jpg,3,0.090521,5,1,1
/root/private_data/lowlight-object-detection/datasets_yolo/ExDark_YOLO/images/train/2015_02220.jpg,3,0.144890,5,1,1
/root/private_data/lowlight-object-detection/datasets_yolo/ExDark_YOLO/images/train/2015_02221.jpg,2,0.175493,5,1,1
/root/private_data/lowlight-object-detection/datasets_yolo/ExDark_YOLO/images/train/2015_02222.jpg,2,0.297182,4,1,1
/root/private_data/lowlight-object-detection/datasets_yolo/ExDark_YOLO/images/train/2015_02223.jpg,3,0.170571,11,1,1
/root/private_data/lowlight-object-detection/datasets_yolo/ExDark_YOLO/images/train/2015_02224.jpg,2,0.198792,7,1,1
/root/private_data/lowlight-object-detection/datasets_yolo/ExDark_YOLO/images/train/2015_02225.jpg,2,0.225602,9,1,1
/root/private_data/lowlight-object-detection/datasets_yolo/ExDark_YOLO/images/train/2015_02226.jpg,2,0.160457,1,1,1
/root/private_data/lowlight-object-detection/datasets_yolo/ExDark_YOLO/images/train/2015_02227.jpg,1,0.152075,1,0,1
/root/private_data/lowlight-object-detection/datasets_yolo/ExDark_YOLO/images/train/2015_02229.jpg,3,0.094303,14,1,1
/root/private_data/lowlight-object-detection/datasets_yolo/ExDark_YOLO/images/train/2015_02230.jpg,2,0.038326,2,1,1
/root/private_data/lowlight-object-detection/datasets_yolo/ExDark_YOLO/images/train/2015_02231.jpg,1,0.172398,3,0,1
/root/private_data/lowlight-object-detection/datasets_yolo/ExDark_YOLO/images/train/2015_02232.jpg,3,0.090311,3,1,1
/root/private_data/lowlight-object-detection/datasets_yolo/ExDark_YOLO/images/train/2015_02233.jpg,1,0.093427,2,0,1
/root/private_data/lowlight-object-detection/datasets_yolo/ExDark_YOLO/images/train/2015_02235.jpg,1,0.344406,2,0,0
/root/private_data/lowlight-object-detection/datasets_yolo/ExDark_YOLO/images/train/2015_02236.jpg,1,0.116917,3,0,1
/root/private_data/lowlight-object-detection/datasets_yolo/ExDark_YOLO/images/train/2015_02237.JPEG,1,0.247925,1,0,1
/root/private_data/lowlight-object-detection/datasets_yolo/ExDark_YOLO/images/train/2015_02238.jpg,1,0.079777,1,0,1
/root/private_data/lowlight-object-detection/datasets_yolo/ExDark_YOLO/images/train/2015_02239.JPEG,2,0.191331,4,1,1
/root/private_data/lowlight-object-detection/datasets_yolo/ExDark_YOLO/images/train/2015_02240.JPEG,1,0.061731,5,0,1
/root/private_data/lowlight-object-detection/datasets_yolo/ExDark_YOLO/images/train/2015_02241.JPEG,1,0.125036,3,0,1
/root/private_data/lowlight-object-detection/datasets_yolo/ExDark_YOLO/images/train/2015_02242.jpg,2,0.089353,6,1,1
/root/private_data/lowlight-object-detection/datasets_yolo/ExDark_YOLO/images/train/2015_02244.jpg,1,0.128302,1,0,1
/root/private_data/lowlight-object-detection/datasets_yolo/ExDark_YOLO/images/train/2015_02245.jpg,1,0.225172,1,0,1
/root/private_data/lowlight-object-detection/datasets_yolo/ExDark_YOLO/images/train/2015_02246.jpg,2,0.180161,5,1,1
/root/private_data/lowlight-object-detection/datasets_yolo/ExDark_YOLO/images/train/2015_02248.JPG,1,0.188202,2,0,1
/root/private_data/lowlight-object-detection/datasets_yolo/ExDark_YOLO/images/train/2015_02249.JPG,2,0.219268,5,1,1
/root/private_data/lowlight-object-detection/datasets_yolo/ExDark_YOLO/images/train/2015_02250.JPG,1,0.213484,5,0,1
/root/private_data/lowlight-object-detection/datasets_yolo/ExDark_YOLO/images/train/2015_02251.JPG,1,0.178500,3,0,1
/root/private_data/lowlight-object-detection/datasets_yolo/ExDark_YOLO/images/train/2015_02252.JPG,1,0.187480,1,0,1
/root/private_data/lowlight-object-detection/datasets_yolo/ExDark_YOLO/images/train/2015_02253.JPG,1,0.149157,1,0,1
/root/private_data/lowlight-object-detection/datasets_yolo/ExDark_YOLO/images/train/2015_02254.JPG,1,0.144855,2,0,1
/root/private_data/lowlight-object-detection/datasets_yolo/ExDark_YOLO/images/train/2015_02255.JPG,1,0.115371,1,0,1
/root/private_data/lowlight-object-detection/datasets_yolo/ExDark_YOLO/images/train/2015_02256.JPG,1,0.121439,1,0,1
/root/private_data/lowlight-object-detection/datasets_yolo/ExDark_YOLO/images/train/2015_02259.JPG,1,0.223831,1,0,1
/root/private_data/lowlight-object-detection/datasets_yolo/ExDark_YOLO/images/train/2015_02260.JPG,1,0.146524,1,0,1
/root/private_data/lowlight-object-detection/datasets_yolo/ExDark_YOLO/images/train/2015_02261.JPG,1,0.248578,1,0,1
/root/private_data/lowlight-object-detection/datasets_yolo/ExDark_YOLO/images/train/2015_02262.JPG,1,0.185184,3,0,1
/root/private_data/lowlight-object-detection/datasets_yolo/ExDark_YOLO/images/train/2015_02263.JPG,1,0.169664,1,0,1
/root/private_data/lowlight-object-detection/datasets_yolo/ExDark_YOLO/images/train/2015_02264.JPG,1,0.181885,1,0,1
/root/private_data/lowlight-object-detection/datasets_yolo/ExDark_YOLO/images/train/2015_02265.JPG,1,0.198431,2,0,1
/root/private_data/lowlight-object-detection/datasets_yolo/ExDark_YOLO/images/train/2015_02266.JPG,1,0.190399,2,0,1
/root/private_data/lowlight-object-detection/datasets_yolo/ExDark_YOLO/images/train/2015_02267.jpg,1,0.137512,4,0,1
/root/private_data/lowlight-object-detection/datasets_yolo/ExDark_YOLO/images/train/2015_02268.jpg,1,0.087369,4,0,1
/root/private_data/lowlight-object-detection/datasets_yolo/ExDark_YOLO/images/train/2015_02270.jpg,1,0.199804,1,0,1
/root/private_data/lowlight-object-detection/datasets_yolo/ExDark_YOLO/images/train/2015_02271.jpg,1,0.259911,2,0,1
/root/private_data/lowlight-object-detection/datasets_yolo/ExDark_YOLO/images/train/2015_02272.JPG,1,0.132055,3,0,1
/root/private_data/lowlight-object-detection/datasets_yolo/ExDark_YOLO/images/train/2015_02273.jpg,1,0.197192,1,0,1
/root/private_data/lowlight-object-detection/datasets_yolo/ExDark_YOLO/images/train/2015_02275.jpg,2,0.131246,6,1,1
/root/private_data/lowlight-object-detection/datasets_yolo/ExDark_YOLO/images/train/2015_02277.jpg,1,0.092926,3,0,1
/root/private_data/lowlight-object-detection/datasets_yolo/ExDark_YOLO/images/train/2015_02278.jpg,1,0.112831,2,0,1
/root/private_data/lowlight-object-detection/datasets_yolo/ExDark_YOLO/images/train/2015_02279.jpg,2,0.110397,11,1,1
/root/private_data/lowlight-object-detection/datasets_yolo/ExDark_YOLO/images/train/2015_02280.jpg,1,0.250682,2,0,1
/root/private_data/lowlight-object-detection/datasets_yolo/ExDark_YOLO/images/train/2015_02281.jpg,1,0.136935,4,0,1
/root/private_data/lowlight-object-detection/datasets_yolo/ExDark_YOLO/images/train/2015_02282.jpg,3,0.142387,8,1,1
/root/private_data/lowlight-object-detection/datasets_yolo/ExDark_YOLO/images/train/2015_02283.jpg,1,0.250276,1,0,1
/root/private_data/lowlight-object-detection/datasets_yolo/ExDark_YOLO/images/train/2015_02284.jpg,1,0.121473,1,0,1
/root/private_data/lowlight-object-detection/datasets_yolo/ExDark_YOLO/images/train/2015_02285.jpg,1,0.100828,1,0,1
/root/private_data/lowlight-object-detection/datasets_yolo/ExDark_YOLO/images/train/2015_02286.jpg,1,0.091117,2,0,1
/root/private_data/lowlight-object-detection/datasets_yolo/ExDark_YOLO/images/train/2015_02287.jpg,1,0.077073,1,0,1
/root/private_data/lowlight-object-detection/datasets_yolo/ExDark_YOLO/images/train/2015_02290.JPG,1,0.096988,1,0,1
/root/private_data/lowlight-object-detection/datasets_yolo/ExDark_YOLO/images/train/2015_02291.JPG,2,0.282619,7,1,1
/root/private_data/lowlight-object-detection/datasets_yolo/ExDark_YOLO/images/train/2015_02292.jpg,2,0.251019,4,1,1
/root/private_data/lowlight-object-detection/datasets_yolo/ExDark_YOLO/images/train/2015_02295.jpg,1,0.096308,2,0,1
/root/private_data/lowlight-object-detection/datasets_yolo/ExDark_YOLO/images/train/2015_02297.jpg,1,0.071279,1,0,1
/root/private_data/lowlight-object-detection/datasets_yolo/ExDark_YOLO/images/train/2015_02300.jpg,1,0.125393,2,0,1
/root/private_data/lowlight-object-detection/datasets_yolo/ExDark_YOLO/images/train/2015_02301.jpg,1,0.097095,2,0,1
/root/private_data/lowlight-object-detection/datasets_yolo/ExDark_YOLO/images/train/2015_02302.jpg,1,0.096487,1,0,1
/root/private_data/lowlight-object-detection/datasets_yolo/ExDark_YOLO/images/train/2015_02304.jpg,2,0.299237,9,1,1
/root/private_data/lowlight-object-detection/datasets_yolo/ExDark_YOLO/images/train/2015_02305.jpg,1,0.302155,4,1,0
/root/private_data/lowlight-object-detection/datasets_yolo/ExDark_YOLO/images/train/2015_02306.jpg,3,0.011943,2,1,1
/root/private_data/lowlight-object-detection/datasets_yolo/ExDark_YOLO/images/train/2015_02307.jpg,3,0.140579,4,1,1
/root/private_data/lowlight-object-detection/datasets_yolo/ExDark_YOLO/images/train/2015_02308.jpg,2,0.195199,3,1,1
/root/private_data/lowlight-object-detection/datasets_yolo/ExDark_YOLO/images/train/2015_02309.png,1,0.117832,7,0,1
/root/private_data/lowlight-object-detection/datasets_yolo/ExDark_YOLO/images/train/2015_02310.jpg,2,0.238881,6,1,1
/root/private_data/lowlight-object-detection/datasets_yolo/ExDark_YOLO/images/train/2015_02311.jpg,2,0.187393,7,1,1
/root/private_data/lowlight-object-detection/datasets_yolo/ExDark_YOLO/images/train/2015_02312.jpg,1,0.052395,1,0,1
/root/private_data/lowlight-object-detection/datasets_yolo/ExDark_YOLO/images/train/2015_02315.jpg,1,0.029128,1,0,1
/root/private_data/lowlight-object-detection/datasets_yolo/ExDark_YOLO/images/train/2015_02316.jpg,2,0.187356,5,1,1
/root/private_data/lowlight-object-detection/datasets_yolo/ExDark_YOLO/images/train/2015_02317.jpg,1,0.127594,2,0,1
/root/private_data/lowlight-object-detection/datasets_yolo/ExDark_YOLO/images/train/2015_02318.jpg,3,0.042818,3,1,1
/root/private_data/lowlight-object-detection/datasets_yolo/ExDark_YOLO/images/train/2015_02319.jpg,1,0.051548,1,0,1
/root/private_data/lowlight-object-detection/datasets_yolo/ExDark_YOLO/images/train/2015_02321.jpg,1,0.087467,3,0,1
/root/private_data/lowlight-object-detection/datasets_yolo/ExDark_YOLO/images/train/2015_02322.jpg,1,0.227683,1,0,1
/root/private_data/lowlight-object-detection/datasets_yolo/ExDark_YOLO/images/train/2015_02324.jpg,2,0.063821,1,1,1
/root/private_data/lowlight-object-detection/datasets_yolo/ExDark_YOLO/images/train/2015_02325.jpg,1,0.152415,1,0,1
/root/private_data/lowlight-object-detection/datasets_yolo/ExDark_YOLO/images/train/2015_02326.jpg,1,0.135684,2,0,1
/root/private_data/lowlight-object-detection/datasets_yolo/ExDark_YOLO/images/train/2015_02327.jpg,2,0.182303,23,1,1
/root/private_data/lowlight-object-detection/datasets_yolo/ExDark_YOLO/images/train/2015_02328.jpg,1,0.173501,1,0,1
/root/private_data/lowlight-object-detection/datasets_yolo/ExDark_YOLO/images/train/2015_02329.jpg,1,0.199677,1,0,1
/root/private_data/lowlight-object-detection/datasets_yolo/ExDark_YOLO/images/train/2015_02330.jpg,1,0.215185,2,0,1
/root/private_data/lowlight-object-detection/datasets_yolo/ExDark_YOLO/images/train/2015_02331.jpg,1,0.074904,2,0,1
/root/private_data/lowlight-object-detection/datasets_yolo/ExDark_YOLO/images/train/2015_02332.jpg,3,0.086096,2,1,1
/root/private_data/lowlight-object-detection/datasets_yolo/ExDark_YOLO/images/train/2015_02333.jpg,2,0.213104,6,1,1
/root/private_data/lowlight-object-detection/datasets_yolo/ExDark_YOLO/images/train/2015_02335.jpg,1,0.301577,7,1,0
/root/private_data/lowlight-object-detection/datasets_yolo/ExDark_YOLO/images/train/2015_02336.jpg,3,0.052921,10,1,1
/root/private_data/lowlight-object-detection/datasets_yolo/ExDark_YOLO/images/train/2015_02337.jpg,3,0.116951,6,1,1
/root/private_data/lowlight-object-detection/datasets_yolo/ExDark_YOLO/images/train/2015_02339.jpg,1,0.143421,1,0,1
/root/private_data/lowlight-object-detection/datasets_yolo/ExDark_YOLO/images/train/2015_02340.jpg,1,0.247168,2,0,1
/root/private_data/lowlight-object-detection/datasets_yolo/ExDark_YOLO/images/train/2015_02341.jpg,1,0.174775,6,0,1
/root/private_data/lowlight-object-detection/datasets_yolo/ExDark_YOLO/images/train/2015_02342.jpg,2,0.197500,3,1,1
/root/private_data/lowlight-object-detection/datasets_yolo/ExDark_YOLO/images/train/2015_02343.jpg,3,0.125711,5,1,1
/root/private_data/lowlight-object-detection/datasets_yolo/ExDark_YOLO/images/train/2015_02344.jpg,2,0.113736,4,1,1
/root/private_data/lowlight-object-detection/datasets_yolo/ExDark_YOLO/images/train/2015_02345.jpg,1,0.248807,1,0,1
/root/private_data/lowlight-object-detection/datasets_yolo/ExDark_YOLO/images/train/2015_02346.jpg,2,0.246949,10,1,1
/root/private_data/lowlight-object-detection/datasets_yolo/ExDark_YOLO/images/train/2015_02347.jpg,1,0.034698,2,0,1
/root/private_data/lowlight-object-detection/datasets_yolo/ExDark_YOLO/images/train/2015_02348.JPEG,1,0.298152,2,0,1
/root/private_data/lowlight-object-detection/datasets_yolo/ExDark_YOLO/images/train/2015_02349.JPEG,1,0.228235,1,0,1
/root/private_data/lowlight-object-detection/datasets_yolo/ExDark_YOLO/images/train/2015_02351.JPEG,2,0.159019,3,1,1
/root/private_data/lowlight-object-detection/datasets_yolo/ExDark_YOLO/images/train/2015_02352.JPEG,1,0.298716,1,0,1
/root/private_data/lowlight-object-detection/datasets_yolo/ExDark_YOLO/images/train/2015_02354.JPEG,2,0.112314,3,1,1
/root/private_data/lowlight-object-detection/datasets_yolo/ExDark_YOLO/images/train/2015_02355.JPEG,1,0.153710,1,0,1
/root/private_data/lowlight-object-detection/datasets_yolo/ExDark_YOLO/images/train/2015_02356.JPEG,2,0.240277,4,1,1
/root/private_data/lowlight-object-detection/datasets_yolo/ExDark_YOLO/images/train/2015_02357.JPEG,2,0.234480,18,1,1
/root/private_data/lowlight-object-detection/datasets_yolo/ExDark_YOLO/images/train/2015_02358.JPEG,1,0.120333,1,0,1
/root/private_data/lowlight-object-detection/datasets_yolo/ExDark_YOLO/images/train/2015_02359.JPEG,2,0.290782,23,1,1
/root/private_data/lowlight-object-detection/datasets_yolo/ExDark_YOLO/images/train/2015_02360.jpg,2,0.062054,2,1,1
/root/private_data/lowlight-object-detection/datasets_yolo/ExDark_YOLO/images/train/2015_02361.jpg,1,0.114017,1,0,1
/root/private_data/lowlight-object-detection/datasets_yolo/ExDark_YOLO/images/train/2015_02362.jpg,1,0.025616,1,0,1
/root/private_data/lowlight-object-detection/datasets_yolo/ExDark_YOLO/images/train/2015_02365.jpg,1,0.165614,1,0,1
/root/private_data/lowlight-object-detection/datasets_yolo/ExDark_YOLO/images/train/2015_02366.jpg,3,0.072692,9,1,1
/root/private_data/lowlight-object-detection/datasets_yolo/ExDark_YOLO/images/train/2015_02368.jpg,3,0.128786,3,1,1
/root/private_data/lowlight-object-detection/datasets_yolo/ExDark_YOLO/images/train/2015_02369.jpg,1,0.314236,1,0,0
/root/private_data/lowlight-object-detection/datasets_yolo/ExDark_YOLO/images/train/2015_02370.jpg,1,0.296622,2,0,1
/root/private_data/lowlight-object-detection/datasets_yolo/ExDark_YOLO/images/train/2015_02371.jpg,1,0.217906,1,0,1
/root/private_data/lowlight-object-detection/datasets_yolo/ExDark_YOLO/images/train/2015_02372.jpg,1,0.077293,1,0,1
/root/private_data/lowlight-object-detection/datasets_yolo/ExDark_YOLO/images/train/2015_02373.jpg,1,0.123226,1,0,1
/root/private_data/lowlight-object-detection/datasets_yolo/ExDark_YOLO/images/train/2015_02374.jpg,1,0.065946,2,0,1
/root/private_data/lowlight-object-detection/datasets_yolo/ExDark_YOLO/images/train/2015_02377.jpg,1,0.332343,1,0,0
/root/private_data/lowlight-object-detection/datasets_yolo/ExDark_YOLO/images/train/2015_02378.jpg,1,0.170581,1,0,1
/root/private_data/lowlight-object-detection/datasets_yolo/ExDark_YOLO/images/train/2015_02379.jpg,3,0.137241,9,1,1
/root/private_data/lowlight-object-detection/datasets_yolo/ExDark_YOLO/images/train/2015_02380.jpg,1,0.101749,3,0,1
/root/private_data/lowlight-object-detection/datasets_yolo/ExDark_YOLO/images/train/2015_02381.jpg,3,0.174714,16,1,1
/root/private_data/lowlight-object-detection/datasets_yolo/ExDark_YOLO/images/train/2015_02382.jpg,3,0.085217,7,1,1
/root/private_data/lowlight-object-detection/datasets_yolo/ExDark_YOLO/images/train/2015_02384.jpg,1,0.099421,1,0,1
/root/private_data/lowlight-object-detection/datasets_yolo/ExDark_YOLO/images/train/2015_02386.jpg,2,0.067156,8,1,1
/root/private_data/lowlight-object-detection/datasets_yolo/ExDark_YOLO/images/train/2015_02387.jpg,2,0.125760,4,1,1
/root/private_data/lowlight-object-detection/datasets_yolo/ExDark_YOLO/images/train/2015_02388.jpg,1,0.054086,2,0,1
/root/private_data/lowlight-object-detection/datasets_yolo/ExDark_YOLO/images/train/2015_02389.jpg,1,0.289819,1,0,1
/root/private_data/lowlight-object-detection/datasets_yolo/ExDark_YOLO/images/train/2015_02391.jpg,1,0.095423,2,0,1
/root/private_data/lowlight-object-detection/datasets_yolo/ExDark_YOLO/images/train/2015_02393.jpg,1,0.274821,1,0,1
/root/private_data/lowlight-object-detection/datasets_yolo/ExDark_YOLO/images/train/2015_02394.jpg,1,0.247539,1,0,1
/root/private_data/lowlight-object-detection/datasets_yolo/ExDark_YOLO/images/train/2015_02395.jpg,3,0.096281,5,1,1
/root/private_data/lowlight-object-detection/datasets_yolo/ExDark_YOLO/images/train/2015_02397.jpg,1,0.158032,1,0,1
/root/private_data/lowlight-object-detection/datasets_yolo/ExDark_YOLO/images/train/2015_02399.png,3,0.156830,26,1,1
/root/private_data/lowlight-object-detection/datasets_yolo/ExDark_YOLO/images/train/2015_02400.png,1,0.118842,1,0,1
/root/private_data/lowlight-object-detection/datasets_yolo/ExDark_YOLO/images/train/2015_02401.png,1,0.096491,1,0,1
/root/private_data/lowlight-object-detection/datasets_yolo/ExDark_YOLO/images/train/2015_02402.png,1,0.079050,3,0,1
/root/private_data/lowlight-object-detection/datasets_yolo/ExDark_YOLO/images/train/2015_02403.png,1,0.074918,3,0,1
/root/private_data/lowlight-object-detection/datasets_yolo/ExDark_YOLO/images/train/2015_02404.jpg,1,0.055682,2,0,1
/root/private_data/lowlight-object-detection/datasets_yolo/ExDark_YOLO/images/train/2015_02405.jpg,2,0.174745,2,1,1
/root/private_data/lowlight-object-detection/datasets_yolo/ExDark_YOLO/images/train/2015_02406.jpg,1,0.296882,1,0,1
/root/private_data/lowlight-object-detection/datasets_yolo/ExDark_YOLO/images/train/2015_02407.jpg,1,0.182915,3,0,1
/root/private_data/lowlight-object-detection/datasets_yolo/ExDark_YOLO/images/train/2015_02409.jpg,1,0.050540,4,0,1
/root/private_data/lowlight-object-detection/datasets_yolo/ExDark_YOLO/images/train/2015_02410.png,1,0.031512,1,0,1
/root/private_data/lowlight-object-detection/datasets_yolo/ExDark_YOLO/images/train/2015_02411.jpg,1,0.571996,1,0,0
/root/private_data/lowlight-object-detection/datasets_yolo/ExDark_YOLO/images/train/2015_02412.jpg,2,0.133427,4,1,1
/root/private_data/lowlight-object-detection/datasets_yolo/ExDark_YOLO/images/train/2015_02413.jpg,2,0.098884,2,1,1
/root/private_data/lowlight-object-detection/datasets_yolo/ExDark_YOLO/images/train/2015_02415.jpg,2,0.079238,3,1,1
/root/private_data/lowlight-object-detection/datasets_yolo/ExDark_YOLO/images/train/2015_02416.png,1,0.054397,3,0,1
/root/private_data/lowlight-object-detection/datasets_yolo/ExDark_YOLO/images/train/2015_02417.jpg,2,0.046996,5,1,1
/root/private_data/lowlight-object-detection/datasets_yolo/ExDark_YOLO/images/train/2015_02418.jpg,2,0.056570,4,1,1
/root/private_data/lowlight-object-detection/datasets_yolo/ExDark_YOLO/images/train/2015_02419.jpg,1,0.104840,1,0,1
/root/private_data/lowlight-object-detection/datasets_yolo/ExDark_YOLO/images/train/2015_02420.jpg,1,0.458103,2,0,0
/root/private_data/lowlight-object-detection/datasets_yolo/ExDark_YOLO/images/train/2015_02421.jpg,2,0.065205,6,1,1
/root/private_data/lowlight-object-detection/datasets_yolo/ExDark_YOLO/images/train/2015_02422.jpg,2,0.047283,2,1,1
/root/private_data/lowlight-object-detection/datasets_yolo/ExDark_YOLO/images/train/2015_02423.jpg,1,0.078911,1,0,1
/root/private_data/lowlight-object-detection/datasets_yolo/ExDark_YOLO/images/train/2015_02424.jpg,1,0.105440,2,0,1
/root/private_data/lowlight-object-detection/datasets_yolo/ExDark_YOLO/images/train/2015_02425.jpg,1,0.041533,1,0,1
/root/private_data/lowlight-object-detection/datasets_yolo/ExDark_YOLO/images/train/2015_02427.jpg,2,0.137009,6,1,1
/root/private_data/lowlight-object-detection/datasets_yolo/ExDark_YOLO/images/train/2015_02431.jpg,3,0.161196,6,1,1
/root/private_data/lowlight-object-detection/datasets_yolo/ExDark_YOLO/images/train/2015_02432.jpg,1,0.169350,1,0,1
/root/private_data/lowlight-object-detection/datasets_yolo/ExDark_YOLO/images/train/2015_02433.jpg,1,0.061191,1,0,1
/root/private_data/lowlight-object-detection/datasets_yolo/ExDark_YOLO/images/train/2015_02434.jpg,1,0.219974,3,0,1
/root/private_data/lowlight-object-detection/datasets_yolo/ExDark_YOLO/images/train/2015_02435.jpg,1,0.264956,1,0,1
/root/private_data/lowlight-object-detection/datasets_yolo/ExDark_YOLO/images/train/2015_02436.jpeg,2,0.218434,5,1,1
/root/private_data/lowlight-object-detection/datasets_yolo/ExDark_YOLO/images/train/2015_02437.jpg,1,0.128746,4,0,1
/root/private_data/lowlight-object-detection/datasets_yolo/ExDark_YOLO/images/train/2015_02438.jpg,1,0.258263,1,0,1
/root/private_data/lowlight-object-detection/datasets_yolo/ExDark_YOLO/images/train/2015_02439.jpg,1,0.045368,1,0,1
/root/private_data/lowlight-object-detection/datasets_yolo/ExDark_YOLO/images/train/2015_02441.jpg,2,0.152772,4,1,1
/root/private_data/lowlight-object-detection/datasets_yolo/ExDark_YOLO/images/train/2015_02443.jpg,1,0.162092,1,0,1
/root/private_data/lowlight-object-detection/datasets_yolo/ExDark_YOLO/images/train/2015_02445.jpg,3,0.170512,3,1,1
/root/private_data/lowlight-object-detection/datasets_yolo/ExDark_YOLO/images/train/2015_02446.jpg,3,0.074021,9,1,1
/root/private_data/lowlight-object-detection/datasets_yolo/ExDark_YOLO/images/train/2015_02447.jpg,1,0.136409,1,0,1
/root/private_data/lowlight-object-detection/datasets_yolo/ExDark_YOLO/images/train/2015_02450.jpg,1,0.253327,4,0,1
/root/private_data/lowlight-object-detection/datasets_yolo/ExDark_YOLO/images/train/2015_02451.jpg,1,0.109605,1,0,1
/root/private_data/lowlight-object-detection/datasets_yolo/ExDark_YOLO/images/train/2015_02452.jpg,1,0.069001,1,0,1
/root/private_data/lowlight-object-detection/datasets_yolo/ExDark_YOLO/images/train/2015_02453.jpg,1,0.174121,3,0,1
/root/private_data/lowlight-object-detection/datasets_yolo/ExDark_YOLO/images/train/2015_02454.jpg,1,0.057036,2,0,1
/root/private_data/lowlight-object-detection/datasets_yolo/ExDark_YOLO/images/train/2015_02456.jpg,3,0.121565,4,1,1
/root/private_data/lowlight-object-detection/datasets_yolo/ExDark_YOLO/images/train/2015_02457.jpg,1,0.057999,1,0,1
/root/private_data/lowlight-object-detection/datasets_yolo/ExDark_YOLO/images/train/2015_02458.jpg,3,0.042860,3,1,1
/root/private_data/lowlight-object-detection/datasets_yolo/ExDark_YOLO/images/train/2015_02459.jpg,1,0.073183,1,0,1
/root/private_data/lowlight-object-detection/datasets_yolo/ExDark_YOLO/images/train/2015_02460.jpg,2,0.265100,3,1,1
/root/private_data/lowlight-object-detection/datasets_yolo/ExDark_YOLO/images/train/2015_02461.jpg,1,0.111872,1,0,1
/root/private_data/lowlight-object-detection/datasets_yolo/ExDark_YOLO/images/train/2015_02462.jpg,1,0.062229,3,0,1
/root/private_data/lowlight-object-detection/datasets_yolo/ExDark_YOLO/images/train/2015_02463.jpg,1,0.072699,1,0,1
/root/private_data/lowlight-object-detection/datasets_yolo/ExDark_YOLO/images/train/2015_02464.jpg,2,0.292056,3,1,1
/root/private_data/lowlight-object-detection/datasets_yolo/ExDark_YOLO/images/train/2015_02465.jpg,1,0.204202,2,0,1
/root/private_data/lowlight-object-detection/datasets_yolo/ExDark_YOLO/images/train/2015_02466.jpg,1,0.156621,1,0,1
/root/private_data/lowlight-object-detection/datasets_yolo/ExDark_YOLO/images/train/2015_02467.jpg,1,0.113559,3,0,1
/root/private_data/lowlight-object-detection/datasets_yolo/ExDark_YOLO/images/train/2015_02468.jpg,1,0.247984,1,0,1
/root/private_data/lowlight-object-detection/datasets_yolo/ExDark_YOLO/images/train/2015_02470.jpg,3,0.097922,7,1,1
/root/private_data/lowlight-object-detection/datasets_yolo/ExDark_YOLO/images/train/2015_02471.jpg,1,0.026242,2,0,1
/root/private_data/lowlight-object-detection/datasets_yolo/ExDark_YOLO/images/train/2015_02472.jpg,1,0.083006,1,0,1
/root/private_data/lowlight-object-detection/datasets_yolo/ExDark_YOLO/images/train/2015_02473.jpg,1,0.041137,1,0,1
/root/private_data/lowlight-object-detection/datasets_yolo/ExDark_YOLO/images/train/2015_02474.jpg,2,0.133701,2,1,1
/root/private_data/lowlight-object-detection/datasets_yolo/ExDark_YOLO/images/train/2015_02475.jpg,1,0.086651,3,0,1
/root/private_data/lowlight-object-detection/datasets_yolo/ExDark_YOLO/images/train/2015_02476.jpg,1,0.091307,4,0,1
/root/private_data/lowlight-object-detection/datasets_yolo/ExDark_YOLO/images/train/2015_02477.jpg,1,0.197798,3,0,1
/root/private_data/lowlight-object-detection/datasets_yolo/ExDark_YOLO/images/train/2015_02478.jpg,1,0.171302,5,0,1
/root/private_data/lowlight-object-detection/datasets_yolo/ExDark_YOLO/images/train/2015_02479.jpg,1,0.215756,1,0,1
/root/private_data/lowlight-object-detection/datasets_yolo/ExDark_YOLO/images/train/2015_02481.jpg,3,0.179249,5,1,1
/root/private_data/lowlight-object-detection/datasets_yolo/ExDark_YOLO/images/train/2015_02482.jpg,1,0.080534,1,0,1
/root/private_data/lowlight-object-detection/datasets_yolo/ExDark_YOLO/images/train/2015_02483.jpg,1,0.124730,1,0,1
/root/private_data/lowlight-object-detection/datasets_yolo/ExDark_YOLO/images/train/2015_02484.jpg,2,0.176843,3,1,1
/root/private_data/lowlight-object-detection/datasets_yolo/ExDark_YOLO/images/train/2015_02485.jpg,3,0.155874,5,1,1
/root/private_data/lowlight-object-detection/datasets_yolo/ExDark_YOLO/images/train/2015_02486.jpg,1,0.216480,1,0,1
/root/private_data/lowlight-object-detection/datasets_yolo/ExDark_YOLO/images/train/2015_02487.jpg,1,0.231562,1,0,1
/root/private_data/lowlight-object-detection/datasets_yolo/ExDark_YOLO/images/train/2015_02488.jpg,1,0.116723,1,0,1
/root/private_data/lowlight-object-detection/datasets_yolo/ExDark_YOLO/images/train/2015_02489.jpg,1,0.072769,2,0,1
/root/private_data/lowlight-object-detection/datasets_yolo/ExDark_YOLO/images/train/2015_02490.jpg,1,0.226740,1,0,1
/root/private_data/lowlight-object-detection/datasets_yolo/ExDark_YOLO/images/train/2015_02491.jpg,1,0.145514,1,0,1
/root/private_data/lowlight-object-detection/datasets_yolo/ExDark_YOLO/images/train/2015_02492.jpg,1,0.084397,1,0,1
/root/private_data/lowlight-object-detection/datasets_yolo/ExDark_YOLO/images/train/2015_02494.jpg,1,0.075658,1,0,1
/root/private_data/lowlight-object-detection/datasets_yolo/ExDark_YOLO/images/train/2015_02495.jpg,3,0.051664,3,1,1
/root/private_data/lowlight-object-detection/datasets_yolo/ExDark_YOLO/images/train/2015_02496.jpg,1,0.096082,4,0,1
/root/private_data/lowlight-object-detection/datasets_yolo/ExDark_YOLO/images/train/2015_02498.jpg,1,0.110952,1,0,1
/root/private_data/lowlight-object-detection/datasets_yolo/ExDark_YOLO/images/train/2015_02499.jpg,1,0.146170,1,0,1
/root/private_data/lowlight-object-detection/datasets_yolo/ExDark_YOLO/images/train/2015_02500.jpg,1,0.106720,2,0,1
/root/private_data/lowlight-object-detection/datasets_yolo/ExDark_YOLO/images/train/2015_02501.jpg,3,0.097021,2,1,1
/root/private_data/lowlight-object-detection/datasets_yolo/ExDark_YOLO/images/train/2015_02502.jpg,1,0.032993,1,0,1
/root/private_data/lowlight-object-detection/datasets_yolo/ExDark_YOLO/images/train/2015_02503.jpg,1,0.041750,1,0,1
/root/private_data/lowlight-object-detection/datasets_yolo/ExDark_YOLO/images/train/2015_02504.jpg,3,0.082783,12,1,1
/root/private_data/lowlight-object-detection/datasets_yolo/ExDark_YOLO/images/train/2015_02505.jpg,1,0.010162,1,0,1
/root/private_data/lowlight-object-detection/datasets_yolo/ExDark_YOLO/images/train/2015_02507.jpg,1,0.086590,5,0,1
/root/private_data/lowlight-object-detection/datasets_yolo/ExDark_YOLO/images/train/2015_02508.jpg,1,0.051578,1,0,1
/root/private_data/lowlight-object-detection/datasets_yolo/ExDark_YOLO/images/train/2015_02509.jpg,1,0.125155,2,0,1
/root/private_data/lowlight-object-detection/datasets_yolo/ExDark_YOLO/images/train/2015_02511.jpg,1,0.094682,1,0,1
/root/private_data/lowlight-object-detection/datasets_yolo/ExDark_YOLO/images/train/2015_02512.jpg,2,0.176597,2,1,1
/root/private_data/lowlight-object-detection/datasets_yolo/ExDark_YOLO/images/train/2015_02514.jpg,1,0.095753,1,0,1
/root/private_data/lowlight-object-detection/datasets_yolo/ExDark_YOLO/images/train/2015_02515.jpg,2,0.022935,2,1,1
/root/private_data/lowlight-object-detection/datasets_yolo/ExDark_YOLO/images/train/2015_02516.jpg,2,0.250952,6,1,1
/root/private_data/lowlight-object-detection/datasets_yolo/ExDark_YOLO/images/train/2015_02517.jpg,2,0.081781,5,1,1
/root/private_data/lowlight-object-detection/datasets_yolo/ExDark_YOLO/images/train/2015_02519.jpg,1,0.084370,4,0,1
/root/private_data/lowlight-object-detection/datasets_yolo/ExDark_YOLO/images/train/2015_02520.jpg,1,0.123677,1,0,1
/root/private_data/lowlight-object-detection/datasets_yolo/ExDark_YOLO/images/train/2015_02521.jpg,1,0.143035,4,0,1
/root/private_data/lowlight-object-detection/datasets_yolo/ExDark_YOLO/images/train/2015_02523.jpg,2,0.134009,4,1,1
/root/private_data/lowlight-object-detection/datasets_yolo/ExDark_YOLO/images/train/2015_02524.jpg,1,0.196216,1,0,1
/root/private_data/lowlight-object-detection/datasets_yolo/ExDark_YOLO/images/train/2015_02525.jpg,1,0.083930,1,0,1
/root/private_data/lowlight-object-detection/datasets_yolo/ExDark_YOLO/images/train/2015_02526.jpg,1,0.056952,4,0,1
/root/private_data/lowlight-object-detection/datasets_yolo/ExDark_YOLO/images/train/2015_02527.jpg,1,0.166597,2,0,1
/root/private_data/lowlight-object-detection/datasets_yolo/ExDark_YOLO/images/train/2015_02528.jpg,1,0.098828,1,0,1
/root/private_data/lowlight-object-detection/datasets_yolo/ExDark_YOLO/images/train/2015_02529.jpg,1,0.098972,2,0,1
/root/private_data/lowlight-object-detection/datasets_yolo/ExDark_YOLO/images/train/2015_02531.jpg,1,0.207183,1,0,1
/root/private_data/lowlight-object-detection/datasets_yolo/ExDark_YOLO/images/train/2015_02532.jpg,1,0.052540,1,0,1
/root/private_data/lowlight-object-detection/datasets_yolo/ExDark_YOLO/images/train/2015_02533.jpg,1,0.011314,1,0,1
/root/private_data/lowlight-object-detection/datasets_yolo/ExDark_YOLO/images/train/2015_02534.jpg,1,0.236257,2,0,1
/root/private_data/lowlight-object-detection/datasets_yolo/ExDark_YOLO/images/train/2015_02535.jpg,1,0.094511,2,0,1
/root/private_data/lowlight-object-detection/datasets_yolo/ExDark_YOLO/images/train/2015_02536.jpg,1,0.154732,1,0,1
/root/private_data/lowlight-object-detection/datasets_yolo/ExDark_YOLO/images/train/2015_02537.jpg,1,0.053458,4,0,1
/root/private_data/lowlight-object-detection/datasets_yolo/ExDark_YOLO/images/train/2015_02538.jpg,1,0.033011,1,0,1
/root/private_data/lowlight-object-detection/datasets_yolo/ExDark_YOLO/images/train/2015_02539.jpg,1,0.096145,1,0,1
/root/private_data/lowlight-object-detection/datasets_yolo/ExDark_YOLO/images/train/2015_02540.jpg,1,0.117290,1,0,1
/root/private_data/lowlight-object-detection/datasets_yolo/ExDark_YOLO/images/train/2015_02541.jpg,1,0.209907,1,0,1
/root/private_data/lowlight-object-detection/datasets_yolo/ExDark_YOLO/images/train/2015_02542.jpg,1,0.084793,4,0,1
/root/private_data/lowlight-object-detection/datasets_yolo/ExDark_YOLO/images/train/2015_02543.jpg,1,0.138848,2,0,1
/root/private_data/lowlight-object-detection/datasets_yolo/ExDark_YOLO/images/train/2015_02545.jpg,3,0.056079,9,1,1
/root/private_data/lowlight-object-detection/datasets_yolo/ExDark_YOLO/images/train/2015_02546.jpg,3,0.114216,8,1,1
/root/private_data/lowlight-object-detection/datasets_yolo/ExDark_YOLO/images/train/2015_02548.jpg,1,0.047962,1,0,1
/root/private_data/lowlight-object-detection/datasets_yolo/ExDark_YOLO/images/train/2015_02549.jpg,1,0.256308,1,0,1
/root/private_data/lowlight-object-detection/datasets_yolo/ExDark_YOLO/images/train/2015_02551.jpg,1,0.083511,1,0,1
/root/private_data/lowlight-object-detection/datasets_yolo/ExDark_YOLO/images/train/2015_02552.jpg,1,0.156333,1,0,1
/root/private_data/lowlight-object-detection/datasets_yolo/ExDark_YOLO/images/train/2015_02553.jpg,1,0.097355,1,0,1
/root/private_data/lowlight-object-detection/datasets_yolo/ExDark_YOLO/images/train/2015_02554.jpg,1,0.103799,1,0,1
/root/private_data/lowlight-object-detection/datasets_yolo/ExDark_YOLO/images/train/2015_02555.jpg,2,0.276751,5,1,1
/root/private_data/lowlight-object-detection/datasets_yolo/ExDark_YOLO/images/train/2015_02556.jpg,1,0.211429,1,0,1
/root/private_data/lowlight-object-detection/datasets_yolo/ExDark_YOLO/images/train/2015_02558.jpg,1,0.152485,1,0,1
/root/private_data/lowlight-object-detection/datasets_yolo/ExDark_YOLO/images/train/2015_02560.jpg,1,0.091082,1,0,1
/root/private_data/lowlight-object-detection/datasets_yolo/ExDark_YOLO/images/train/2015_02561.jpg,1,0.124278,2,0,1
/root/private_data/lowlight-object-detection/datasets_yolo/ExDark_YOLO/images/train/2015_02562.jpg,2,0.110330,2,1,1
/root/private_data/lowlight-object-detection/datasets_yolo/ExDark_YOLO/images/train/2015_02563.jpg,1,0.323004,2,0,0
/root/private_data/lowlight-object-detection/datasets_yolo/ExDark_YOLO/images/train/2015_02564.jpg,1,0.147046,2,0,1
/root/private_data/lowlight-object-detection/datasets_yolo/ExDark_YOLO/images/train/2015_02565.jpg,1,0.022047,1,0,1
/root/private_data/lowlight-object-detection/datasets_yolo/ExDark_YOLO/images/train/2015_02567.jpg,1,0.137022,1,0,1
/root/private_data/lowlight-object-detection/datasets_yolo/ExDark_YOLO/images/train/2015_02568.jpg,1,0.143341,1,0,1
/root/private_data/lowlight-object-detection/datasets_yolo/ExDark_YOLO/images/train/2015_02570.jpg,1,0.200166,1,0,1
/root/private_data/lowlight-object-detection/datasets_yolo/ExDark_YOLO/images/train/2015_02571.jpg,2,0.064460,7,1,1
/root/private_data/lowlight-object-detection/datasets_yolo/ExDark_YOLO/images/train/2015_02572.jpg,1,0.047518,2,0,1
/root/private_data/lowlight-object-detection/datasets_yolo/ExDark_YOLO/images/train/2015_02573.jpg,1,0.055745,1,0,1
/root/private_data/lowlight-object-detection/datasets_yolo/ExDark_YOLO/images/train/2015_02574.jpg,2,0.176495,1,1,1
/root/private_data/lowlight-object-detection/datasets_yolo/ExDark_YOLO/images/train/2015_02575.jpg,1,0.121331,3,0,1
/root/private_data/lowlight-object-detection/datasets_yolo/ExDark_YOLO/images/train/2015_02576.jpg,2,0.229564,8,1,1
/root/private_data/lowlight-object-detection/datasets_yolo/ExDark_YOLO/images/train/2015_02577.jpg,2,0.033686,2,1,1
/root/private_data/lowlight-object-detection/datasets_yolo/ExDark_YOLO/images/train/2015_02578.jpg,2,0.242581,10,1,1
/root/private_data/lowlight-object-detection/datasets_yolo/ExDark_YOLO/images/train/2015_02579.jpg,1,0.046453,1,0,1
/root/private_data/lowlight-object-detection/datasets_yolo/ExDark_YOLO/images/train/2015_02581.jpg,1,0.122707,3,0,1
/root/private_data/lowlight-object-detection/datasets_yolo/ExDark_YOLO/images/train/2015_02582.jpg,1,0.114044,1,0,1
/root/private_data/lowlight-object-detection/datasets_yolo/ExDark_YOLO/images/train/2015_02583.jpg,1,0.065143,4,0,1
/root/private_data/lowlight-object-detection/datasets_yolo/ExDark_YOLO/images/train/2015_02584.jpg,1,0.171063,1,0,1
/root/private_data/lowlight-object-detection/datasets_yolo/ExDark_YOLO/images/train/2015_02585.jpg,1,0.417341,4,1,0
/root/private_data/lowlight-object-detection/datasets_yolo/ExDark_YOLO/images/train/2015_02586.jpg,2,0.192460,2,1,1
/root/private_data/lowlight-object-detection/datasets_yolo/ExDark_YOLO/images/train/2015_02587.jpg,1,0.220679,5,0,1
/root/private_data/lowlight-object-detection/datasets_yolo/ExDark_YOLO/images/train/2015_02588.jpg,3,0.140938,5,1,1
/root/private_data/lowlight-object-detection/datasets_yolo/ExDark_YOLO/images/train/2015_02589.jpg,1,0.099127,2,0,1
/root/private_data/lowlight-object-detection/datasets_yolo/ExDark_YOLO/images/train/2015_02590.jpg,3,0.153441,4,1,1
/root/private_data/lowlight-object-detection/datasets_yolo/ExDark_YOLO/images/train/2015_02591.jpg,1,0.243476,5,0,1
/root/private_data/lowlight-object-detection/datasets_yolo/ExDark_YOLO/images/train/2015_02592.jpg,2,0.188795,3,1,1
/root/private_data/lowlight-object-detection/datasets_yolo/ExDark_YOLO/images/train/2015_02595.jpg,3,0.176262,9,1,1
/root/private_data/lowlight-object-detection/datasets_yolo/ExDark_YOLO/images/train/2015_02596.jpg,1,0.157169,5,0,1
/root/private_data/lowlight-object-detection/datasets_yolo/ExDark_YOLO/images/train/2015_02597.jpg,1,0.022148,4,0,1
/root/private_data/lowlight-object-detection/datasets_yolo/ExDark_YOLO/images/train/2015_02598.jpg,1,0.029289,2,0,1
/root/private_data/lowlight-object-detection/datasets_yolo/ExDark_YOLO/images/train/2015_02599.jpg,3,0.128056,5,1,1
/root/private_data/lowlight-object-detection/datasets_yolo/ExDark_YOLO/images/train/2015_02600.jpg,2,0.177925,1,1,1
/root/private_data/lowlight-object-detection/datasets_yolo/ExDark_YOLO/images/train/2015_02601.jpg,1,0.228302,2,0,1
/root/private_data/lowlight-object-detection/datasets_yolo/ExDark_YOLO/images/train/2015_02603.jpg,2,0.163467,3,1,1
/root/private_data/lowlight-object-detection/datasets_yolo/ExDark_YOLO/images/train/2015_02604.jpg,3,0.126832,10,1,1
/root/private_data/lowlight-object-detection/datasets_yolo/ExDark_YOLO/images/train/2015_02605.jpg,3,0.123710,12,1,1
/root/private_data/lowlight-object-detection/datasets_yolo/ExDark_YOLO/images/train/2015_02606.jpg,2,0.260223,4,1,1
/root/private_data/lowlight-object-detection/datasets_yolo/ExDark_YOLO/images/train/2015_02607.jpg,2,0.250024,7,1,1
/root/private_data/lowlight-object-detection/datasets_yolo/ExDark_YOLO/images/train/2015_02609.jpg,1,0.228036,2,0,1
/root/private_data/lowlight-object-detection/datasets_yolo/ExDark_YOLO/images/train/2015_02610.jpg,3,0.159567,2,1,1
/root/private_data/lowlight-object-detection/datasets_yolo/ExDark_YOLO/images/train/2015_02611.jpg,2,0.227185,7,1,1
/root/private_data/lowlight-object-detection/datasets_yolo/ExDark_YOLO/images/train/2015_02612.jpg,1,0.109049,2,0,1
/root/private_data/lowlight-object-detection/datasets_yolo/ExDark_YOLO/images/train/2015_02613.jpg,1,0.364097,6,0,0
/root/private_data/lowlight-object-detection/datasets_yolo/ExDark_YOLO/images/train/2015_02614.jpg,1,0.168532,4,0,1
/root/private_data/lowlight-object-detection/datasets_yolo/ExDark_YOLO/images/train/2015_02615.jpg,1,0.105528,1,0,1
/root/private_data/lowlight-object-detection/datasets_yolo/ExDark_YOLO/images/train/2015_02616.jpg,2,0.183027,8,1,1
/root/private_data/lowlight-object-detection/datasets_yolo/ExDark_YOLO/images/train/2015_02617.JPEG,1,0.229594,1,0,1
/root/private_data/lowlight-object-detection/datasets_yolo/ExDark_YOLO/images/train/2015_02618.JPEG,3,0.090890,12,1,1
/root/private_data/lowlight-object-detection/datasets_yolo/ExDark_YOLO/images/train/2015_02619.JPEG,1,0.119229,4,0,1
/root/private_data/lowlight-object-detection/datasets_yolo/ExDark_YOLO/images/train/2015_02620.JPEG,2,0.218253,3,1,1
/root/private_data/lowlight-object-detection/datasets_yolo/ExDark_YOLO/images/train/2015_02621.JPEG,1,0.175606,3,0,1
/root/private_data/lowlight-object-detection/datasets_yolo/ExDark_YOLO/images/train/2015_02623.JPEG,1,0.144634,4,0,1
/root/private_data/lowlight-object-detection/datasets_yolo/ExDark_YOLO/images/train/2015_02624.JPEG,2,0.108473,3,1,1
/root/private_data/lowlight-object-detection/datasets_yolo/ExDark_YOLO/images/train/2015_02627.JPEG,2,0.273082,3,1,1
/root/private_data/lowlight-object-detection/datasets_yolo/ExDark_YOLO/images/train/2015_02628.JPEG,1,0.163047,2,0,1
/root/private_data/lowlight-object-detection/datasets_yolo/ExDark_YOLO/images/train/2015_02629.jpg,3,0.016180,3,1,1
/root/private_data/lowlight-object-detection/datasets_yolo/ExDark_YOLO/images/train/2015_02630.jpg,2,0.101538,3,1,1
/root/private_data/lowlight-object-detection/datasets_yolo/ExDark_YOLO/images/train/2015_02631.jpg,3,0.051844,4,1,1
/root/private_data/lowlight-object-detection/datasets_yolo/ExDark_YOLO/images/train/2015_02632.jpg,3,0.177005,5,1,1
/root/private_data/lowlight-object-detection/datasets_yolo/ExDark_YOLO/images/train/2015_02633.jpg,1,0.173819,2,0,1
/root/private_data/lowlight-object-detection/datasets_yolo/ExDark_YOLO/images/train/2015_02634.jpg,2,0.057269,3,1,1
/root/private_data/lowlight-object-detection/datasets_yolo/ExDark_YOLO/images/train/2015_02635.jpg,1,0.032058,1,0,1
/root/private_data/lowlight-object-detection/datasets_yolo/ExDark_YOLO/images/train/2015_02636.jpg,3,0.075948,4,1,1
/root/private_data/lowlight-object-detection/datasets_yolo/ExDark_YOLO/images/train/2015_02637.jpg,3,0.051849,8,1,1
/root/private_data/lowlight-object-detection/datasets_yolo/ExDark_YOLO/images/train/2015_02639.jpg,2,0.042241,2,1,1
/root/private_data/lowlight-object-detection/datasets_yolo/ExDark_YOLO/images/train/2015_02640.jpg,1,0.022081,3,0,1
/root/private_data/lowlight-object-detection/datasets_yolo/ExDark_YOLO/images/train/2015_02641.jpg,3,0.057471,2,1,1
/root/private_data/lowlight-object-detection/datasets_yolo/ExDark_YOLO/images/train/2015_02642.JPG,2,0.229001,6,1,1
/root/private_data/lowlight-object-detection/datasets_yolo/ExDark_YOLO/images/train/2015_02643.JPG,1,0.166730,2,0,1
/root/private_data/lowlight-object-detection/datasets_yolo/ExDark_YOLO/images/train/2015_02644.JPG,1,0.239144,4,0,1
/root/private_data/lowlight-object-detection/datasets_yolo/ExDark_YOLO/images/train/2015_02645.JPG,1,0.288022,3,0,1
/root/private_data/lowlight-object-detection/datasets_yolo/ExDark_YOLO/images/train/2015_02646.JPG,1,0.285440,4,0,1
/root/private_data/lowlight-object-detection/datasets_yolo/ExDark_YOLO/images/train/2015_02647.JPG,1,0.213529,3,0,1
/root/private_data/lowlight-object-detection/datasets_yolo/ExDark_YOLO/images/train/2015_02648.JPG,1,0.178149,3,0,1
/root/private_data/lowlight-object-detection/datasets_yolo/ExDark_YOLO/images/train/2015_02649.JPG,1,0.175536,5,0,1
/root/private_data/lowlight-object-detection/datasets_yolo/ExDark_YOLO/images/train/2015_02651.JPG,3,0.114905,7,1,1
/root/private_data/lowlight-object-detection/datasets_yolo/ExDark_YOLO/images/train/2015_02652.JPG,1,0.218472,2,0,1
/root/private_data/lowlight-object-detection/datasets_yolo/ExDark_YOLO/images/train/2015_02653.JPG,3,0.125036,8,1,1
/root/private_data/lowlight-object-detection/datasets_yolo/ExDark_YOLO/images/train/2015_02656.JPG,1,0.158129,2,0,1
/root/private_data/lowlight-object-detection/datasets_yolo/ExDark_YOLO/images/train/2015_02657.JPG,2,0.219936,3,1,1
/root/private_data/lowlight-object-detection/datasets_yolo/ExDark_YOLO/images/train/2015_02658.JPG,1,0.106294,1,0,1
/root/private_data/lowlight-object-detection/datasets_yolo/ExDark_YOLO/images/train/2015_02660.JPG,1,0.148400,2,0,1
/root/private_data/lowlight-object-detection/datasets_yolo/ExDark_YOLO/images/train/2015_02661.JPG,1,0.179324,1,0,1
/root/private_data/lowlight-object-detection/datasets_yolo/ExDark_YOLO/images/train/2015_02662.JPG,1,0.251144,1,0,1
/root/private_data/lowlight-object-detection/datasets_yolo/ExDark_YOLO/images/train/2015_02663.JPG,1,0.073225,1,0,1
/root/private_data/lowlight-object-detection/datasets_yolo/ExDark_YOLO/images/train/2015_02664.JPG,3,0.176117,2,1,1
/root/private_data/lowlight-object-detection/datasets_yolo/ExDark_YOLO/images/train/2015_02666.JPG,3,0.167544,3,1,1
/root/private_data/lowlight-object-detection/datasets_yolo/ExDark_YOLO/images/train/2015_02667.JPG,2,0.200805,3,1,1
/root/private_data/lowlight-object-detection/datasets_yolo/ExDark_YOLO/images/train/2015_02668.JPG,2,0.209902,4,1,1
/root/private_data/lowlight-object-detection/datasets_yolo/ExDark_YOLO/images/train/2015_02669.JPG,2,0.203508,2,1,1
/root/private_data/lowlight-object-detection/datasets_yolo/ExDark_YOLO/images/train/2015_02670.JPG,1,0.210965,1,0,1
/root/private_data/lowlight-object-detection/datasets_yolo/ExDark_YOLO/images/train/2015_02671.JPG,2,0.227708,4,1,1
/root/private_data/lowlight-object-detection/datasets_yolo/ExDark_YOLO/images/train/2015_02672.JPG,1,0.190021,3,0,1
/root/private_data/lowlight-object-detection/datasets_yolo/ExDark_YOLO/images/train/2015_02673.JPG,2,0.243484,5,1,1
/root/private_data/lowlight-object-detection/datasets_yolo/ExDark_YOLO/images/train/2015_02674.JPG,1,0.194172,4,0,1
/root/private_data/lowlight-object-detection/datasets_yolo/ExDark_YOLO/images/train/2015_02675.JPG,1,0.252957,2,0,1
/root/private_data/lowlight-object-detection/datasets_yolo/ExDark_YOLO/images/train/2015_02677.JPG,2,0.247753,2,1,1
/root/private_data/lowlight-object-detection/datasets_yolo/ExDark_YOLO/images/train/2015_02678.JPG,1,0.196256,1,0,1
/root/private_data/lowlight-object-detection/datasets_yolo/ExDark_YOLO/images/train/2015_02680.JPG,1,0.170808,1,0,1
/root/private_data/lowlight-object-detection/datasets_yolo/ExDark_YOLO/images/train/2015_02682.JPG,1,0.240927,1,0,1
/root/private_data/lowlight-object-detection/datasets_yolo/ExDark_YOLO/images/train/2015_02683.JPG,2,0.274754,3,1,1
/root/private_data/lowlight-object-detection/datasets_yolo/ExDark_YOLO/images/train/2015_02684.JPG,1,0.143363,1,0,1
/root/private_data/lowlight-object-detection/datasets_yolo/ExDark_YOLO/images/train/2015_02685.JPG,1,0.120021,1,0,1
/root/private_data/lowlight-object-detection/datasets_yolo/ExDark_YOLO/images/train/2015_02686.JPG,1,0.108734,1,0,1
/root/private_data/lowlight-object-detection/datasets_yolo/ExDark_YOLO/images/train/2015_02687.JPG,1,0.078580,1,0,1
/root/private_data/lowlight-object-detection/datasets_yolo/ExDark_YOLO/images/train/2015_02688.JPG,1,0.061403,2,0,1
/root/private_data/lowlight-object-detection/datasets_yolo/ExDark_YOLO/images/train/2015_02689.JPG,2,0.106214,2,1,1
/root/private_data/lowlight-object-detection/datasets_yolo/ExDark_YOLO/images/train/2015_02690.JPG,1,0.177943,5,0,1
/root/private_data/lowlight-object-detection/datasets_yolo/ExDark_YOLO/images/train/2015_02691.JPG,3,0.114366,4,1,1
/root/private_data/lowlight-object-detection/datasets_yolo/ExDark_YOLO/images/train/2015_02692.JPG,1,0.133275,4,0,1
/root/private_data/lowlight-object-detection/datasets_yolo/ExDark_YOLO/images/train/2015_02693.JPG,3,0.123881,9,1,1
/root/private_data/lowlight-object-detection/datasets_yolo/ExDark_YOLO/images/train/2015_02694.JPG,3,0.044788,4,1,1
/root/private_data/lowlight-object-detection/datasets_yolo/ExDark_YOLO/images/train/2015_02695.jpg,1,0.064829,1,0,1
/root/private_data/lowlight-object-detection/datasets_yolo/ExDark_YOLO/images/train/2015_02696.jpg,1,0.147204,1,0,1
/root/private_data/lowlight-object-detection/datasets_yolo/ExDark_YOLO/images/train/2015_02697.jpg,1,0.059583,1,0,1
/root/private_data/lowlight-object-detection/datasets_yolo/ExDark_YOLO/images/train/2015_02699.jpg,1,0.072680,1,0,1
/root/private_data/lowlight-object-detection/datasets_yolo/ExDark_YOLO/images/train/2015_02700.jpg,1,0.089078,1,0,1
/root/private_data/lowlight-object-detection/datasets_yolo/ExDark_YOLO/images/train/2015_02701.jpg,1,0.075345,1,0,1
/root/private_data/lowlight-object-detection/datasets_yolo/ExDark_YOLO/images/train/2015_02702.jpg,1,0.081662,1,0,1
/root/private_data/lowlight-object-detection/datasets_yolo/ExDark_YOLO/images/train/2015_02703.jpg,1,0.078291,2,0,1
/root/private_data/lowlight-object-detection/datasets_yolo/ExDark_YOLO/images/train/2015_02704.jpg,1,0.062899,2,0,1
/root/private_data/lowlight-object-detection/datasets_yolo/ExDark_YOLO/images/train/2015_02705.png,1,0.031473,2,0,1
/root/private_data/lowlight-object-detection/datasets_yolo/ExDark_YOLO/images/train/2015_02706.jpg,1,0.065761,1,0,1
/root/private_data/lowlight-object-detection/datasets_yolo/ExDark_YOLO/images/train/2015_02707.jpg,1,0.019102,1,0,1
/root/private_data/lowlight-object-detection/datasets_yolo/ExDark_YOLO/images/train/2015_02708.jpg,1,0.016838,1,0,1
/root/private_data/lowlight-object-detection/datasets_yolo/ExDark_YOLO/images/train/2015_02709.jpg,1,0.111538,2,0,1
/root/private_data/lowlight-object-detection/datasets_yolo/ExDark_YOLO/images/train/2015_02710.jpg,1,0.040390,1,0,1
/root/private_data/lowlight-object-detection/datasets_yolo/ExDark_YOLO/images/train/2015_02711.jpg,1,0.150881,2,0,1
/root/private_data/lowlight-object-detection/datasets_yolo/ExDark_YOLO/images/train/2015_02712.jpg,1,0.018745,1,0,1
/root/private_data/lowlight-object-detection/datasets_yolo/ExDark_YOLO/images/train/2015_02713.jpg,1,0.236810,1,0,1
/root/private_data/lowlight-object-detection/datasets_yolo/ExDark_YOLO/images/train/2015_02714.jpg,1,0.164357,1,0,1
/root/private_data/lowlight-object-detection/datasets_yolo/ExDark_YOLO/images/train/2015_02715.jpg,3,0.064291,3,1,1
/root/private_data/lowlight-object-detection/datasets_yolo/ExDark_YOLO/images/train/2015_02716.jpg,1,0.121599,1,0,1
/root/private_data/lowlight-object-detection/datasets_yolo/ExDark_YOLO/images/train/2015_02717.jpg,1,0.263313,1,0,1
/root/private_data/lowlight-object-detection/datasets_yolo/ExDark_YOLO/images/train/2015_02718.jpg,2,0.107712,8,1,1
/root/private_data/lowlight-object-detection/datasets_yolo/ExDark_YOLO/images/train/2015_02719.jpg,1,0.113277,2,0,1
/root/private_data/lowlight-object-detection/datasets_yolo/ExDark_YOLO/images/train/2015_02720.jpg,1,0.101704,1,0,1
/root/private_data/lowlight-object-detection/datasets_yolo/ExDark_YOLO/images/train/2015_02721.jpg,1,0.077906,1,0,1
/root/private_data/lowlight-object-detection/datasets_yolo/ExDark_YOLO/images/train/2015_02722.jpg,1,0.068253,1,0,1
/root/private_data/lowlight-object-detection/datasets_yolo/ExDark_YOLO/images/train/2015_02723.jpg,1,0.025645,1,0,1
/root/private_data/lowlight-object-detection/datasets_yolo/ExDark_YOLO/images/train/2015_02724.jpg,1,0.170127,2,0,1
/root/private_data/lowlight-object-detection/datasets_yolo/ExDark_YOLO/images/train/2015_02727.jpg,1,0.103035,1,0,1
/root/private_data/lowlight-object-detection/datasets_yolo/ExDark_YOLO/images/train/2015_02728.jpg,3,0.175542,5,1,1
/root/private_data/lowlight-object-detection/datasets_yolo/ExDark_YOLO/images/train/2015_02729.jpg,2,0.189929,3,1,1
/root/private_data/lowlight-object-detection/datasets_yolo/ExDark_YOLO/images/train/2015_02730.jpg,1,0.096057,2,0,1
/root/private_data/lowlight-object-detection/datasets_yolo/ExDark_YOLO/images/train/2015_02731.jpg,1,0.016622,1,0,1
/root/private_data/lowlight-object-detection/datasets_yolo/ExDark_YOLO/images/train/2015_02732.jpg,1,0.198711,1,0,1
/root/private_data/lowlight-object-detection/datasets_yolo/ExDark_YOLO/images/train/2015_02733.jpg,1,0.209233,3,0,1
/root/private_data/lowlight-object-detection/datasets_yolo/ExDark_YOLO/images/train/2015_02734.jpg,1,0.095556,2,0,1
/root/private_data/lowlight-object-detection/datasets_yolo/ExDark_YOLO/images/train/2015_02735.jpg,1,0.023040,1,0,1
/root/private_data/lowlight-object-detection/datasets_yolo/ExDark_YOLO/images/train/2015_02737.jpg,1,0.199656,1,0,1
/root/private_data/lowlight-object-detection/datasets_yolo/ExDark_YOLO/images/train/2015_02739.jpg,1,0.064747,2,0,1
/root/private_data/lowlight-object-detection/datasets_yolo/ExDark_YOLO/images/train/2015_02740.jpg,1,0.096202,1,0,1
/root/private_data/lowlight-object-detection/datasets_yolo/ExDark_YOLO/images/train/2015_02741.jpg,1,0.061416,1,0,1
/root/private_data/lowlight-object-detection/datasets_yolo/ExDark_YOLO/images/train/2015_02742.jpg,2,0.078499,5,1,1
/root/private_data/lowlight-object-detection/datasets_yolo/ExDark_YOLO/images/train/2015_02743.jpg,1,0.081562,3,0,1
/root/private_data/lowlight-object-detection/datasets_yolo/ExDark_YOLO/images/train/2015_02745.jpg,1,0.053536,1,0,1
/root/private_data/lowlight-object-detection/datasets_yolo/ExDark_YOLO/images/train/2015_02746.jpg,1,0.058063,1,0,1
/root/private_data/lowlight-object-detection/datasets_yolo/ExDark_YOLO/images/train/2015_02747.jpg,1,0.062426,2,0,1
/root/private_data/lowlight-object-detection/datasets_yolo/ExDark_YOLO/images/train/2015_02750.jpg,1,0.157565,1,0,1
/root/private_data/lowlight-object-detection/datasets_yolo/ExDark_YOLO/images/train/2015_02751.jpg,1,0.077966,2,0,1
/root/private_data/lowlight-object-detection/datasets_yolo/ExDark_YOLO/images/train/2015_02752.jpg,1,0.234071,2,0,1
/root/private_data/lowlight-object-detection/datasets_yolo/ExDark_YOLO/images/train/2015_02753.jpg,1,0.060841,1,0,1
/root/private_data/lowlight-object-detection/datasets_yolo/ExDark_YOLO/images/train/2015_02754.jpg,1,0.084637,2,0,1
/root/private_data/lowlight-object-detection/datasets_yolo/ExDark_YOLO/images/train/2015_02755.jpg,1,0.039503,2,0,1
/root/private_data/lowlight-object-detection/datasets_yolo/ExDark_YOLO/images/train/2015_02756.jpg,2,0.021170,6,1,1
/root/private_data/lowlight-object-detection/datasets_yolo/ExDark_YOLO/images/train/2015_02757.jpg,1,0.064755,1,0,1
/root/private_data/lowlight-object-detection/datasets_yolo/ExDark_YOLO/images/train/2015_02758.jpg,1,0.050550,1,0,1
/root/private_data/lowlight-object-detection/datasets_yolo/ExDark_YOLO/images/train/2015_02759.jpg,1,0.093836,1,0,1
/root/private_data/lowlight-object-detection/datasets_yolo/ExDark_YOLO/images/train/2015_02760.jpg,1,0.027146,1,0,1
/root/private_data/lowlight-object-detection/datasets_yolo/ExDark_YOLO/images/train/2015_02762.jpg,1,0.055758,2,0,1
/root/private_data/lowlight-object-detection/datasets_yolo/ExDark_YOLO/images/train/2015_02764.jpg,1,0.069820,1,0,1
/root/private_data/lowlight-object-detection/datasets_yolo/ExDark_YOLO/images/train/2015_02765.jpg,1,0.088398,2,0,1
/root/private_data/lowlight-object-detection/datasets_yolo/ExDark_YOLO/images/train/2015_02766.jpg,1,0.052350,1,0,1
/root/private_data/lowlight-object-detection/datasets_yolo/ExDark_YOLO/images/train/2015_02767.jpg,1,0.022632,1,0,1
/root/private_data/lowlight-object-detection/datasets_yolo/ExDark_YOLO/images/train/2015_02768.png,2,0.225919,5,1,1
/root/private_data/lowlight-object-detection/datasets_yolo/ExDark_YOLO/images/train/2015_02770.jpg,2,0.174383,5,1,1
/root/private_data/lowlight-object-detection/datasets_yolo/ExDark_YOLO/images/train/2015_02771.jpg,1,0.097175,2,0,1
/root/private_data/lowlight-object-detection/datasets_yolo/ExDark_YOLO/images/train/2015_02772.jpg,1,0.108270,3,0,1
/root/private_data/lowlight-object-detection/datasets_yolo/ExDark_YOLO/images/train/2015_02773.jpg,3,0.137368,3,1,1
/root/private_data/lowlight-object-detection/datasets_yolo/ExDark_YOLO/images/train/2015_02774.jpg,1,0.155664,1,0,1
/root/private_data/lowlight-object-detection/datasets_yolo/ExDark_YOLO/images/train/2015_02775.jpg,1,0.016070,2,0,1
/root/private_data/lowlight-object-detection/datasets_yolo/ExDark_YOLO/images/train/2015_02776.jpg,3,0.023260,2,1,1
/root/private_data/lowlight-object-detection/datasets_yolo/ExDark_YOLO/images/train/2015_02777.jpg,1,0.048833,2,0,1
/root/private_data/lowlight-object-detection/datasets_yolo/ExDark_YOLO/images/train/2015_02778.jpg,2,0.183211,2,1,1
/root/private_data/lowlight-object-detection/datasets_yolo/ExDark_YOLO/images/train/2015_02780.jpg,3,0.068123,7,1,1
/root/private_data/lowlight-object-detection/datasets_yolo/ExDark_YOLO/images/train/2015_02782.jpg,1,0.108675,1,0,1
/root/private_data/lowlight-object-detection/datasets_yolo/ExDark_YOLO/images/train/2015_02783.jpg,1,0.039093,1,0,1
/root/private_data/lowlight-object-detection/datasets_yolo/ExDark_YOLO/images/train/2015_02784.jpg,3,0.165482,3,1,1
/root/private_data/lowlight-object-detection/datasets_yolo/ExDark_YOLO/images/train/2015_02785.jpg,1,0.029970,1,0,1
/root/private_data/lowlight-object-detection/datasets_yolo/ExDark_YOLO/images/train/2015_02786.jpg,1,0.030139,1,0,1
/root/private_data/lowlight-object-detection/datasets_yolo/ExDark_YOLO/images/train/2015_02787.jpg,1,0.084488,2,0,1
/root/private_data/lowlight-object-detection/datasets_yolo/ExDark_YOLO/images/train/2015_02788.jpg,1,0.125430,1,0,1
/root/private_data/lowlight-object-detection/datasets_yolo/ExDark_YOLO/images/train/2015_02789.jpg,1,0.197961,1,0,1
/root/private_data/lowlight-object-detection/datasets_yolo/ExDark_YOLO/images/train/2015_02790.jpg,1,0.032727,2,0,1
/root/private_data/lowlight-object-detection/datasets_yolo/ExDark_YOLO/images/train/2015_02791.jpg,1,0.163281,1,0,1
/root/private_data/lowlight-object-detection/datasets_yolo/ExDark_YOLO/images/train/2015_02792.jpg,1,0.127423,2,0,1
/root/private_data/lowlight-object-detection/datasets_yolo/ExDark_YOLO/images/train/2015_02793.jpg,1,0.063521,2,0,1
/root/private_data/lowlight-object-detection/datasets_yolo/ExDark_YOLO/images/train/2015_02796.jpg,2,0.110093,3,1,1
/root/private_data/lowlight-object-detection/datasets_yolo/ExDark_YOLO/images/train/2015_02797.jpg,1,0.040215,2,0,1
/root/private_data/lowlight-object-detection/datasets_yolo/ExDark_YOLO/images/train/2015_02798.jpg,1,0.164446,1,0,1
/root/private_data/lowlight-object-detection/datasets_yolo/ExDark_YOLO/images/train/2015_02799.jpg,2,0.050831,7,1,1
/root/private_data/lowlight-object-detection/datasets_yolo/ExDark_YOLO/images/train/2015_02800.jpg,3,0.075030,10,1,1
/root/private_data/lowlight-object-detection/datasets_yolo/ExDark_YOLO/images/train/2015_02804.jpg,1,0.094902,1,0,1
/root/private_data/lowlight-object-detection/datasets_yolo/ExDark_YOLO/images/train/2015_02805.jpg,1,0.119522,1,0,1
/root/private_data/lowlight-object-detection/datasets_yolo/ExDark_YOLO/images/train/2015_02806.jpg,1,0.274228,1,0,1
/root/private_data/lowlight-object-detection/datasets_yolo/ExDark_YOLO/images/train/2015_02807.jpg,1,0.048324,1,0,1
/root/private_data/lowlight-object-detection/datasets_yolo/ExDark_YOLO/images/train/2015_02809.jpg,1,0.077355,2,0,1
/root/private_data/lowlight-object-detection/datasets_yolo/ExDark_YOLO/images/train/2015_02810.png,1,0.111505,1,0,1
/root/private_data/lowlight-object-detection/datasets_yolo/ExDark_YOLO/images/train/2015_02811.jpg,1,0.047825,1,0,1
/root/private_data/lowlight-object-detection/datasets_yolo/ExDark_YOLO/images/train/2015_02812.jpg,1,0.253230,1,0,1
/root/private_data/lowlight-object-detection/datasets_yolo/ExDark_YOLO/images/train/2015_02813.jpg,1,0.133971,1,0,1
/root/private_data/lowlight-object-detection/datasets_yolo/ExDark_YOLO/images/train/2015_02814.jpg,1,0.179245,1,0,1
/root/private_data/lowlight-object-detection/datasets_yolo/ExDark_YOLO/images/train/2015_02815.jpg,1,0.103600,1,0,1
/root/private_data/lowlight-object-detection/datasets_yolo/ExDark_YOLO/images/train/2015_02816.jpg,1,0.024043,1,0,1
/root/private_data/lowlight-object-detection/datasets_yolo/ExDark_YOLO/images/train/2015_02817.jpg,1,0.281983,1,0,1
/root/private_data/lowlight-object-detection/datasets_yolo/ExDark_YOLO/images/train/2015_02818.jpg,3,0.126801,8,1,1
/root/private_data/lowlight-object-detection/datasets_yolo/ExDark_YOLO/images/train/2015_02819.jpg,1,0.204573,1,0,1
/root/private_data/lowlight-object-detection/datasets_yolo/ExDark_YOLO/images/train/2015_02821.jpg,1,0.046013,2,0,1
/root/private_data/lowlight-object-detection/datasets_yolo/ExDark_YOLO/images/train/2015_02822.jpg,1,0.217437,4,0,1
/root/private_data/lowlight-object-detection/datasets_yolo/ExDark_YOLO/images/train/2015_02823.jpg,1,0.261462,1,0,1
/root/private_data/lowlight-object-detection/datasets_yolo/ExDark_YOLO/images/train/2015_02824.jpg,1,0.215441,1,0,1
/root/private_data/lowlight-object-detection/datasets_yolo/ExDark_YOLO/images/train/2015_02825.jpg,1,0.073392,1,0,1
/root/private_data/lowlight-object-detection/datasets_yolo/ExDark_YOLO/images/train/2015_02826.jpg,3,0.114607,5,1,1
/root/private_data/lowlight-object-detection/datasets_yolo/ExDark_YOLO/images/train/2015_02828.jpg,1,0.104678,1,0,1
/root/private_data/lowlight-object-detection/datasets_yolo/ExDark_YOLO/images/train/2015_02829.jpg,1,0.084211,1,0,1
/root/private_data/lowlight-object-detection/datasets_yolo/ExDark_YOLO/images/train/2015_02830.jpg,1,0.062809,1,0,1
/root/private_data/lowlight-object-detection/datasets_yolo/ExDark_YOLO/images/train/2015_02831.jpg,1,0.146330,3,0,1
/root/private_data/lowlight-object-detection/datasets_yolo/ExDark_YOLO/images/train/2015_02832.jpg,1,0.007060,1,0,1
/root/private_data/lowlight-object-detection/datasets_yolo/ExDark_YOLO/images/train/2015_02834.jpg,1,0.035659,1,0,1
/root/private_data/lowlight-object-detection/datasets_yolo/ExDark_YOLO/images/train/2015_02835.jpg,1,0.128961,1,0,1
/root/private_data/lowlight-object-detection/datasets_yolo/ExDark_YOLO/images/train/2015_02836.jpg,1,0.048258,3,0,1
/root/private_data/lowlight-object-detection/datasets_yolo/ExDark_YOLO/images/train/2015_02838.jpg,1,0.058457,1,0,1
/root/private_data/lowlight-object-detection/datasets_yolo/ExDark_YOLO/images/train/2015_02839.jpg,1,0.143922,1,0,1
/root/private_data/lowlight-object-detection/datasets_yolo/ExDark_YOLO/images/train/2015_02840.jpg,3,0.094523,5,1,1
/root/private_data/lowlight-object-detection/datasets_yolo/ExDark_YOLO/images/train/2015_02841.jpg,1,0.175437,2,0,1
/root/private_data/lowlight-object-detection/datasets_yolo/ExDark_YOLO/images/train/2015_02842.jpg,1,0.120198,3,0,1
/root/private_data/lowlight-object-detection/datasets_yolo/ExDark_YOLO/images/train/2015_02843.jpg,1,0.129488,1,0,1
/root/private_data/lowlight-object-detection/datasets_yolo/ExDark_YOLO/images/train/2015_02845.jpg,1,0.041416,1,0,1
/root/private_data/lowlight-object-detection/datasets_yolo/ExDark_YOLO/images/train/2015_02846.jpg,1,0.169863,1,0,1
/root/private_data/lowlight-object-detection/datasets_yolo/ExDark_YOLO/images/train/2015_02847.jpg,1,0.126499,1,0,1
/root/private_data/lowlight-object-detection/datasets_yolo/ExDark_YOLO/images/train/2015_02849.jpg,3,0.155974,4,1,1
/root/private_data/lowlight-object-detection/datasets_yolo/ExDark_YOLO/images/train/2015_02850.jpg,1,0.013881,2,0,1
/root/private_data/lowlight-object-detection/datasets_yolo/ExDark_YOLO/images/train/2015_02851.jpg,3,0.168902,7,1,1
/root/private_data/lowlight-object-detection/datasets_yolo/ExDark_YOLO/images/train/2015_02852.jpg,2,0.253887,4,1,1
/root/private_data/lowlight-object-detection/datasets_yolo/ExDark_YOLO/images/train/2015_02853.png,1,0.060763,1,0,1
/root/private_data/lowlight-object-detection/datasets_yolo/ExDark_YOLO/images/train/2015_02854.jpg,1,0.036006,1,0,1
/root/private_data/lowlight-object-detection/datasets_yolo/ExDark_YOLO/images/train/2015_02855.jpg,1,0.010364,2,0,1
/root/private_data/lowlight-object-detection/datasets_yolo/ExDark_YOLO/images/train/2015_02856.jpg,3,0.073948,4,1,1
/root/private_data/lowlight-object-detection/datasets_yolo/ExDark_YOLO/images/train/2015_02857.jpg,3,0.136219,7,1,1
/root/private_data/lowlight-object-detection/datasets_yolo/ExDark_YOLO/images/train/2015_02858.jpg,1,0.111434,3,0,1
/root/private_data/lowlight-object-detection/datasets_yolo/ExDark_YOLO/images/train/2015_02859.jpg,1,0.010522,1,0,1
/root/private_data/lowlight-object-detection/datasets_yolo/ExDark_YOLO/images/train/2015_02860.jpg,1,0.038020,1,0,1
/root/private_data/lowlight-object-detection/datasets_yolo/ExDark_YOLO/images/train/2015_02862.jpg,1,0.101249,2,0,1
/root/private_data/lowlight-object-detection/datasets_yolo/ExDark_YOLO/images/train/2015_02863.jpg,1,0.063949,1,0,1
/root/private_data/lowlight-object-detection/datasets_yolo/ExDark_YOLO/images/train/2015_02864.png,1,0.240188,1,0,1
/root/private_data/lowlight-object-detection/datasets_yolo/ExDark_YOLO/images/train/2015_02865.JPEG,1,0.168506,9,0,1
/root/private_data/lowlight-object-detection/datasets_yolo/ExDark_YOLO/images/train/2015_02866.JPEG,1,0.101629,2,0,1
/root/private_data/lowlight-object-detection/datasets_yolo/ExDark_YOLO/images/train/2015_02867.JPEG,2,0.205935,4,1,1
/root/private_data/lowlight-object-detection/datasets_yolo/ExDark_YOLO/images/train/2015_02869.JPEG,3,0.136864,6,1,1
/root/private_data/lowlight-object-detection/datasets_yolo/ExDark_YOLO/images/train/2015_02870.JPEG,3,0.152128,3,1,1
/root/private_data/lowlight-object-detection/datasets_yolo/ExDark_YOLO/images/train/2015_02871.JPEG,1,0.170122,1,0,1
/root/private_data/lowlight-object-detection/datasets_yolo/ExDark_YOLO/images/train/2015_02872.JPEG,1,0.283134,1,0,1
/root/private_data/lowlight-object-detection/datasets_yolo/ExDark_YOLO/images/train/2015_02873.jpg,1,0.092628,1,0,1
/root/private_data/lowlight-object-detection/datasets_yolo/ExDark_YOLO/images/train/2015_02874.jpg,1,0.253438,1,0,1
/root/private_data/lowlight-object-detection/datasets_yolo/ExDark_YOLO/images/train/2015_02875.jpg,1,0.104319,1,0,1
/root/private_data/lowlight-object-detection/datasets_yolo/ExDark_YOLO/images/train/2015_02876.jpg,1,0.070131,3,0,1
/root/private_data/lowlight-object-detection/datasets_yolo/ExDark_YOLO/images/train/2015_02877.jpg,3,0.139044,6,1,1
/root/private_data/lowlight-object-detection/datasets_yolo/ExDark_YOLO/images/train/2015_02878.jpg,1,0.159667,3,0,1
/root/private_data/lowlight-object-detection/datasets_yolo/ExDark_YOLO/images/train/2015_02880.jpg,1,0.097696,5,0,1
/root/private_data/lowlight-object-detection/datasets_yolo/ExDark_YOLO/images/train/2015_02881.jpg,1,0.154082,1,0,1
/root/private_data/lowlight-object-detection/datasets_yolo/ExDark_YOLO/images/train/2015_02882.jpg,3,0.150117,2,1,1
/root/private_data/lowlight-object-detection/datasets_yolo/ExDark_YOLO/images/train/2015_02883.jpg,3,0.169196,4,1,1
/root/private_data/lowlight-object-detection/datasets_yolo/ExDark_YOLO/images/train/2015_02884.jpg,2,0.073871,3,1,1
/root/private_data/lowlight-object-detection/datasets_yolo/ExDark_YOLO/images/train/2015_02886.jpg,1,0.266848,2,0,1
/root/private_data/lowlight-object-detection/datasets_yolo/ExDark_YOLO/images/train/2015_02887.jpg,1,0.089662,3,0,1
/root/private_data/lowlight-object-detection/datasets_yolo/ExDark_YOLO/images/train/2015_02888.jpg,1,0.240575,1,0,1
/root/private_data/lowlight-object-detection/datasets_yolo/ExDark_YOLO/images/train/2015_02889.jpg,1,0.054922,2,0,1
/root/private_data/lowlight-object-detection/datasets_yolo/ExDark_YOLO/images/train/2015_02891.jpg,1,0.123327,1,0,1
/root/private_data/lowlight-object-detection/datasets_yolo/ExDark_YOLO/images/train/2015_02892.jpg,2,0.154672,2,1,1
/root/private_data/lowlight-object-detection/datasets_yolo/ExDark_YOLO/images/train/2015_02897.jpg,1,0.171056,2,0,1
/root/private_data/lowlight-object-detection/datasets_yolo/ExDark_YOLO/images/train/2015_02898.jpg,1,0.116714,1,0,1
/root/private_data/lowlight-object-detection/datasets_yolo/ExDark_YOLO/images/train/2015_02899.jpg,1,0.016923,1,0,1
/root/private_data/lowlight-object-detection/datasets_yolo/ExDark_YOLO/images/train/2015_02900.jpg,1,0.056596,1,0,1
/root/private_data/lowlight-object-detection/datasets_yolo/ExDark_YOLO/images/train/2015_02901.jpg,1,0.034261,2,0,1
/root/private_data/lowlight-object-detection/datasets_yolo/ExDark_YOLO/images/train/2015_02902.png,3,0.068585,6,1,1
/root/private_data/lowlight-object-detection/datasets_yolo/ExDark_YOLO/images/train/2015_02903.png,1,0.024070,2,0,1
/root/private_data/lowlight-object-detection/datasets_yolo/ExDark_YOLO/images/train/2015_02904.jpg,3,0.148805,4,1,1
/root/private_data/lowlight-object-detection/datasets_yolo/ExDark_YOLO/images/train/2015_02905.jpg,1,0.100134,2,0,1
/root/private_data/lowlight-object-detection/datasets_yolo/ExDark_YOLO/images/train/2015_02907.jpg,1,0.041617,2,0,1
/root/private_data/lowlight-object-detection/datasets_yolo/ExDark_YOLO/images/train/2015_02908.jpg,1,0.129834,3,0,1
/root/private_data/lowlight-object-detection/datasets_yolo/ExDark_YOLO/images/train/2015_02909.jpg,1,0.076224,2,0,1
/root/private_data/lowlight-object-detection/datasets_yolo/ExDark_YOLO/images/train/2015_02910.jpg,1,0.057693,3,0,1
/root/private_data/lowlight-object-detection/datasets_yolo/ExDark_YOLO/images/train/2015_02911.jpg,1,0.130360,1,0,1
/root/private_data/lowlight-object-detection/datasets_yolo/ExDark_YOLO/images/train/2015_02912.jpg,1,0.279715,1,0,1
/root/private_data/lowlight-object-detection/datasets_yolo/ExDark_YOLO/images/train/2015_02913.jpg,1,0.381287,16,1,0
/root/private_data/lowlight-object-detection/datasets_yolo/ExDark_YOLO/images/train/2015_02914.jpg,1,0.444996,4,1,0
/root/private_data/lowlight-object-detection/datasets_yolo/ExDark_YOLO/images/train/2015_02915.jpg,3,0.125139,11,1,1
/root/private_data/lowlight-object-detection/datasets_yolo/ExDark_YOLO/images/train/2015_02917.jpg,3,0.124740,11,1,1
/root/private_data/lowlight-object-detection/datasets_yolo/ExDark_YOLO/images/train/2015_02918.jpg,2,0.299413,16,1,1
/root/private_data/lowlight-object-detection/datasets_yolo/ExDark_YOLO/images/train/2015_02919.jpg,3,0.163700,5,1,1
/root/private_data/lowlight-object-detection/datasets_yolo/ExDark_YOLO/images/train/2015_02922.jpg,1,0.161262,4,0,1
/root/private_data/lowlight-object-detection/datasets_yolo/ExDark_YOLO/images/train/2015_02923.jpg,3,0.165661,20,1,1
/root/private_data/lowlight-object-detection/datasets_yolo/ExDark_YOLO/images/train/2015_02924.jpg,3,0.175592,9,1,1
/root/private_data/lowlight-object-detection/datasets_yolo/ExDark_YOLO/images/train/2015_02925.jpg,3,0.128138,7,1,1
/root/private_data/lowlight-object-detection/datasets_yolo/ExDark_YOLO/images/train/2015_02926.jpg,1,0.321695,7,1,0
/root/private_data/lowlight-object-detection/datasets_yolo/ExDark_YOLO/images/train/2015_02929.jpg,1,0.059796,3,0,1
/root/private_data/lowlight-object-detection/datasets_yolo/ExDark_YOLO/images/train/2015_02930.jpg,1,0.280394,1,0,1
/root/private_data/lowlight-object-detection/datasets_yolo/ExDark_YOLO/images/train/2015_02931.jpg,1,0.063485,1,0,1
/root/private_data/lowlight-object-detection/datasets_yolo/ExDark_YOLO/images/train/2015_02932.jpg,1,0.384509,1,0,0
/root/private_data/lowlight-object-detection/datasets_yolo/ExDark_YOLO/images/train/2015_02933.jpg,1,0.217389,1,0,1
/root/private_data/lowlight-object-detection/datasets_yolo/ExDark_YOLO/images/train/2015_02934.jpg,1,0.057119,1,0,1
/root/private_data/lowlight-object-detection/datasets_yolo/ExDark_YOLO/images/train/2015_02935.jpg,1,0.062933,1,0,1
/root/private_data/lowlight-object-detection/datasets_yolo/ExDark_YOLO/images/train/2015_02936.jpg,1,0.009203,1,0,1
/root/private_data/lowlight-object-detection/datasets_yolo/ExDark_YOLO/images/train/2015_02937.jpg,1,0.143756,1,0,1
/root/private_data/lowlight-object-detection/datasets_yolo/ExDark_YOLO/images/train/2015_02939.jpg,1,0.086632,1,0,1
/root/private_data/lowlight-object-detection/datasets_yolo/ExDark_YOLO/images/train/2015_02941.jpg,3,0.094725,4,1,1
/root/private_data/lowlight-object-detection/datasets_yolo/ExDark_YOLO/images/train/2015_02942.jpg,2,0.275849,4,1,1
/root/private_data/lowlight-object-detection/datasets_yolo/ExDark_YOLO/images/train/2015_02943.jpg,1,0.075583,3,0,1
/root/private_data/lowlight-object-detection/datasets_yolo/ExDark_YOLO/images/train/2015_02944.jpg,3,0.127565,7,1,1
/root/private_data/lowlight-object-detection/datasets_yolo/ExDark_YOLO/images/train/2015_02945.jpg,1,0.088649,3,0,1
/root/private_data/lowlight-object-detection/datasets_yolo/ExDark_YOLO/images/train/2015_02946.jpg,1,0.098423,3,0,1
/root/private_data/lowlight-object-detection/datasets_yolo/ExDark_YOLO/images/train/2015_02947.jpg,1,0.305770,3,0,0
/root/private_data/lowlight-object-detection/datasets_yolo/ExDark_YOLO/images/train/2015_02948.jpg,2,0.206796,2,1,1
/root/private_data/lowlight-object-detection/datasets_yolo/ExDark_YOLO/images/train/2015_02949.jpg,1,0.093545,1,0,1
/root/private_data/lowlight-object-detection/datasets_yolo/ExDark_YOLO/images/train/2015_02950.jpg,3,0.127149,7,1,1
/root/private_data/lowlight-object-detection/datasets_yolo/ExDark_YOLO/images/train/2015_02951.jpg,2,0.092591,4,1,1
/root/private_data/lowlight-object-detection/datasets_yolo/ExDark_YOLO/images/train/2015_02952.jpg,3,0.118822,3,1,1
/root/private_data/lowlight-object-detection/datasets_yolo/ExDark_YOLO/images/train/2015_02953.jpg,1,0.042489,1,0,1
/root/private_data/lowlight-object-detection/datasets_yolo/ExDark_YOLO/images/train/2015_02954.jpg,1,0.069128,1,0,1
/root/private_data/lowlight-object-detection/datasets_yolo/ExDark_YOLO/images/train/2015_02955.jpg,2,0.076843,3,1,1
/root/private_data/lowlight-object-detection/datasets_yolo/ExDark_YOLO/images/train/2015_02957.jpg,1,0.162581,1,0,1
/root/private_data/lowlight-object-detection/datasets_yolo/ExDark_YOLO/images/train/2015_02958.jpg,1,0.043322,1,0,1
/root/private_data/lowlight-object-detection/datasets_yolo/ExDark_YOLO/images/train/2015_02959.jpg,1,0.028400,1,0,1
/root/private_data/lowlight-object-detection/datasets_yolo/ExDark_YOLO/images/train/2015_02960.jpg,1,0.071319,1,0,1
/root/private_data/lowlight-object-detection/datasets_yolo/ExDark_YOLO/images/train/2015_02961.jpg,2,0.055784,3,1,1
/root/private_data/lowlight-object-detection/datasets_yolo/ExDark_YOLO/images/train/2015_02962.jpg,1,0.048256,3,0,1
/root/private_data/lowlight-object-detection/datasets_yolo/ExDark_YOLO/images/train/2015_02963.png,1,0.105403,1,0,1
/root/private_data/lowlight-object-detection/datasets_yolo/ExDark_YOLO/images/train/2015_02964.jpg,1,0.236216,1,0,1
/root/private_data/lowlight-object-detection/datasets_yolo/ExDark_YOLO/images/train/2015_02965.jpg,1,0.083562,3,0,1
/root/private_data/lowlight-object-detection/datasets_yolo/ExDark_YOLO/images/train/2015_02966.jpg,1,0.119189,3,0,1
/root/private_data/lowlight-object-detection/datasets_yolo/ExDark_YOLO/images/train/2015_02967.jpg,1,0.084705,1,0,1
/root/private_data/lowlight-object-detection/datasets_yolo/ExDark_YOLO/images/train/2015_02968.jpg,1,0.040816,1,0,1
/root/private_data/lowlight-object-detection/datasets_yolo/ExDark_YOLO/images/train/2015_02969.jpg,3,0.085248,6,1,1
/root/private_data/lowlight-object-detection/datasets_yolo/ExDark_YOLO/images/train/2015_02970.jpg,1,0.350287,2,0,0
/root/private_data/lowlight-object-detection/datasets_yolo/ExDark_YOLO/images/train/2015_02971.jpg,3,0.179793,4,1,1
/root/private_data/lowlight-object-detection/datasets_yolo/ExDark_YOLO/images/train/2015_02972.jpg,3,0.088621,2,1,1
/root/private_data/lowlight-object-detection/datasets_yolo/ExDark_YOLO/images/train/2015_02974.jpg,1,0.200883,2,0,1
/root/private_data/lowlight-object-detection/datasets_yolo/ExDark_YOLO/images/train/2015_02975.jpg,1,0.044154,1,0,1
/root/private_data/lowlight-object-detection/datasets_yolo/ExDark_YOLO/images/train/2015_02977.jpg,3,0.171398,2,1,1
/root/private_data/lowlight-object-detection/datasets_yolo/ExDark_YOLO/images/train/2015_02979.jpg,1,0.057974,1,0,1
/root/private_data/lowlight-object-detection/datasets_yolo/ExDark_YOLO/images/train/2015_02981.jpg,1,0.060094,1,0,1
/root/private_data/lowlight-object-detection/datasets_yolo/ExDark_YOLO/images/train/2015_02982.jpg,3,0.058930,5,1,1
/root/private_data/lowlight-object-detection/datasets_yolo/ExDark_YOLO/images/train/2015_02984.jpg,3,0.089793,6,1,1
/root/private_data/lowlight-object-detection/datasets_yolo/ExDark_YOLO/images/train/2015_02985.jpg,1,0.376648,1,0,0
/root/private_data/lowlight-object-detection/datasets_yolo/ExDark_YOLO/images/train/2015_02986.jpg,1,0.120706,1,0,1
/root/private_data/lowlight-object-detection/datasets_yolo/ExDark_YOLO/images/train/2015_02988.jpg,1,0.090447,1,0,1
/root/private_data/lowlight-object-detection/datasets_yolo/ExDark_YOLO/images/train/2015_02989.jpg,1,0.115042,2,0,1
/root/private_data/lowlight-object-detection/datasets_yolo/ExDark_YOLO/images/train/2015_02990.jpg,1,0.087491,2,0,1
/root/private_data/lowlight-object-detection/datasets_yolo/ExDark_YOLO/images/train/2015_02991.jpg,2,0.231609,6,1,1
/root/private_data/lowlight-object-detection/datasets_yolo/ExDark_YOLO/images/train/2015_02993.jpg,1,0.059182,1,0,1
/root/private_data/lowlight-object-detection/datasets_yolo/ExDark_YOLO/images/train/2015_02994.jpg,1,0.060093,1,0,1
/root/private_data/lowlight-object-detection/datasets_yolo/ExDark_YOLO/images/train/2015_02996.jpg,1,0.292602,1,0,1
/root/private_data/lowlight-object-detection/datasets_yolo/ExDark_YOLO/images/train/2015_02997.jpg,1,0.052836,1,0,1
/root/private_data/lowlight-object-detection/datasets_yolo/ExDark_YOLO/images/train/2015_02998.jpg,1,0.150487,1,0,1
/root/private_data/lowlight-object-detection/datasets_yolo/ExDark_YOLO/images/train/2015_02999.jpg,1,0.063100,2,0,1
/root/private_data/lowlight-object-detection/datasets_yolo/ExDark_YOLO/images/train/2015_03000.jpg,3,0.051488,9,1,1
/root/private_data/lowlight-object-detection/datasets_yolo/ExDark_YOLO/images/train/2015_03001.jpg,1,0.165456,1,0,1
/root/private_data/lowlight-object-detection/datasets_yolo/ExDark_YOLO/images/train/2015_03002.jpg,3,0.160753,2,1,1
/root/private_data/lowlight-object-detection/datasets_yolo/ExDark_YOLO/images/train/2015_03003.jpg,1,0.130535,1,0,1
/root/private_data/lowlight-object-detection/datasets_yolo/ExDark_YOLO/images/train/2015_03005.png,2,0.024984,6,1,1
/root/private_data/lowlight-object-detection/datasets_yolo/ExDark_YOLO/images/train/2015_03006.png,3,0.049606,3,1,1
/root/private_data/lowlight-object-detection/datasets_yolo/ExDark_YOLO/images/train/2015_03007.png,1,0.101618,1,0,1
/root/private_data/lowlight-object-detection/datasets_yolo/ExDark_YOLO/images/train/2015_03010.png,1,0.053595,2,0,1
/root/private_data/lowlight-object-detection/datasets_yolo/ExDark_YOLO/images/train/2015_03011.png,3,0.032187,4,1,1
/root/private_data/lowlight-object-detection/datasets_yolo/ExDark_YOLO/images/train/2015_03012.png,1,0.059703,1,0,1
/root/private_data/lowlight-object-detection/datasets_yolo/ExDark_YOLO/images/train/2015_03013.png,3,0.061729,2,1,1
/root/private_data/lowlight-object-detection/datasets_yolo/ExDark_YOLO/images/train/2015_03014.png,1,0.057508,5,0,1
/root/private_data/lowlight-object-detection/datasets_yolo/ExDark_YOLO/images/train/2015_03015.png,1,0.031952,1,0,1
/root/private_data/lowlight-object-detection/datasets_yolo/ExDark_YOLO/images/train/2015_03016.png,1,0.027733,1,0,1
/root/private_data/lowlight-object-detection/datasets_yolo/ExDark_YOLO/images/train/2015_03017.png,1,0.039130,1,0,1
/root/private_data/lowlight-object-detection/datasets_yolo/ExDark_YOLO/images/train/2015_03018.png,1,0.026896,1,0,1
/root/private_data/lowlight-object-detection/datasets_yolo/ExDark_YOLO/images/train/2015_03019.png,1,0.125487,2,0,1
/root/private_data/lowlight-object-detection/datasets_yolo/ExDark_YOLO/images/train/2015_03020.png,1,0.118529,1,0,1
/root/private_data/lowlight-object-detection/datasets_yolo/ExDark_YOLO/images/train/2015_03021.png,1,0.029352,1,0,1
/root/private_data/lowlight-object-detection/datasets_yolo/ExDark_YOLO/images/train/2015_03022.png,2,0.149160,3,1,1
/root/private_data/lowlight-object-detection/datasets_yolo/ExDark_YOLO/images/train/2015_03023.png,2,0.053412,1,1,1
/root/private_data/lowlight-object-detection/datasets_yolo/ExDark_YOLO/images/train/2015_03024.png,1,0.061558,2,0,1
/root/private_data/lowlight-object-detection/datasets_yolo/ExDark_YOLO/images/train/2015_03025.png,1,0.101979,3,0,1
/root/private_data/lowlight-object-detection/datasets_yolo/ExDark_YOLO/images/train/2015_03026.png,1,0.123656,1,0,1
/root/private_data/lowlight-object-detection/datasets_yolo/ExDark_YOLO/images/train/2015_03027.png,2,0.072766,5,1,1
/root/private_data/lowlight-object-detection/datasets_yolo/ExDark_YOLO/images/train/2015_03028.jpg,1,0.301101,1,0,0
/root/private_data/lowlight-object-detection/datasets_yolo/ExDark_YOLO/images/train/2015_03029.jpg,1,0.050266,2,0,1
/root/private_data/lowlight-object-detection/datasets_yolo/ExDark_YOLO/images/train/2015_03030.jpg,1,0.216902,2,0,1
/root/private_data/lowlight-object-detection/datasets_yolo/ExDark_YOLO/images/train/2015_03032.jpg,1,0.032508,1,0,1
/root/private_data/lowlight-object-detection/datasets_yolo/ExDark_YOLO/images/train/2015_03033.jpg,3,0.094626,4,1,1
/root/private_data/lowlight-object-detection/datasets_yolo/ExDark_YOLO/images/train/2015_03034.jpg,1,0.151870,1,0,1
/root/private_data/lowlight-object-detection/datasets_yolo/ExDark_YOLO/images/train/2015_03035.jpg,1,0.181834,1,0,1
/root/private_data/lowlight-object-detection/datasets_yolo/ExDark_YOLO/images/train/2015_03036.jpg,1,0.183363,1,0,1
/root/private_data/lowlight-object-detection/datasets_yolo/ExDark_YOLO/images/train/2015_03037.jpg,2,0.132145,2,1,1
/root/private_data/lowlight-object-detection/datasets_yolo/ExDark_YOLO/images/train/2015_03038.jpg,1,0.162179,2,0,1
/root/private_data/lowlight-object-detection/datasets_yolo/ExDark_YOLO/images/train/2015_03039.jpg,2,0.088539,3,1,1
/root/private_data/lowlight-object-detection/datasets_yolo/ExDark_YOLO/images/train/2015_03040.jpg,1,0.184965,1,0,1
/root/private_data/lowlight-object-detection/datasets_yolo/ExDark_YOLO/images/train/2015_03041.jpg,1,0.166850,2,0,1
/root/private_data/lowlight-object-detection/datasets_yolo/ExDark_YOLO/images/train/2015_03042.jpg,1,0.174344,2,0,1
/root/private_data/lowlight-object-detection/datasets_yolo/ExDark_YOLO/images/train/2015_03044.jpg,1,0.075184,2,0,1
/root/private_data/lowlight-object-detection/datasets_yolo/ExDark_YOLO/images/train/2015_03045.png,1,0.106508,1,0,1
/root/private_data/lowlight-object-detection/datasets_yolo/ExDark_YOLO/images/train/2015_03046.png,1,0.012147,1,0,1
/root/private_data/lowlight-object-detection/datasets_yolo/ExDark_YOLO/images/train/2015_03050.jpg,1,0.120152,1,0,1
/root/private_data/lowlight-object-detection/datasets_yolo/ExDark_YOLO/images/train/2015_03051.jpg,2,0.236085,1,1,1
/root/private_data/lowlight-object-detection/datasets_yolo/ExDark_YOLO/images/train/2015_03052.jpg,2,0.116157,3,1,1
/root/private_data/lowlight-object-detection/datasets_yolo/ExDark_YOLO/images/train/2015_03053.jpg,1,0.340888,2,0,0
/root/private_data/lowlight-object-detection/datasets_yolo/ExDark_YOLO/images/train/2015_03055.jpg,1,0.061354,1,0,1
/root/private_data/lowlight-object-detection/datasets_yolo/ExDark_YOLO/images/train/2015_03056.jpg,3,0.120164,4,1,1
/root/private_data/lowlight-object-detection/datasets_yolo/ExDark_YOLO/images/train/2015_03057.jpg,1,0.048332,1,0,1
/root/private_data/lowlight-object-detection/datasets_yolo/ExDark_YOLO/images/train/2015_03058.jpg,1,0.159141,1,0,1
/root/private_data/lowlight-object-detection/datasets_yolo/ExDark_YOLO/images/train/2015_03059.jpg,2,0.150514,5,1,1
/root/private_data/lowlight-object-detection/datasets_yolo/ExDark_YOLO/images/train/2015_03062.jpg,1,0.071844,1,0,1
/root/private_data/lowlight-object-detection/datasets_yolo/ExDark_YOLO/images/train/2015_03063.jpg,1,0.204781,1,0,1
/root/private_data/lowlight-object-detection/datasets_yolo/ExDark_YOLO/images/train/2015_03064.jpg,2,0.056360,2,1,1
/root/private_data/lowlight-object-detection/datasets_yolo/ExDark_YOLO/images/train/2015_03065.jpg,2,0.133096,1,1,1
/root/private_data/lowlight-object-detection/datasets_yolo/ExDark_YOLO/images/train/2015_03066.jpg,1,0.023337,1,0,1
/root/private_data/lowlight-object-detection/datasets_yolo/ExDark_YOLO/images/train/2015_03069.jpg,1,0.175308,1,0,1
/root/private_data/lowlight-object-detection/datasets_yolo/ExDark_YOLO/images/train/2015_03070.jpg,2,0.249789,2,1,1
/root/private_data/lowlight-object-detection/datasets_yolo/ExDark_YOLO/images/train/2015_03071.jpg,1,0.298126,1,0,1
/root/private_data/lowlight-object-detection/datasets_yolo/ExDark_YOLO/images/train/2015_03072.jpg,1,0.033065,1,0,1
/root/private_data/lowlight-object-detection/datasets_yolo/ExDark_YOLO/images/train/2015_03073.jpg,1,0.079414,1,0,1
/root/private_data/lowlight-object-detection/datasets_yolo/ExDark_YOLO/images/train/2015_03074.jpg,3,0.093678,4,1,1
/root/private_data/lowlight-object-detection/datasets_yolo/ExDark_YOLO/images/train/2015_03075.jpg,1,0.224391,1,0,1
/root/private_data/lowlight-object-detection/datasets_yolo/ExDark_YOLO/images/train/2015_03076.jpg,2,0.256781,4,1,1
/root/private_data/lowlight-object-detection/datasets_yolo/ExDark_YOLO/images/train/2015_03077.jpg,2,0.266993,1,1,1
/root/private_data/lowlight-object-detection/datasets_yolo/ExDark_YOLO/images/train/2015_03078.jpg,3,0.140264,2,1,1
/root/private_data/lowlight-object-detection/datasets_yolo/ExDark_YOLO/images/train/2015_03079.jpg,3,0.147259,5,1,1
/root/private_data/lowlight-object-detection/datasets_yolo/ExDark_YOLO/images/train/2015_03080.jpg,1,0.078010,3,0,1
/root/private_data/lowlight-object-detection/datasets_yolo/ExDark_YOLO/images/train/2015_03081.jpg,1,0.120378,1,0,1
/root/private_data/lowlight-object-detection/datasets_yolo/ExDark_YOLO/images/train/2015_03082.jpg,3,0.080160,2,1,1
/root/private_data/lowlight-object-detection/datasets_yolo/ExDark_YOLO/images/train/2015_03083.jpg,1,0.080487,1,0,1
/root/private_data/lowlight-object-detection/datasets_yolo/ExDark_YOLO/images/train/2015_03084.jpg,1,0.189994,1,0,1
/root/private_data/lowlight-object-detection/datasets_yolo/ExDark_YOLO/images/train/2015_03085.jpg,1,0.170683,2,0,1
/root/private_data/lowlight-object-detection/datasets_yolo/ExDark_YOLO/images/train/2015_03087.jpg,2,0.235428,1,1,1
/root/private_data/lowlight-object-detection/datasets_yolo/ExDark_YOLO/images/train/2015_03088.jpg,3,0.179891,4,1,1
/root/private_data/lowlight-object-detection/datasets_yolo/ExDark_YOLO/images/train/2015_03089.jpg,3,0.091106,1,1,1
/root/private_data/lowlight-object-detection/datasets_yolo/ExDark_YOLO/images/train/2015_03090.jpg,1,0.242224,2,0,1
/root/private_data/lowlight-object-detection/datasets_yolo/ExDark_YOLO/images/train/2015_03091.jpg,1,0.197907,1,0,1
/root/private_data/lowlight-object-detection/datasets_yolo/ExDark_YOLO/images/train/2015_03092.jpg,1,0.035221,1,0,1
/root/private_data/lowlight-object-detection/datasets_yolo/ExDark_YOLO/images/train/2015_03093.jpg,1,0.068069,2,0,1
/root/private_data/lowlight-object-detection/datasets_yolo/ExDark_YOLO/images/train/2015_03098.jpg,1,0.051581,2,0,1
/root/private_data/lowlight-object-detection/datasets_yolo/ExDark_YOLO/images/train/2015_03099.jpg,1,0.059717,3,0,1
/root/private_data/lowlight-object-detection/datasets_yolo/ExDark_YOLO/images/train/2015_03100.jpg,1,0.047766,1,0,1
/root/private_data/lowlight-object-detection/datasets_yolo/ExDark_YOLO/images/train/2015_03101.jpg,2,0.248664,10,1,1
/root/private_data/lowlight-object-detection/datasets_yolo/ExDark_YOLO/images/train/2015_03103.jpg,2,0.135995,3,1,1
/root/private_data/lowlight-object-detection/datasets_yolo/ExDark_YOLO/images/train/2015_03104.jpg,2,0.101608,3,1,1
/root/private_data/lowlight-object-detection/datasets_yolo/ExDark_YOLO/images/train/2015_03105.jpg,2,0.145736,5,1,1
/root/private_data/lowlight-object-detection/datasets_yolo/ExDark_YOLO/images/train/2015_03106.jpg,1,0.137771,2,0,1
/root/private_data/lowlight-object-detection/datasets_yolo/ExDark_YOLO/images/train/2015_03107.jpg,3,0.131108,6,1,1
/root/private_data/lowlight-object-detection/datasets_yolo/ExDark_YOLO/images/train/2015_03109.jpg,1,0.124050,1,0,1
/root/private_data/lowlight-object-detection/datasets_yolo/ExDark_YOLO/images/train/2015_03110.jpg,1,0.024736,1,0,1
/root/private_data/lowlight-object-detection/datasets_yolo/ExDark_YOLO/images/train/2015_03111.jpg,1,0.163885,1,0,1
/root/private_data/lowlight-object-detection/datasets_yolo/ExDark_YOLO/images/train/2015_03112.jpg,2,0.188792,7,1,1
/root/private_data/lowlight-object-detection/datasets_yolo/ExDark_YOLO/images/train/2015_03113.jpg,1,0.049719,1,0,1
/root/private_data/lowlight-object-detection/datasets_yolo/ExDark_YOLO/images/train/2015_03114.jpg,1,0.242775,1,0,1
/root/private_data/lowlight-object-detection/datasets_yolo/ExDark_YOLO/images/train/2015_03115.jpg,1,0.055911,2,0,1
/root/private_data/lowlight-object-detection/datasets_yolo/ExDark_YOLO/images/train/2015_03116.jpg,1,0.174984,1,0,1
/root/private_data/lowlight-object-detection/datasets_yolo/ExDark_YOLO/images/train/2015_03117.jpg,1,0.192608,1,0,1
/root/private_data/lowlight-object-detection/datasets_yolo/ExDark_YOLO/images/train/2015_03119.jpg,1,0.073240,1,0,1
/root/private_data/lowlight-object-detection/datasets_yolo/ExDark_YOLO/images/train/2015_03120.jpg,1,0.172584,1,0,1
/root/private_data/lowlight-object-detection/datasets_yolo/ExDark_YOLO/images/train/2015_03121.jpg,1,0.116180,1,0,1
/root/private_data/lowlight-object-detection/datasets_yolo/ExDark_YOLO/images/train/2015_03122.jpg,1,0.172260,2,0,1
/root/private_data/lowlight-object-detection/datasets_yolo/ExDark_YOLO/images/train/2015_03123.jpg,1,0.115432,4,0,1
/root/private_data/lowlight-object-detection/datasets_yolo/ExDark_YOLO/images/train/2015_03125.jpg,1,0.167149,1,0,1
/root/private_data/lowlight-object-detection/datasets_yolo/ExDark_YOLO/images/train/2015_03127.jpg,1,0.249286,1,0,1
/root/private_data/lowlight-object-detection/datasets_yolo/ExDark_YOLO/images/train/2015_03128.jpg,1,0.209735,1,0,1
/root/private_data/lowlight-object-detection/datasets_yolo/ExDark_YOLO/images/train/2015_03129.jpg,1,0.029997,1,0,1
/root/private_data/lowlight-object-detection/datasets_yolo/ExDark_YOLO/images/train/2015_03131.jpg,1,0.050866,1,0,1
/root/private_data/lowlight-object-detection/datasets_yolo/ExDark_YOLO/images/train/2015_03132.jpg,1,0.169368,3,0,1
/root/private_data/lowlight-object-detection/datasets_yolo/ExDark_YOLO/images/train/2015_03134.jpg,1,0.062843,1,0,1
/root/private_data/lowlight-object-detection/datasets_yolo/ExDark_YOLO/images/train/2015_03135.jpg,1,0.064626,1,0,1
/root/private_data/lowlight-object-detection/datasets_yolo/ExDark_YOLO/images/train/2015_03136.jpg,1,0.148032,2,0,1
/root/private_data/lowlight-object-detection/datasets_yolo/ExDark_YOLO/images/train/2015_03138.jpg,1,0.070508,1,0,1
/root/private_data/lowlight-object-detection/datasets_yolo/ExDark_YOLO/images/train/2015_03139.jpg,1,0.202847,1,0,1
/root/private_data/lowlight-object-detection/datasets_yolo/ExDark_YOLO/images/train/2015_03141.jpg,1,0.193724,1,0,1
/root/private_data/lowlight-object-detection/datasets_yolo/ExDark_YOLO/images/train/2015_03142.jpg,1,0.055551,3,0,1
/root/private_data/lowlight-object-detection/datasets_yolo/ExDark_YOLO/images/train/2015_03143.jpg,1,0.072173,3,0,1
/root/private_data/lowlight-object-detection/datasets_yolo/ExDark_YOLO/images/train/2015_03144.jpg,1,0.276308,2,0,1
/root/private_data/lowlight-object-detection/datasets_yolo/ExDark_YOLO/images/train/2015_03145.jpg,1,0.076360,1,0,1
/root/private_data/lowlight-object-detection/datasets_yolo/ExDark_YOLO/images/train/2015_03147.jpg,3,0.113381,3,1,1
/root/private_data/lowlight-object-detection/datasets_yolo/ExDark_YOLO/images/train/2015_03148.jpg,1,0.062916,2,0,1
/root/private_data/lowlight-object-detection/datasets_yolo/ExDark_YOLO/images/train/2015_03149.jpg,1,0.087174,1,0,1
/root/private_data/lowlight-object-detection/datasets_yolo/ExDark_YOLO/images/train/2015_03150.jpg,1,0.142896,1,0,1
/root/private_data/lowlight-object-detection/datasets_yolo/ExDark_YOLO/images/train/2015_03151.jpg,1,0.061330,1,0,1
/root/private_data/lowlight-object-detection/datasets_yolo/ExDark_YOLO/images/train/2015_03153.jpg,1,0.040059,1,0,1
/root/private_data/lowlight-object-detection/datasets_yolo/ExDark_YOLO/images/train/2015_03154.jpg,1,0.251783,1,0,1
/root/private_data/lowlight-object-detection/datasets_yolo/ExDark_YOLO/images/train/2015_03156.jpg,1,0.025245,1,0,1
/root/private_data/lowlight-object-detection/datasets_yolo/ExDark_YOLO/images/train/2015_03157.jpg,1,0.071882,1,0,1
/root/private_data/lowlight-object-detection/datasets_yolo/ExDark_YOLO/images/train/2015_03158.jpg,1,0.221885,4,0,1
/root/private_data/lowlight-object-detection/datasets_yolo/ExDark_YOLO/images/train/2015_03159.jpg,1,0.171937,2,0,1
/root/private_data/lowlight-object-detection/datasets_yolo/ExDark_YOLO/images/train/2015_03160.jpg,1,0.059392,1,0,1
/root/private_data/lowlight-object-detection/datasets_yolo/ExDark_YOLO/images/train/2015_03161.jpg,3,0.058414,1,1,1
/root/private_data/lowlight-object-detection/datasets_yolo/ExDark_YOLO/images/train/2015_03162.jpg,2,0.065161,4,1,1
/root/private_data/lowlight-object-detection/datasets_yolo/ExDark_YOLO/images/train/2015_03163.jpg,1,0.089224,1,0,1
/root/private_data/lowlight-object-detection/datasets_yolo/ExDark_YOLO/images/train/2015_03164.jpg,2,0.179042,2,1,1
/root/private_data/lowlight-object-detection/datasets_yolo/ExDark_YOLO/images/train/2015_03165.jpg,1,0.019521,1,0,1
/root/private_data/lowlight-object-detection/datasets_yolo/ExDark_YOLO/images/train/2015_03166.jpg,1,0.043133,1,0,1
/root/private_data/lowlight-object-detection/datasets_yolo/ExDark_YOLO/images/train/2015_03167.jpg,1,0.078714,1,0,1
/root/private_data/lowlight-object-detection/datasets_yolo/ExDark_YOLO/images/train/2015_03168.jpg,1,0.075708,3,0,1
/root/private_data/lowlight-object-detection/datasets_yolo/ExDark_YOLO/images/train/2015_03169.jpg,1,0.150667,1,0,1
/root/private_data/lowlight-object-detection/datasets_yolo/ExDark_YOLO/images/train/2015_03170.jpg,1,0.111808,1,0,1
/root/private_data/lowlight-object-detection/datasets_yolo/ExDark_YOLO/images/train/2015_03171.jpg,1,0.111270,1,0,1
/root/private_data/lowlight-object-detection/datasets_yolo/ExDark_YOLO/images/train/2015_03172.jpg,1,0.197844,1,0,1
/root/private_data/lowlight-object-detection/datasets_yolo/ExDark_YOLO/images/train/2015_03173.jpg,1,0.049586,1,0,1
/root/private_data/lowlight-object-detection/datasets_yolo/ExDark_YOLO/images/train/2015_03174.jpg,1,0.031351,1,0,1
/root/private_data/lowlight-object-detection/datasets_yolo/ExDark_YOLO/images/train/2015_03175.jpg,1,0.083791,1,0,1
/root/private_data/lowlight-object-detection/datasets_yolo/ExDark_YOLO/images/train/2015_03176.jpg,1,0.287065,1,0,1
/root/private_data/lowlight-object-detection/datasets_yolo/ExDark_YOLO/images/train/2015_03177.jpg,2,0.148628,4,1,1
/root/private_data/lowlight-object-detection/datasets_yolo/ExDark_YOLO/images/train/2015_03178.jpg,2,0.183328,6,1,1
/root/private_data/lowlight-object-detection/datasets_yolo/ExDark_YOLO/images/train/2015_03180.jpg,1,0.098329,1,0,1
/root/private_data/lowlight-object-detection/datasets_yolo/ExDark_YOLO/images/train/2015_03182.jpg,1,0.111269,3,0,1
/root/private_data/lowlight-object-detection/datasets_yolo/ExDark_YOLO/images/train/2015_03184.jpg,1,0.088007,1,0,1
/root/private_data/lowlight-object-detection/datasets_yolo/ExDark_YOLO/images/train/2015_03185.jpg,1,0.224084,1,0,1
/root/private_data/lowlight-object-detection/datasets_yolo/ExDark_YOLO/images/train/2015_03186.jpg,1,0.165387,1,0,1
/root/private_data/lowlight-object-detection/datasets_yolo/ExDark_YOLO/images/train/2015_03187.jpg,1,0.004906,1,0,1
/root/private_data/lowlight-object-detection/datasets_yolo/ExDark_YOLO/images/train/2015_03188.jpg,2,0.153946,2,1,1
/root/private_data/lowlight-object-detection/datasets_yolo/ExDark_YOLO/images/train/2015_03189.jpg,1,0.123249,1,0,1
/root/private_data/lowlight-object-detection/datasets_yolo/ExDark_YOLO/images/train/2015_03190.jpg,1,0.057210,1,0,1
/root/private_data/lowlight-object-detection/datasets_yolo/ExDark_YOLO/images/train/2015_03192.jpg,1,0.123715,3,0,1
/root/private_data/lowlight-object-detection/datasets_yolo/ExDark_YOLO/images/train/2015_03193.jpg,1,0.279264,1,0,1
/root/private_data/lowlight-object-detection/datasets_yolo/ExDark_YOLO/images/train/2015_03196.jpg,1,0.166527,3,0,1
/root/private_data/lowlight-object-detection/datasets_yolo/ExDark_YOLO/images/train/2015_03197.jpg,1,0.068680,1,0,1
/root/private_data/lowlight-object-detection/datasets_yolo/ExDark_YOLO/images/train/2015_03198.jpg,1,0.111472,1,0,1
/root/private_data/lowlight-object-detection/datasets_yolo/ExDark_YOLO/images/train/2015_03199.jpg,1,0.238988,2,0,1
/root/private_data/lowlight-object-detection/datasets_yolo/ExDark_YOLO/images/train/2015_03200.jpg,1,0.329149,1,0,0
/root/private_data/lowlight-object-detection/datasets_yolo/ExDark_YOLO/images/train/2015_03201.jpg,1,0.029188,1,0,1
/root/private_data/lowlight-object-detection/datasets_yolo/ExDark_YOLO/images/train/2015_03203.jpg,1,0.113855,1,0,1
/root/private_data/lowlight-object-detection/datasets_yolo/ExDark_YOLO/images/train/2015_03205.jpg,1,0.140751,1,0,1
/root/private_data/lowlight-object-detection/datasets_yolo/ExDark_YOLO/images/train/2015_03206.jpg,3,0.030020,6,1,1
/root/private_data/lowlight-object-detection/datasets_yolo/ExDark_YOLO/images/train/2015_03209.jpg,1,0.346985,4,1,0
/root/private_data/lowlight-object-detection/datasets_yolo/ExDark_YOLO/images/train/2015_03210.jpg,1,0.077090,1,0,1
/root/private_data/lowlight-object-detection/datasets_yolo/ExDark_YOLO/images/train/2015_03211.jpg,1,0.066389,1,0,1
/root/private_data/lowlight-object-detection/datasets_yolo/ExDark_YOLO/images/train/2015_03212.jpg,1,0.059201,1,0,1
/root/private_data/lowlight-object-detection/datasets_yolo/ExDark_YOLO/images/train/2015_03213.jpg,1,0.106597,1,0,1
/root/private_data/lowlight-object-detection/datasets_yolo/ExDark_YOLO/images/train/2015_03216.jpg,1,0.019227,1,0,1
/root/private_data/lowlight-object-detection/datasets_yolo/ExDark_YOLO/images/train/2015_03217.jpg,1,0.236815,1,0,1
/root/private_data/lowlight-object-detection/datasets_yolo/ExDark_YOLO/images/train/2015_03218.jpg,1,0.081263,1,0,1
/root/private_data/lowlight-object-detection/datasets_yolo/ExDark_YOLO/images/train/2015_03220.jpg,1,0.145855,1,0,1
/root/private_data/lowlight-object-detection/datasets_yolo/ExDark_YOLO/images/train/2015_03221.jpg,1,0.104537,1,0,1
/root/private_data/lowlight-object-detection/datasets_yolo/ExDark_YOLO/images/train/2015_03224.jpg,1,0.037395,1,0,1
/root/private_data/lowlight-object-detection/datasets_yolo/ExDark_YOLO/images/train/2015_03225.jpg,1,0.131802,1,0,1
/root/private_data/lowlight-object-detection/datasets_yolo/ExDark_YOLO/images/train/2015_03226.jpg,1,0.178602,2,0,1
/root/private_data/lowlight-object-detection/datasets_yolo/ExDark_YOLO/images/train/2015_03227.jpg,2,0.262821,1,1,1
/root/private_data/lowlight-object-detection/datasets_yolo/ExDark_YOLO/images/train/2015_03229.jpg,1,0.275038,1,0,1
/root/private_data/lowlight-object-detection/datasets_yolo/ExDark_YOLO/images/train/2015_03231.jpg,1,0.052708,1,0,1
/root/private_data/lowlight-object-detection/datasets_yolo/ExDark_YOLO/images/train/2015_03232.jpg,1,0.060911,1,0,1
/root/private_data/lowlight-object-detection/datasets_yolo/ExDark_YOLO/images/train/2015_03234.jpg,1,0.239561,2,0,1
/root/private_data/lowlight-object-detection/datasets_yolo/ExDark_YOLO/images/train/2015_03235.jpg,1,0.266967,3,0,1
/root/private_data/lowlight-object-detection/datasets_yolo/ExDark_YOLO/images/train/2015_03236.jpg,2,0.217834,4,1,1
/root/private_data/lowlight-object-detection/datasets_yolo/ExDark_YOLO/images/train/2015_03237.jpg,1,0.276060,2,0,1
/root/private_data/lowlight-object-detection/datasets_yolo/ExDark_YOLO/images/train/2015_03239.jpg,1,0.276281,2,0,1
/root/private_data/lowlight-object-detection/datasets_yolo/ExDark_YOLO/images/train/2015_03240.jpg,3,0.126387,2,1,1
/root/private_data/lowlight-object-detection/datasets_yolo/ExDark_YOLO/images/train/2015_03241.jpg,1,0.055258,1,0,1
/root/private_data/lowlight-object-detection/datasets_yolo/ExDark_YOLO/images/train/2015_03242.jpg,3,0.079674,1,1,1
/root/private_data/lowlight-object-detection/datasets_yolo/ExDark_YOLO/images/train/2015_03244.jpg,2,0.262441,1,1,1
/root/private_data/lowlight-object-detection/datasets_yolo/ExDark_YOLO/images/train/2015_03246.jpg,1,0.107378,1,0,1
/root/private_data/lowlight-object-detection/datasets_yolo/ExDark_YOLO/images/train/2015_03247.jpg,1,0.214182,1,0,1
/root/private_data/lowlight-object-detection/datasets_yolo/ExDark_YOLO/images/train/2015_03248.jpg,1,0.206278,1,0,1
/root/private_data/lowlight-object-detection/datasets_yolo/ExDark_YOLO/images/train/2015_03250.jpg,2,0.101725,1,1,1
/root/private_data/lowlight-object-detection/datasets_yolo/ExDark_YOLO/images/train/2015_03251.jpg,1,0.113877,1,0,1
/root/private_data/lowlight-object-detection/datasets_yolo/ExDark_YOLO/images/train/2015_03252.jpg,2,0.128681,1,1,1
/root/private_data/lowlight-object-detection/datasets_yolo/ExDark_YOLO/images/train/2015_03253.jpg,1,0.078376,1,0,1
/root/private_data/lowlight-object-detection/datasets_yolo/ExDark_YOLO/images/train/2015_03254.jpg,1,0.091131,1,0,1
/root/private_data/lowlight-object-detection/datasets_yolo/ExDark_YOLO/images/train/2015_03255.jpg,2,0.177079,2,1,1
/root/private_data/lowlight-object-detection/datasets_yolo/ExDark_YOLO/images/train/2015_03256.jpg,1,0.101095,1,0,1
/root/private_data/lowlight-object-detection/datasets_yolo/ExDark_YOLO/images/train/2015_03257.jpg,1,0.110271,3,0,1
/root/private_data/lowlight-object-detection/datasets_yolo/ExDark_YOLO/images/train/2015_03258.jpg,1,0.243193,1,0,1
/root/private_data/lowlight-object-detection/datasets_yolo/ExDark_YOLO/images/train/2015_03259.jpg,2,0.073569,2,1,1
/root/private_data/lowlight-object-detection/datasets_yolo/ExDark_YOLO/images/train/2015_03260.jpg,1,0.169528,1,0,1
/root/private_data/lowlight-object-detection/datasets_yolo/ExDark_YOLO/images/train/2015_03261.jpg,1,0.081498,1,0,1
/root/private_data/lowlight-object-detection/datasets_yolo/ExDark_YOLO/images/train/2015_03262.jpg,1,0.162410,1,0,1
/root/private_data/lowlight-object-detection/datasets_yolo/ExDark_YOLO/images/train/2015_03263.jpg,1,0.095765,1,0,1
/root/private_data/lowlight-object-detection/datasets_yolo/ExDark_YOLO/images/train/2015_03264.jpg,1,0.226050,2,0,1
/root/private_data/lowlight-object-detection/datasets_yolo/ExDark_YOLO/images/train/2015_03265.jpg,1,0.023326,1,0,1
/root/private_data/lowlight-object-detection/datasets_yolo/ExDark_YOLO/images/train/2015_03267.jpg,1,0.256267,1,0,1
/root/private_data/lowlight-object-detection/datasets_yolo/ExDark_YOLO/images/train/2015_03269.jpg,1,0.213583,2,0,1
/root/private_data/lowlight-object-detection/datasets_yolo/ExDark_YOLO/images/train/2015_03270.jpg,3,0.111754,2,1,1
/root/private_data/lowlight-object-detection/datasets_yolo/ExDark_YOLO/images/train/2015_03271.jpg,1,0.187397,1,0,1
/root/private_data/lowlight-object-detection/datasets_yolo/ExDark_YOLO/images/train/2015_03272.jpg,1,0.141807,3,0,1
/root/private_data/lowlight-object-detection/datasets_yolo/ExDark_YOLO/images/train/2015_03273.jpg,3,0.068084,1,1,1
/root/private_data/lowlight-object-detection/datasets_yolo/ExDark_YOLO/images/train/2015_03275.jpg,1,0.039049,1,0,1
/root/private_data/lowlight-object-detection/datasets_yolo/ExDark_YOLO/images/train/2015_03278.jpg,1,0.017511,1,0,1
/root/private_data/lowlight-object-detection/datasets_yolo/ExDark_YOLO/images/train/2015_03279.jpg,2,0.165651,1,1,1
/root/private_data/lowlight-object-detection/datasets_yolo/ExDark_YOLO/images/train/2015_03280.jpg,1,0.126926,1,0,1
/root/private_data/lowlight-object-detection/datasets_yolo/ExDark_YOLO/images/train/2015_03281.jpg,1,0.133422,1,0,1
/root/private_data/lowlight-object-detection/datasets_yolo/ExDark_YOLO/images/train/2015_03282.jpg,1,0.192521,1,0,1
/root/private_data/lowlight-object-detection/datasets_yolo/ExDark_YOLO/images/train/2015_03283.jpg,1,0.148251,1,0,1
/root/private_data/lowlight-object-detection/datasets_yolo/ExDark_YOLO/images/train/2015_03284.jpg,3,0.128761,1,1,1
/root/private_data/lowlight-object-detection/datasets_yolo/ExDark_YOLO/images/train/2015_03285.jpg,1,0.217218,1,0,1
/root/private_data/lowlight-object-detection/datasets_yolo/ExDark_YOLO/images/train/2015_03286.jpg,1,0.171561,1,0,1
/root/private_data/lowlight-object-detection/datasets_yolo/ExDark_YOLO/images/train/2015_03287.jpg,1,0.110957,1,0,1
/root/private_data/lowlight-object-detection/datasets_yolo/ExDark_YOLO/images/train/2015_03288.jpg,1,0.123652,1,0,1
/root/private_data/lowlight-object-detection/datasets_yolo/ExDark_YOLO/images/train/2015_03289.jpg,1,0.070854,1,0,1
/root/private_data/lowlight-object-detection/datasets_yolo/ExDark_YOLO/images/train/2015_03290.jpg,3,0.086366,5,1,1
/root/private_data/lowlight-object-detection/datasets_yolo/ExDark_YOLO/images/train/2015_03291.jpg,1,0.025104,1,0,1
/root/private_data/lowlight-object-detection/datasets_yolo/ExDark_YOLO/images/train/2015_03293.jpg,1,0.178857,1,0,1
/root/private_data/lowlight-object-detection/datasets_yolo/ExDark_YOLO/images/train/2015_03294.jpg,1,0.148913,1,0,1
/root/private_data/lowlight-object-detection/datasets_yolo/ExDark_YOLO/images/train/2015_03295.jpg,1,0.128697,1,0,1
/root/private_data/lowlight-object-detection/datasets_yolo/ExDark_YOLO/images/train/2015_03296.jpg,1,0.119706,1,0,1
/root/private_data/lowlight-object-detection/datasets_yolo/ExDark_YOLO/images/train/2015_03297.jpg,1,0.206902,2,0,1
/root/private_data/lowlight-object-detection/datasets_yolo/ExDark_YOLO/images/train/2015_03298.jpg,1,0.114539,1,0,1
/root/private_data/lowlight-object-detection/datasets_yolo/ExDark_YOLO/images/train/2015_03300.jpg,1,0.201722,1,0,1
/root/private_data/lowlight-object-detection/datasets_yolo/ExDark_YOLO/images/train/2015_03301.jpg,1,0.227009,1,0,1
/root/private_data/lowlight-object-detection/datasets_yolo/ExDark_YOLO/images/train/2015_03302.jpg,1,0.116887,1,0,1
/root/private_data/lowlight-object-detection/datasets_yolo/ExDark_YOLO/images/train/2015_03303.jpg,2,0.050332,4,1,1
/root/private_data/lowlight-object-detection/datasets_yolo/ExDark_YOLO/images/train/2015_03304.jpg,1,0.097918,2,0,1
/root/private_data/lowlight-object-detection/datasets_yolo/ExDark_YOLO/images/train/2015_03306.jpg,1,0.083851,1,0,1
/root/private_data/lowlight-object-detection/datasets_yolo/ExDark_YOLO/images/train/2015_03308.jpg,1,0.296822,1,0,1
/root/private_data/lowlight-object-detection/datasets_yolo/ExDark_YOLO/images/train/2015_03310.jpg,1,0.210195,1,0,1
/root/private_data/lowlight-object-detection/datasets_yolo/ExDark_YOLO/images/train/2015_03311.jpg,1,0.248113,1,0,1
/root/private_data/lowlight-object-detection/datasets_yolo/ExDark_YOLO/images/train/2015_03312.jpg,1,0.199228,1,0,1
/root/private_data/lowlight-object-detection/datasets_yolo/ExDark_YOLO/images/train/2015_03313.jpg,1,0.144760,1,0,1
/root/private_data/lowlight-object-detection/datasets_yolo/ExDark_YOLO/images/train/2015_03315.jpg,1,0.103243,1,0,1
/root/private_data/lowlight-object-detection/datasets_yolo/ExDark_YOLO/images/train/2015_03317.jpg,1,0.190103,1,0,1
/root/private_data/lowlight-object-detection/datasets_yolo/ExDark_YOLO/images/train/2015_03319.jpg,1,0.161453,1,0,1
/root/private_data/lowlight-object-detection/datasets_yolo/ExDark_YOLO/images/train/2015_03320.jpg,1,0.171935,1,0,1
/root/private_data/lowlight-object-detection/datasets_yolo/ExDark_YOLO/images/train/2015_03321.jpg,1,0.221536,2,0,1
/root/private_data/lowlight-object-detection/datasets_yolo/ExDark_YOLO/images/train/2015_03323.jpg,1,0.173287,1,0,1
/root/private_data/lowlight-object-detection/datasets_yolo/ExDark_YOLO/images/train/2015_03324.jpg,1,0.207860,1,0,1
/root/private_data/lowlight-object-detection/datasets_yolo/ExDark_YOLO/images/train/2015_03325.jpg,1,0.120929,1,0,1
/root/private_data/lowlight-object-detection/datasets_yolo/ExDark_YOLO/images/train/2015_03326.jpg,1,0.106076,1,0,1
/root/private_data/lowlight-object-detection/datasets_yolo/ExDark_YOLO/images/train/2015_03327.jpg,1,0.078595,1,0,1
/root/private_data/lowlight-object-detection/datasets_yolo/ExDark_YOLO/images/train/2015_03328.jpg,1,0.321655,2,0,0
/root/private_data/lowlight-object-detection/datasets_yolo/ExDark_YOLO/images/train/2015_03329.jpg,1,0.165384,1,0,1
/root/private_data/lowlight-object-detection/datasets_yolo/ExDark_YOLO/images/train/2015_03330.jpg,1,0.243067,1,0,1
/root/private_data/lowlight-object-detection/datasets_yolo/ExDark_YOLO/images/train/2015_03331.jpg,1,0.286509,6,0,1
/root/private_data/lowlight-object-detection/datasets_yolo/ExDark_YOLO/images/train/2015_03332.jpg,1,0.248907,3,0,1
/root/private_data/lowlight-object-detection/datasets_yolo/ExDark_YOLO/images/train/2015_03333.jpg,1,0.177735,2,0,1
/root/private_data/lowlight-object-detection/datasets_yolo/ExDark_YOLO/images/train/2015_03335.jpg,1,0.092762,1,0,1
/root/private_data/lowlight-object-detection/datasets_yolo/ExDark_YOLO/images/train/2015_03337.jpg,1,0.116018,1,0,1
/root/private_data/lowlight-object-detection/datasets_yolo/ExDark_YOLO/images/train/2015_03338.jpg,1,0.272918,1,0,1
/root/private_data/lowlight-object-detection/datasets_yolo/ExDark_YOLO/images/train/2015_03339.jpg,1,0.113985,1,0,1
/root/private_data/lowlight-object-detection/datasets_yolo/ExDark_YOLO/images/train/2015_03341.jpg,2,0.182069,14,1,1
/root/private_data/lowlight-object-detection/datasets_yolo/ExDark_YOLO/images/train/2015_03342.jpg,1,0.118766,1,0,1
/root/private_data/lowlight-object-detection/datasets_yolo/ExDark_YOLO/images/train/2015_03343.jpg,1,0.185004,1,0,1
/root/private_data/lowlight-object-detection/datasets_yolo/ExDark_YOLO/images/train/2015_03344.jpg,1,0.131580,1,0,1
/root/private_data/lowlight-object-detection/datasets_yolo/ExDark_YOLO/images/train/2015_03345.jpg,1,0.116356,1,0,1
/root/private_data/lowlight-object-detection/datasets_yolo/ExDark_YOLO/images/train/2015_03347.jpg,1,0.098912,2,0,1
/root/private_data/lowlight-object-detection/datasets_yolo/ExDark_YOLO/images/train/2015_03348.jpg,1,0.148133,2,0,1
/root/private_data/lowlight-object-detection/datasets_yolo/ExDark_YOLO/images/train/2015_03350.jpg,1,0.066798,1,0,1
/root/private_data/lowlight-object-detection/datasets_yolo/ExDark_YOLO/images/train/2015_03351.jpg,1,0.139687,1,0,1
/root/private_data/lowlight-object-detection/datasets_yolo/ExDark_YOLO/images/train/2015_03352.jpg,1,0.220034,1,0,1
/root/private_data/lowlight-object-detection/datasets_yolo/ExDark_YOLO/images/train/2015_03353.jpg,1,0.358716,1,0,0
/root/private_data/lowlight-object-detection/datasets_yolo/ExDark_YOLO/images/train/2015_03355.JPEG,1,0.231305,1,0,1
/root/private_data/lowlight-object-detection/datasets_yolo/ExDark_YOLO/images/train/2015_03356.JPEG,1,0.167935,2,0,1
/root/private_data/lowlight-object-detection/datasets_yolo/ExDark_YOLO/images/train/2015_03357.JPEG,1,0.265248,6,0,1
/root/private_data/lowlight-object-detection/datasets_yolo/ExDark_YOLO/images/train/2015_03358.JPEG,1,0.199176,2,0,1
/root/private_data/lowlight-object-detection/datasets_yolo/ExDark_YOLO/images/train/2015_03359.JPEG,1,0.238309,3,0,1
/root/private_data/lowlight-object-detection/datasets_yolo/ExDark_YOLO/images/train/2015_03360.JPEG,1,0.072417,1,0,1
/root/private_data/lowlight-object-detection/datasets_yolo/ExDark_YOLO/images/train/2015_03363.jpg,2,0.203348,5,1,1
/root/private_data/lowlight-object-detection/datasets_yolo/ExDark_YOLO/images/train/2015_03364.jpg,1,0.260289,1,0,1
/root/private_data/lowlight-object-detection/datasets_yolo/ExDark_YOLO/images/train/2015_03366.JPG,1,0.326330,3,1,0
/root/private_data/lowlight-object-detection/datasets_yolo/ExDark_YOLO/images/train/2015_03367.JPG,1,0.344509,1,0,0
/root/private_data/lowlight-object-detection/datasets_yolo/ExDark_YOLO/images/train/2015_03368.jpg,1,0.050055,2,0,1
/root/private_data/lowlight-object-detection/datasets_yolo/ExDark_YOLO/images/train/2015_03369.JPG,1,0.248646,1,0,1
/root/private_data/lowlight-object-detection/datasets_yolo/ExDark_YOLO/images/train/2015_03371.JPG,1,0.116241,3,0,1
/root/private_data/lowlight-object-detection/datasets_yolo/ExDark_YOLO/images/train/2015_03372.JPG,1,0.076986,3,0,1
/root/private_data/lowlight-object-detection/datasets_yolo/ExDark_YOLO/images/train/2015_03373.JPG,1,0.088807,1,0,1
/root/private_data/lowlight-object-detection/datasets_yolo/ExDark_YOLO/images/train/2015_03374.JPG,1,0.081121,2,0,1
/root/private_data/lowlight-object-detection/datasets_yolo/ExDark_YOLO/images/train/2015_03376.jpg,1,0.092443,1,0,1
/root/private_data/lowlight-object-detection/datasets_yolo/ExDark_YOLO/images/train/2015_03377.jpg,1,0.054050,1,0,1
/root/private_data/lowlight-object-detection/datasets_yolo/ExDark_YOLO/images/train/2015_03379.jpg,1,0.225441,1,0,1
/root/private_data/lowlight-object-detection/datasets_yolo/ExDark_YOLO/images/train/2015_03380.jpg,1,0.262429,1,0,1
/root/private_data/lowlight-object-detection/datasets_yolo/ExDark_YOLO/images/train/2015_03381.jpg,1,0.112588,1,0,1
/root/private_data/lowlight-object-detection/datasets_yolo/ExDark_YOLO/images/train/2015_03382.jpg,1,0.486826,1,0,0
/root/private_data/lowlight-object-detection/datasets_yolo/ExDark_YOLO/images/train/2015_03384.jpg,1,0.082359,1,0,1
/root/private_data/lowlight-object-detection/datasets_yolo/ExDark_YOLO/images/train/2015_03385.jpg,1,0.163101,1,0,1
/root/private_data/lowlight-object-detection/datasets_yolo/ExDark_YOLO/images/train/2015_03386.jpg,1,0.024817,1,0,1
/root/private_data/lowlight-object-detection/datasets_yolo/ExDark_YOLO/images/train/2015_03388.jpg,1,0.017579,1,0,1
/root/private_data/lowlight-object-detection/datasets_yolo/ExDark_YOLO/images/train/2015_03389.jpg,1,0.129356,1,0,1
/root/private_data/lowlight-object-detection/datasets_yolo/ExDark_YOLO/images/train/2015_03391.jpg,1,0.029825,2,0,1
/root/private_data/lowlight-object-detection/datasets_yolo/ExDark_YOLO/images/train/2015_03392.jpg,1,0.062047,1,0,1
/root/private_data/lowlight-object-detection/datasets_yolo/ExDark_YOLO/images/train/2015_03394.jpg,1,0.074708,1,0,1
/root/private_data/lowlight-object-detection/datasets_yolo/ExDark_YOLO/images/train/2015_03395.jpg,1,0.183450,1,0,1
/root/private_data/lowlight-object-detection/datasets_yolo/ExDark_YOLO/images/train/2015_03397.jpg,1,0.155927,2,0,1
/root/private_data/lowlight-object-detection/datasets_yolo/ExDark_YOLO/images/train/2015_03398.png,1,0.051177,1,0,1
/root/private_data/lowlight-object-detection/datasets_yolo/ExDark_YOLO/images/train/2015_03400.jpg,1,0.077586,1,0,1
/root/private_data/lowlight-object-detection/datasets_yolo/ExDark_YOLO/images/train/2015_03401.jpg,1,0.141720,1,0,1
/root/private_data/lowlight-object-detection/datasets_yolo/ExDark_YOLO/images/train/2015_03402.jpg,1,0.192686,1,0,1
/root/private_data/lowlight-object-detection/datasets_yolo/ExDark_YOLO/images/train/2015_03403.jpg,1,0.170463,1,0,1
/root/private_data/lowlight-object-detection/datasets_yolo/ExDark_YOLO/images/train/2015_03404.jpg,1,0.095129,1,0,1
/root/private_data/lowlight-object-detection/datasets_yolo/ExDark_YOLO/images/train/2015_03405.jpg,1,0.136350,1,0,1
/root/private_data/lowlight-object-detection/datasets_yolo/ExDark_YOLO/images/train/2015_03406.jpg,1,0.161214,1,0,1
/root/private_data/lowlight-object-detection/datasets_yolo/ExDark_YOLO/images/train/2015_03408.jpg,1,0.037013,1,0,1
/root/private_data/lowlight-object-detection/datasets_yolo/ExDark_YOLO/images/train/2015_03409.jpg,1,0.081135,2,0,1
/root/private_data/lowlight-object-detection/datasets_yolo/ExDark_YOLO/images/train/2015_03411.jpg,1,0.002118,1,0,1
/root/private_data/lowlight-object-detection/datasets_yolo/ExDark_YOLO/images/train/2015_03413.jpg,1,0.082841,2,0,1
/root/private_data/lowlight-object-detection/datasets_yolo/ExDark_YOLO/images/train/2015_03414.jpg,1,0.136534,1,0,1
/root/private_data/lowlight-object-detection/datasets_yolo/ExDark_YOLO/images/train/2015_03415.jpg,1,0.013475,1,0,1
/root/private_data/lowlight-object-detection/datasets_yolo/ExDark_YOLO/images/train/2015_03416.jpg,1,0.079045,1,0,1
/root/private_data/lowlight-object-detection/datasets_yolo/ExDark_YOLO/images/train/2015_03417.jpg,1,0.048505,1,0,1
/root/private_data/lowlight-object-detection/datasets_yolo/ExDark_YOLO/images/train/2015_03418.jpg,1,0.041395,1,0,1
/root/private_data/lowlight-object-detection/datasets_yolo/ExDark_YOLO/images/train/2015_03419.jpg,1,0.187016,1,0,1
/root/private_data/lowlight-object-detection/datasets_yolo/ExDark_YOLO/images/train/2015_03420.jpg,1,0.070878,1,0,1
/root/private_data/lowlight-object-detection/datasets_yolo/ExDark_YOLO/images/train/2015_03421.jpg,1,0.013471,1,0,1
/root/private_data/lowlight-object-detection/datasets_yolo/ExDark_YOLO/images/train/2015_03422.jpg,1,0.058769,1,0,1
/root/private_data/lowlight-object-detection/datasets_yolo/ExDark_YOLO/images/train/2015_03424.jpg,1,0.100523,2,0,1
/root/private_data/lowlight-object-detection/datasets_yolo/ExDark_YOLO/images/train/2015_03425.jpg,1,0.342087,1,0,0
/root/private_data/lowlight-object-detection/datasets_yolo/ExDark_YOLO/images/train/2015_03426.jpg,1,0.218034,1,0,1
/root/private_data/lowlight-object-detection/datasets_yolo/ExDark_YOLO/images/train/2015_03427.jpg,1,0.223540,1,0,1
/root/private_data/lowlight-object-detection/datasets_yolo/ExDark_YOLO/images/train/2015_03428.jpg,1,0.072667,1,0,1
/root/private_data/lowlight-object-detection/datasets_yolo/ExDark_YOLO/images/train/2015_03429.jpg,1,0.357268,1,0,0
/root/private_data/lowlight-object-detection/datasets_yolo/ExDark_YOLO/images/train/2015_03430.jpg,1,0.345443,1,0,0
/root/private_data/lowlight-object-detection/datasets_yolo/ExDark_YOLO/images/train/2015_03431.jpg,1,0.148076,1,0,1
/root/private_data/lowlight-object-detection/datasets_yolo/ExDark_YOLO/images/train/2015_03432.jpg,1,0.162779,1,0,1
/root/private_data/lowlight-object-detection/datasets_yolo/ExDark_YOLO/images/train/2015_03433.jpg,1,0.062020,1,0,1
/root/private_data/lowlight-object-detection/datasets_yolo/ExDark_YOLO/images/train/2015_03434.jpg,1,0.094196,1,0,1
/root/private_data/lowlight-object-detection/datasets_yolo/ExDark_YOLO/images/train/2015_03435.png,1,0.042021,1,0,1
/root/private_data/lowlight-object-detection/datasets_yolo/ExDark_YOLO/images/train/2015_03438.jpg,1,0.080791,1,0,1
/root/private_data/lowlight-object-detection/datasets_yolo/ExDark_YOLO/images/train/2015_03439.jpg,1,0.087693,1,0,1
/root/private_data/lowlight-object-detection/datasets_yolo/ExDark_YOLO/images/train/2015_03440.jpg,1,0.212733,2,0,1
/root/private_data/lowlight-object-detection/datasets_yolo/ExDark_YOLO/images/train/2015_03442.jpg,1,0.101179,1,0,1
/root/private_data/lowlight-object-detection/datasets_yolo/ExDark_YOLO/images/train/2015_03443.jpg,1,0.135121,1,0,1
/root/private_data/lowlight-object-detection/datasets_yolo/ExDark_YOLO/images/train/2015_03444.jpg,1,0.028268,1,0,1
/root/private_data/lowlight-object-detection/datasets_yolo/ExDark_YOLO/images/train/2015_03446.jpg,1,0.009589,1,0,1
/root/private_data/lowlight-object-detection/datasets_yolo/ExDark_YOLO/images/train/2015_03447.jpg,1,0.125372,1,0,1
/root/private_data/lowlight-object-detection/datasets_yolo/ExDark_YOLO/images/train/2015_03448.jpg,1,0.301914,1,0,0
/root/private_data/lowlight-object-detection/datasets_yolo/ExDark_YOLO/images/train/2015_03450.jpg,1,0.148953,1,0,1
/root/private_data/lowlight-object-detection/datasets_yolo/ExDark_YOLO/images/train/2015_03452.jpg,1,0.038402,1,0,1
/root/private_data/lowlight-object-detection/datasets_yolo/ExDark_YOLO/images/train/2015_03453.jpg,1,0.095362,1,0,1
/root/private_data/lowlight-object-detection/datasets_yolo/ExDark_YOLO/images/train/2015_03454.jpg,1,0.109968,1,0,1
/root/private_data/lowlight-object-detection/datasets_yolo/ExDark_YOLO/images/train/2015_03455.jpg,1,0.139906,1,0,1
/root/private_data/lowlight-object-detection/datasets_yolo/ExDark_YOLO/images/train/2015_03456.jpg,1,0.108719,1,0,1
/root/private_data/lowlight-object-detection/datasets_yolo/ExDark_YOLO/images/train/2015_03457.jpg,1,0.066233,1,0,1
/root/private_data/lowlight-object-detection/datasets_yolo/ExDark_YOLO/images/train/2015_03459.jpg,1,0.076891,1,0,1
/root/private_data/lowlight-object-detection/datasets_yolo/ExDark_YOLO/images/train/2015_03460.jpg,1,0.161696,1,0,1
/root/private_data/lowlight-object-detection/datasets_yolo/ExDark_YOLO/images/train/2015_03461.jpg,1,0.066244,1,0,1
/root/private_data/lowlight-object-detection/datasets_yolo/ExDark_YOLO/images/train/2015_03462.jpg,1,0.092174,1,0,1
/root/private_data/lowlight-object-detection/datasets_yolo/ExDark_YOLO/images/train/2015_03463.jpg,2,0.149475,5,1,1
/root/private_data/lowlight-object-detection/datasets_yolo/ExDark_YOLO/images/train/2015_03464.jpg,1,0.148945,1,0,1
/root/private_data/lowlight-object-detection/datasets_yolo/ExDark_YOLO/images/train/2015_03465.jpg,3,0.179976,3,1,1
/root/private_data/lowlight-object-detection/datasets_yolo/ExDark_YOLO/images/train/2015_03466.jpg,1,0.123580,2,0,1
/root/private_data/lowlight-object-detection/datasets_yolo/ExDark_YOLO/images/train/2015_03467.jpg,1,0.043602,1,0,1
/root/private_data/lowlight-object-detection/datasets_yolo/ExDark_YOLO/images/train/2015_03468.jpg,1,0.117281,1,0,1
/root/private_data/lowlight-object-detection/datasets_yolo/ExDark_YOLO/images/train/2015_03469.jpg,1,0.033603,1,0,1
/root/private_data/lowlight-object-detection/datasets_yolo/ExDark_YOLO/images/train/2015_03471.jpg,1,0.117135,1,0,1
/root/private_data/lowlight-object-detection/datasets_yolo/ExDark_YOLO/images/train/2015_03472.jpg,1,0.049275,1,0,1
/root/private_data/lowlight-object-detection/datasets_yolo/ExDark_YOLO/images/train/2015_03473.jpg,1,0.041374,1,0,1
/root/private_data/lowlight-object-detection/datasets_yolo/ExDark_YOLO/images/train/2015_03474.jpg,1,0.070218,1,0,1
/root/private_data/lowlight-object-detection/datasets_yolo/ExDark_YOLO/images/train/2015_03476.jpg,1,0.047912,1,0,1
/root/private_data/lowlight-object-detection/datasets_yolo/ExDark_YOLO/images/train/2015_03478.jpg,1,0.042204,1,0,1
/root/private_data/lowlight-object-detection/datasets_yolo/ExDark_YOLO/images/train/2015_03479.jpg,1,0.065839,1,0,1
/root/private_data/lowlight-object-detection/datasets_yolo/ExDark_YOLO/images/train/2015_03480.jpg,1,0.073055,1,0,1
/root/private_data/lowlight-object-detection/datasets_yolo/ExDark_YOLO/images/train/2015_03481.jpg,1,0.048339,1,0,1
/root/private_data/lowlight-object-detection/datasets_yolo/ExDark_YOLO/images/train/2015_03483.jpg,1,0.094648,1,0,1
/root/private_data/lowlight-object-detection/datasets_yolo/ExDark_YOLO/images/train/2015_03484.jpg,1,0.089697,2,0,1
/root/private_data/lowlight-object-detection/datasets_yolo/ExDark_YOLO/images/train/2015_03486.jpg,1,0.216145,1,0,1
/root/private_data/lowlight-object-detection/datasets_yolo/ExDark_YOLO/images/train/2015_03487.jpg,1,0.203204,1,0,1
/root/private_data/lowlight-object-detection/datasets_yolo/ExDark_YOLO/images/train/2015_03489.jpg,1,0.048774,1,0,1
/root/private_data/lowlight-object-detection/datasets_yolo/ExDark_YOLO/images/train/2015_03490.jpg,1,0.065047,1,0,1
/root/private_data/lowlight-object-detection/datasets_yolo/ExDark_YOLO/images/train/2015_03491.jpg,1,0.129471,1,0,1
/root/private_data/lowlight-object-detection/datasets_yolo/ExDark_YOLO/images/train/2015_03492.jpg,1,0.037048,1,0,1
/root/private_data/lowlight-object-detection/datasets_yolo/ExDark_YOLO/images/train/2015_03493.jpg,1,0.005269,1,0,1
/root/private_data/lowlight-object-detection/datasets_yolo/ExDark_YOLO/images/train/2015_03494.jpg,1,0.057144,1,0,1
/root/private_data/lowlight-object-detection/datasets_yolo/ExDark_YOLO/images/train/2015_03495.jpg,1,0.197726,1,0,1
/root/private_data/lowlight-object-detection/datasets_yolo/ExDark_YOLO/images/train/2015_03496.jpg,1,0.111707,1,0,1
/root/private_data/lowlight-object-detection/datasets_yolo/ExDark_YOLO/images/train/2015_03497.jpg,1,0.067977,1,0,1
/root/private_data/lowlight-object-detection/datasets_yolo/ExDark_YOLO/images/train/2015_03498.jpg,1,0.035429,1,0,1
/root/private_data/lowlight-object-detection/datasets_yolo/ExDark_YOLO/images/train/2015_03502.jpg,1,0.031516,1,0,1
/root/private_data/lowlight-object-detection/datasets_yolo/ExDark_YOLO/images/train/2015_03504.jpg,1,0.028437,1,0,1
/root/private_data/lowlight-object-detection/datasets_yolo/ExDark_YOLO/images/train/2015_03505.jpg,1,0.065322,1,0,1
/root/private_data/lowlight-object-detection/datasets_yolo/ExDark_YOLO/images/train/2015_03506.jpg,1,0.057420,1,0,1
/root/private_data/lowlight-object-detection/datasets_yolo/ExDark_YOLO/images/train/2015_03507.jpg,1,0.070048,1,0,1
/root/private_data/lowlight-object-detection/datasets_yolo/ExDark_YOLO/images/train/2015_03508.jpg,1,0.095732,1,0,1
/root/private_data/lowlight-object-detection/datasets_yolo/ExDark_YOLO/images/train/2015_03510.jpg,1,0.121096,1,0,1
/root/private_data/lowlight-object-detection/datasets_yolo/ExDark_YOLO/images/train/2015_03511.jpg,1,0.078434,1,0,1
/root/private_data/lowlight-object-detection/datasets_yolo/ExDark_YOLO/images/train/2015_03512.jpg,1,0.095440,3,0,1
/root/private_data/lowlight-object-detection/datasets_yolo/ExDark_YOLO/images/train/2015_03513.jpg,1,0.097573,2,0,1
/root/private_data/lowlight-object-detection/datasets_yolo/ExDark_YOLO/images/train/2015_03514.jpg,1,0.106219,1,0,1
/root/private_data/lowlight-object-detection/datasets_yolo/ExDark_YOLO/images/train/2015_03515.jpg,1,0.036808,1,0,1
/root/private_data/lowlight-object-detection/datasets_yolo/ExDark_YOLO/images/train/2015_03516.jpg,1,0.034282,1,0,1
/root/private_data/lowlight-object-detection/datasets_yolo/ExDark_YOLO/images/train/2015_03517.jpg,1,0.096229,1,0,1
/root/private_data/lowlight-object-detection/datasets_yolo/ExDark_YOLO/images/train/2015_03518.jpg,1,0.089210,1,0,1
/root/private_data/lowlight-object-detection/datasets_yolo/ExDark_YOLO/images/train/2015_03519.jpg,1,0.038225,1,0,1
/root/private_data/lowlight-object-detection/datasets_yolo/ExDark_YOLO/images/train/2015_03520.jpg,1,0.066063,1,0,1
/root/private_data/lowlight-object-detection/datasets_yolo/ExDark_YOLO/images/train/2015_03521.jpg,1,0.210414,1,0,1
/root/private_data/lowlight-object-detection/datasets_yolo/ExDark_YOLO/images/train/2015_03522.jpg,1,0.119842,1,0,1
/root/private_data/lowlight-object-detection/datasets_yolo/ExDark_YOLO/images/train/2015_03523.jpg,1,0.052647,1,0,1
/root/private_data/lowlight-object-detection/datasets_yolo/ExDark_YOLO/images/train/2015_03524.jpg,1,0.015064,1,0,1
/root/private_data/lowlight-object-detection/datasets_yolo/ExDark_YOLO/images/train/2015_03525.jpg,1,0.006743,1,0,1
/root/private_data/lowlight-object-detection/datasets_yolo/ExDark_YOLO/images/train/2015_03526.jpg,1,0.127495,1,0,1
/root/private_data/lowlight-object-detection/datasets_yolo/ExDark_YOLO/images/train/2015_03527.jpg,1,0.041906,1,0,1
/root/private_data/lowlight-object-detection/datasets_yolo/ExDark_YOLO/images/train/2015_03528.jpg,1,0.055908,1,0,1
/root/private_data/lowlight-object-detection/datasets_yolo/ExDark_YOLO/images/train/2015_03529.jpg,1,0.003758,1,0,1
/root/private_data/lowlight-object-detection/datasets_yolo/ExDark_YOLO/images/train/2015_03530.jpg,1,0.038900,1,0,1
/root/private_data/lowlight-object-detection/datasets_yolo/ExDark_YOLO/images/train/2015_03531.jpg,1,0.013606,1,0,1
/root/private_data/lowlight-object-detection/datasets_yolo/ExDark_YOLO/images/train/2015_03532.jpg,1,0.058260,1,0,1
/root/private_data/lowlight-object-detection/datasets_yolo/ExDark_YOLO/images/train/2015_03533.jpg,1,0.147787,1,0,1
/root/private_data/lowlight-object-detection/datasets_yolo/ExDark_YOLO/images/train/2015_03535.jpg,1,0.034389,1,0,1
/root/private_data/lowlight-object-detection/datasets_yolo/ExDark_YOLO/images/train/2015_03536.jpg,1,0.115555,3,0,1
/root/private_data/lowlight-object-detection/datasets_yolo/ExDark_YOLO/images/train/2015_03538.jpg,1,0.058060,1,0,1
/root/private_data/lowlight-object-detection/datasets_yolo/ExDark_YOLO/images/train/2015_03539.jpg,1,0.003015,1,0,1
/root/private_data/lowlight-object-detection/datasets_yolo/ExDark_YOLO/images/train/2015_03540.jpg,1,0.122341,1,0,1
/root/private_data/lowlight-object-detection/datasets_yolo/ExDark_YOLO/images/train/2015_03541.jpg,1,0.076058,1,0,1
/root/private_data/lowlight-object-detection/datasets_yolo/ExDark_YOLO/images/train/2015_03542.jpg,1,0.083086,1,0,1
/root/private_data/lowlight-object-detection/datasets_yolo/ExDark_YOLO/images/train/2015_03543.jpg,1,0.218711,1,0,1
/root/private_data/lowlight-object-detection/datasets_yolo/ExDark_YOLO/images/train/2015_03544.jpg,1,0.034250,1,0,1
/root/private_data/lowlight-object-detection/datasets_yolo/ExDark_YOLO/images/train/2015_03545.jpg,1,0.098014,1,0,1
/root/private_data/lowlight-object-detection/datasets_yolo/ExDark_YOLO/images/train/2015_03546.jpg,1,0.037399,1,0,1
/root/private_data/lowlight-object-detection/datasets_yolo/ExDark_YOLO/images/train/2015_03549.jpg,1,0.032417,1,0,1
/root/private_data/lowlight-object-detection/datasets_yolo/ExDark_YOLO/images/train/2015_03550.jpg,1,0.051771,1,0,1
/root/private_data/lowlight-object-detection/datasets_yolo/ExDark_YOLO/images/train/2015_03552.jpg,1,0.071647,3,0,1
/root/private_data/lowlight-object-detection/datasets_yolo/ExDark_YOLO/images/train/2015_03553.jpg,1,0.069108,1,0,1
/root/private_data/lowlight-object-detection/datasets_yolo/ExDark_YOLO/images/train/2015_03554.jpg,1,0.058669,1,0,1
/root/private_data/lowlight-object-detection/datasets_yolo/ExDark_YOLO/images/train/2015_03555.jpg,1,0.431265,1,0,0
/root/private_data/lowlight-object-detection/datasets_yolo/ExDark_YOLO/images/train/2015_03557.jpg,1,0.092213,1,0,1
/root/private_data/lowlight-object-detection/datasets_yolo/ExDark_YOLO/images/train/2015_03558.jpg,1,0.098000,1,0,1
/root/private_data/lowlight-object-detection/datasets_yolo/ExDark_YOLO/images/train/2015_03559.jpg,1,0.084547,1,0,1
/root/private_data/lowlight-object-detection/datasets_yolo/ExDark_YOLO/images/train/2015_03560.jpg,3,0.144094,12,1,1
/root/private_data/lowlight-object-detection/datasets_yolo/ExDark_YOLO/images/train/2015_03561.jpg,1,0.066881,1,0,1
/root/private_data/lowlight-object-detection/datasets_yolo/ExDark_YOLO/images/train/2015_03562.jpg,1,0.165651,1,0,1
/root/private_data/lowlight-object-detection/datasets_yolo/ExDark_YOLO/images/train/2015_03564.jpg,1,0.198680,1,0,1
/root/private_data/lowlight-object-detection/datasets_yolo/ExDark_YOLO/images/train/2015_03565.jpg,1,0.088097,1,0,1
/root/private_data/lowlight-object-detection/datasets_yolo/ExDark_YOLO/images/train/2015_03566.jpg,1,0.313521,1,0,0
/root/private_data/lowlight-object-detection/datasets_yolo/ExDark_YOLO/images/train/2015_03567.jpg,1,0.014339,1,0,1
/root/private_data/lowlight-object-detection/datasets_yolo/ExDark_YOLO/images/train/2015_03568.jpg,1,0.178552,1,0,1
/root/private_data/lowlight-object-detection/datasets_yolo/ExDark_YOLO/images/train/2015_03569.jpg,1,0.115539,1,0,1
/root/private_data/lowlight-object-detection/datasets_yolo/ExDark_YOLO/images/train/2015_03570.jpg,1,0.039895,1,0,1
/root/private_data/lowlight-object-detection/datasets_yolo/ExDark_YOLO/images/train/2015_03571.jpg,1,0.048074,1,0,1
/root/private_data/lowlight-object-detection/datasets_yolo/ExDark_YOLO/images/train/2015_03572.jpg,1,0.024948,1,0,1
/root/private_data/lowlight-object-detection/datasets_yolo/ExDark_YOLO/images/train/2015_03573.jpg,1,0.006276,1,0,1
/root/private_data/lowlight-object-detection/datasets_yolo/ExDark_YOLO/images/train/2015_03574.jpg,1,0.079142,1,0,1
/root/private_data/lowlight-object-detection/datasets_yolo/ExDark_YOLO/images/train/2015_03575.jpg,1,0.266676,4,0,1
/root/private_data/lowlight-object-detection/datasets_yolo/ExDark_YOLO/images/train/2015_03576.jpg,1,0.079806,1,0,1
/root/private_data/lowlight-object-detection/datasets_yolo/ExDark_YOLO/images/train/2015_03577.jpg,1,0.058527,1,0,1
/root/private_data/lowlight-object-detection/datasets_yolo/ExDark_YOLO/images/train/2015_03578.jpg,1,0.082052,1,0,1
/root/private_data/lowlight-object-detection/datasets_yolo/ExDark_YOLO/images/train/2015_03579.jpg,1,0.114233,1,0,1
/root/private_data/lowlight-object-detection/datasets_yolo/ExDark_YOLO/images/train/2015_03580.jpg,1,0.087041,1,0,1
/root/private_data/lowlight-object-detection/datasets_yolo/ExDark_YOLO/images/train/2015_03581.jpg,1,0.321334,1,0,0
/root/private_data/lowlight-object-detection/datasets_yolo/ExDark_YOLO/images/train/2015_03582.jpg,1,0.079429,1,0,1
/root/private_data/lowlight-object-detection/datasets_yolo/ExDark_YOLO/images/train/2015_03583.jpg,1,0.124231,1,0,1
/root/private_data/lowlight-object-detection/datasets_yolo/ExDark_YOLO/images/train/2015_03584.png,1,0.340048,1,0,0
/root/private_data/lowlight-object-detection/datasets_yolo/ExDark_YOLO/images/train/2015_03585.jpg,1,0.111024,1,0,1
/root/private_data/lowlight-object-detection/datasets_yolo/ExDark_YOLO/images/train/2015_03586.jpg,1,0.144832,1,0,1
/root/private_data/lowlight-object-detection/datasets_yolo/ExDark_YOLO/images/train/2015_03587.jpg,1,0.171904,1,0,1
/root/private_data/lowlight-object-detection/datasets_yolo/ExDark_YOLO/images/train/2015_03588.jpg,1,0.112450,1,0,1
/root/private_data/lowlight-object-detection/datasets_yolo/ExDark_YOLO/images/train/2015_03589.jpg,1,0.110116,2,0,1
/root/private_data/lowlight-object-detection/datasets_yolo/ExDark_YOLO/images/train/2015_03590.jpg,1,0.087669,1,0,1
/root/private_data/lowlight-object-detection/datasets_yolo/ExDark_YOLO/images/train/2015_03591.jpg,1,0.068540,2,0,1
/root/private_data/lowlight-object-detection/datasets_yolo/ExDark_YOLO/images/train/2015_03592.jpg,1,0.146167,1,0,1
/root/private_data/lowlight-object-detection/datasets_yolo/ExDark_YOLO/images/train/2015_03593.jpg,1,0.071761,1,0,1
/root/private_data/lowlight-object-detection/datasets_yolo/ExDark_YOLO/images/train/2015_03594.png,1,0.047247,1,0,1
/root/private_data/lowlight-object-detection/datasets_yolo/ExDark_YOLO/images/train/2015_03595.jpg,1,0.134455,3,0,1
/root/private_data/lowlight-object-detection/datasets_yolo/ExDark_YOLO/images/train/2015_03596.png,1,0.288258,2,0,1
/root/private_data/lowlight-object-detection/datasets_yolo/ExDark_YOLO/images/train/2015_03597.jpg,1,0.043323,1,0,1
/root/private_data/lowlight-object-detection/datasets_yolo/ExDark_YOLO/images/train/2015_03598.jpg,1,0.097831,1,0,1
/root/private_data/lowlight-object-detection/datasets_yolo/ExDark_YOLO/images/train/2015_03600.jpg,1,0.043960,1,0,1
/root/private_data/lowlight-object-detection/datasets_yolo/ExDark_YOLO/images/train/2015_03601.jpg,1,0.023813,1,0,1
/root/private_data/lowlight-object-detection/datasets_yolo/ExDark_YOLO/images/train/2015_03602.jpg,2,0.197406,4,1,1
/root/private_data/lowlight-object-detection/datasets_yolo/ExDark_YOLO/images/train/2015_03603.jpg,1,0.183254,1,0,1
/root/private_data/lowlight-object-detection/datasets_yolo/ExDark_YOLO/images/train/2015_03605.jpg,1,0.069482,1,0,1
/root/private_data/lowlight-object-detection/datasets_yolo/ExDark_YOLO/images/train/2015_03606.jpg,1,0.063984,1,0,1
/root/private_data/lowlight-object-detection/datasets_yolo/ExDark_YOLO/images/train/2015_03607.jpg,1,0.127194,1,0,1
/root/private_data/lowlight-object-detection/datasets_yolo/ExDark_YOLO/images/train/2015_03608.jpg,1,0.036358,2,0,1
/root/private_data/lowlight-object-detection/datasets_yolo/ExDark_YOLO/images/train/2015_03609.jpg,1,0.078341,1,0,1
/root/private_data/lowlight-object-detection/datasets_yolo/ExDark_YOLO/images/train/2015_03610.jpg,1,0.127580,1,0,1
/root/private_data/lowlight-object-detection/datasets_yolo/ExDark_YOLO/images/train/2015_03611.jpg,1,0.141264,1,0,1
/root/private_data/lowlight-object-detection/datasets_yolo/ExDark_YOLO/images/train/2015_03612.jpg,1,0.018788,1,0,1
/root/private_data/lowlight-object-detection/datasets_yolo/ExDark_YOLO/images/train/2015_03613.jpg,1,0.158877,1,0,1
/root/private_data/lowlight-object-detection/datasets_yolo/ExDark_YOLO/images/train/2015_03614.jpg,1,0.135127,1,0,1
/root/private_data/lowlight-object-detection/datasets_yolo/ExDark_YOLO/images/train/2015_03615.jpg,1,0.036894,2,0,1
/root/private_data/lowlight-object-detection/datasets_yolo/ExDark_YOLO/images/train/2015_03616.jpg,1,0.011147,1,0,1
/root/private_data/lowlight-object-detection/datasets_yolo/ExDark_YOLO/images/train/2015_03617.jpg,1,0.046380,1,0,1
/root/private_data/lowlight-object-detection/datasets_yolo/ExDark_YOLO/images/train/2015_03618.jpg,1,0.027668,1,0,1
/root/private_data/lowlight-object-detection/datasets_yolo/ExDark_YOLO/images/train/2015_03619.JPEG,1,0.265366,2,0,1
/root/private_data/lowlight-object-detection/datasets_yolo/ExDark_YOLO/images/train/2015_03620.JPEG,1,0.119625,2,0,1
/root/private_data/lowlight-object-detection/datasets_yolo/ExDark_YOLO/images/train/2015_03621.JPEG,1,0.121435,1,0,1
/root/private_data/lowlight-object-detection/datasets_yolo/ExDark_YOLO/images/train/2015_03622.jpg,1,0.115483,1,0,1
/root/private_data/lowlight-object-detection/datasets_yolo/ExDark_YOLO/images/train/2015_03624.JPEG,1,0.077844,1,0,1
/root/private_data/lowlight-object-detection/datasets_yolo/ExDark_YOLO/images/train/2015_03625.jpg,1,0.081527,1,0,1
/root/private_data/lowlight-object-detection/datasets_yolo/ExDark_YOLO/images/train/2015_03627.jpg,1,0.129884,1,0,1
/root/private_data/lowlight-object-detection/datasets_yolo/ExDark_YOLO/images/train/2015_03628.jpg,1,0.042228,1,0,1
/root/private_data/lowlight-object-detection/datasets_yolo/ExDark_YOLO/images/train/2015_03629.jpg,1,0.028659,1,0,1
/root/private_data/lowlight-object-detection/datasets_yolo/ExDark_YOLO/images/train/2015_03630.jpg,1,0.086736,1,0,1
/root/private_data/lowlight-object-detection/datasets_yolo/ExDark_YOLO/images/train/2015_03631.jpg,1,0.179598,1,0,1
/root/private_data/lowlight-object-detection/datasets_yolo/ExDark_YOLO/images/train/2015_03632.jpg,1,0.037274,1,0,1
/root/private_data/lowlight-object-detection/datasets_yolo/ExDark_YOLO/images/train/2015_03633.jpg,1,0.095110,1,0,1
/root/private_data/lowlight-object-detection/datasets_yolo/ExDark_YOLO/images/train/2015_03635.jpg,1,0.027570,1,0,1
/root/private_data/lowlight-object-detection/datasets_yolo/ExDark_YOLO/images/train/2015_03636.jpg,1,0.032742,1,0,1
/root/private_data/lowlight-object-detection/datasets_yolo/ExDark_YOLO/images/train/2015_03637.jpg,1,0.261982,1,0,1
/root/private_data/lowlight-object-detection/datasets_yolo/ExDark_YOLO/images/train/2015_03638.jpg,3,0.170550,4,1,1
/root/private_data/lowlight-object-detection/datasets_yolo/ExDark_YOLO/images/train/2015_03639.jpg,1,0.041715,1,0,1
/root/private_data/lowlight-object-detection/datasets_yolo/ExDark_YOLO/images/train/2015_03640.jpg,1,0.072557,1,0,1
/root/private_data/lowlight-object-detection/datasets_yolo/ExDark_YOLO/images/train/2015_03641.jpg,1,0.140328,1,0,1
/root/private_data/lowlight-object-detection/datasets_yolo/ExDark_YOLO/images/train/2015_03642.jpg,1,0.024458,1,0,1
/root/private_data/lowlight-object-detection/datasets_yolo/ExDark_YOLO/images/train/2015_03644.png,1,0.081258,2,0,1
/root/private_data/lowlight-object-detection/datasets_yolo/ExDark_YOLO/images/train/2015_03645.jpg,1,0.052704,1,0,1
/root/private_data/lowlight-object-detection/datasets_yolo/ExDark_YOLO/images/train/2015_03646.jpg,1,0.080859,1,0,1
/root/private_data/lowlight-object-detection/datasets_yolo/ExDark_YOLO/images/train/2015_03647.jpg,1,0.050486,1,0,1
/root/private_data/lowlight-object-detection/datasets_yolo/ExDark_YOLO/images/train/2015_03648.jpg,1,0.095989,1,0,1
/root/private_data/lowlight-object-detection/datasets_yolo/ExDark_YOLO/images/train/2015_03650.jpg,1,0.166980,1,0,1
/root/private_data/lowlight-object-detection/datasets_yolo/ExDark_YOLO/images/train/2015_03651.jpg,1,0.024556,1,0,1
/root/private_data/lowlight-object-detection/datasets_yolo/ExDark_YOLO/images/train/2015_03653.jpg,1,0.286209,1,0,1
/root/private_data/lowlight-object-detection/datasets_yolo/ExDark_YOLO/images/train/2015_03654.jpg,1,0.132142,1,0,1
/root/private_data/lowlight-object-detection/datasets_yolo/ExDark_YOLO/images/train/2015_03656.png,1,0.073437,2,0,1
/root/private_data/lowlight-object-detection/datasets_yolo/ExDark_YOLO/images/train/2015_03657.jpg,1,0.039939,1,0,1
/root/private_data/lowlight-object-detection/datasets_yolo/ExDark_YOLO/images/train/2015_03658.jpg,1,0.020738,1,0,1
/root/private_data/lowlight-object-detection/datasets_yolo/ExDark_YOLO/images/train/2015_03659.jpg,1,0.093895,3,0,1
/root/private_data/lowlight-object-detection/datasets_yolo/ExDark_YOLO/images/train/2015_03661.jpg,1,0.060482,1,0,1
/root/private_data/lowlight-object-detection/datasets_yolo/ExDark_YOLO/images/train/2015_03663.jpg,1,0.146345,1,0,1
/root/private_data/lowlight-object-detection/datasets_yolo/ExDark_YOLO/images/train/2015_03664.jpg,1,0.038593,1,0,1
/root/private_data/lowlight-object-detection/datasets_yolo/ExDark_YOLO/images/train/2015_03666.jpg,1,0.032462,1,0,1
/root/private_data/lowlight-object-detection/datasets_yolo/ExDark_YOLO/images/train/2015_03667.jpg,1,0.056198,1,0,1
/root/private_data/lowlight-object-detection/datasets_yolo/ExDark_YOLO/images/train/2015_03668.jpg,1,0.033624,1,0,1
/root/private_data/lowlight-object-detection/datasets_yolo/ExDark_YOLO/images/train/2015_03670.jpg,1,0.302330,2,0,0
/root/private_data/lowlight-object-detection/datasets_yolo/ExDark_YOLO/images/train/2015_03671.jpg,1,0.040872,1,0,1
/root/private_data/lowlight-object-detection/datasets_yolo/ExDark_YOLO/images/train/2015_03672.jpg,1,0.169942,1,0,1
/root/private_data/lowlight-object-detection/datasets_yolo/ExDark_YOLO/images/train/2015_03673.jpg,1,0.107004,1,0,1
/root/private_data/lowlight-object-detection/datasets_yolo/ExDark_YOLO/images/train/2015_03674.jpg,1,0.040197,1,0,1
/root/private_data/lowlight-object-detection/datasets_yolo/ExDark_YOLO/images/train/2015_03675.jpg,1,0.056090,1,0,1
/root/private_data/lowlight-object-detection/datasets_yolo/ExDark_YOLO/images/train/2015_03676.jpg,1,0.104452,1,0,1
/root/private_data/lowlight-object-detection/datasets_yolo/ExDark_YOLO/images/train/2015_03677.jpg,1,0.023946,1,0,1
/root/private_data/lowlight-object-detection/datasets_yolo/ExDark_YOLO/images/train/2015_03678.jpg,1,0.047002,1,0,1
/root/private_data/lowlight-object-detection/datasets_yolo/ExDark_YOLO/images/train/2015_03679.jpg,1,0.385711,1,0,0
/root/private_data/lowlight-object-detection/datasets_yolo/ExDark_YOLO/images/train/2015_03680.jpg,1,0.160201,1,0,1
/root/private_data/lowlight-object-detection/datasets_yolo/ExDark_YOLO/images/train/2015_03681.jpg,1,0.149713,1,0,1
/root/private_data/lowlight-object-detection/datasets_yolo/ExDark_YOLO/images/train/2015_03682.jpg,1,0.154442,1,0,1
/root/private_data/lowlight-object-detection/datasets_yolo/ExDark_YOLO/images/train/2015_03683.jpg,1,0.050069,1,0,1
/root/private_data/lowlight-object-detection/datasets_yolo/ExDark_YOLO/images/train/2015_03684.jpg,1,0.093011,1,0,1
/root/private_data/lowlight-object-detection/datasets_yolo/ExDark_YOLO/images/train/2015_03685.jpg,1,0.077151,1,0,1
/root/private_data/lowlight-object-detection/datasets_yolo/ExDark_YOLO/images/train/2015_03686.jpg,1,0.076871,1,0,1
/root/private_data/lowlight-object-detection/datasets_yolo/ExDark_YOLO/images/train/2015_03687.jpg,1,0.007623,1,0,1
/root/private_data/lowlight-object-detection/datasets_yolo/ExDark_YOLO/images/train/2015_03688.jpg,1,0.126795,1,0,1
/root/private_data/lowlight-object-detection/datasets_yolo/ExDark_YOLO/images/train/2015_03689.jpg,1,0.066872,1,0,1
/root/private_data/lowlight-object-detection/datasets_yolo/ExDark_YOLO/images/train/2015_03690.jpg,1,0.098397,1,0,1
/root/private_data/lowlight-object-detection/datasets_yolo/ExDark_YOLO/images/train/2015_03691.jpg,1,0.118854,1,0,1
/root/private_data/lowlight-object-detection/datasets_yolo/ExDark_YOLO/images/train/2015_03692.jpg,1,0.108798,1,0,1
/root/private_data/lowlight-object-detection/datasets_yolo/ExDark_YOLO/images/train/2015_03693.jpg,1,0.403949,1,0,0
/root/private_data/lowlight-object-detection/datasets_yolo/ExDark_YOLO/images/train/2015_03694.jpg,1,0.184593,1,0,1
/root/private_data/lowlight-object-detection/datasets_yolo/ExDark_YOLO/images/train/2015_03695.jpg,1,0.045692,1,0,1
/root/private_data/lowlight-object-detection/datasets_yolo/ExDark_YOLO/images/train/2015_03697.jpg,1,0.062710,1,0,1
/root/private_data/lowlight-object-detection/datasets_yolo/ExDark_YOLO/images/train/2015_03698.jpg,1,0.040036,1,0,1
/root/private_data/lowlight-object-detection/datasets_yolo/ExDark_YOLO/images/train/2015_03700.jpg,1,0.104646,2,0,1
/root/private_data/lowlight-object-detection/datasets_yolo/ExDark_YOLO/images/train/2015_03701.jpg,1,0.122635,1,0,1
/root/private_data/lowlight-object-detection/datasets_yolo/ExDark_YOLO/images/train/2015_03702.jpg,1,0.167844,1,0,1
/root/private_data/lowlight-object-detection/datasets_yolo/ExDark_YOLO/images/train/2015_03703.jpg,1,0.095059,1,0,1
/root/private_data/lowlight-object-detection/datasets_yolo/ExDark_YOLO/images/train/2015_03705.jpg,1,0.047484,1,0,1
/root/private_data/lowlight-object-detection/datasets_yolo/ExDark_YOLO/images/train/2015_03707.jpg,1,0.181670,1,0,1
/root/private_data/lowlight-object-detection/datasets_yolo/ExDark_YOLO/images/train/2015_03710.jpg,1,0.090403,1,0,1
/root/private_data/lowlight-object-detection/datasets_yolo/ExDark_YOLO/images/train/2015_03711.jpg,1,0.079830,1,0,1
/root/private_data/lowlight-object-detection/datasets_yolo/ExDark_YOLO/images/train/2015_03713.jpg,1,0.095710,1,0,1
/root/private_data/lowlight-object-detection/datasets_yolo/ExDark_YOLO/images/train/2015_03714.jpg,1,0.103030,1,0,1
/root/private_data/lowlight-object-detection/datasets_yolo/ExDark_YOLO/images/train/2015_03715.jpg,1,0.061795,1,0,1
/root/private_data/lowlight-object-detection/datasets_yolo/ExDark_YOLO/images/train/2015_03716.jpg,1,0.096948,1,0,1
/root/private_data/lowlight-object-detection/datasets_yolo/ExDark_YOLO/images/train/2015_03718.png,1,0.084125,1,0,1
/root/private_data/lowlight-object-detection/datasets_yolo/ExDark_YOLO/images/train/2015_03719.jpg,1,0.326128,1,0,0
/root/private_data/lowlight-object-detection/datasets_yolo/ExDark_YOLO/images/train/2015_03720.jpg,1,0.073533,1,0,1
/root/private_data/lowlight-object-detection/datasets_yolo/ExDark_YOLO/images/train/2015_03721.jpg,1,0.179219,1,0,1
/root/private_data/lowlight-object-detection/datasets_yolo/ExDark_YOLO/images/train/2015_03722.jpg,1,0.130398,1,0,1
/root/private_data/lowlight-object-detection/datasets_yolo/ExDark_YOLO/images/train/2015_03723.jpg,1,0.128580,1,0,1
/root/private_data/lowlight-object-detection/datasets_yolo/ExDark_YOLO/images/train/2015_03724.jpg,1,0.095012,1,0,1
/root/private_data/lowlight-object-detection/datasets_yolo/ExDark_YOLO/images/train/2015_03725.jpg,1,0.072837,1,0,1
/root/private_data/lowlight-object-detection/datasets_yolo/ExDark_YOLO/images/train/2015_03726.jpg,1,0.139040,1,0,1
/root/private_data/lowlight-object-detection/datasets_yolo/ExDark_YOLO/images/train/2015_03727.jpg,1,0.056568,1,0,1
/root/private_data/lowlight-object-detection/datasets_yolo/ExDark_YOLO/images/train/2015_03729.jpg,1,0.104252,1,0,1
/root/private_data/lowlight-object-detection/datasets_yolo/ExDark_YOLO/images/train/2015_03730.jpg,1,0.119986,1,0,1
/root/private_data/lowlight-object-detection/datasets_yolo/ExDark_YOLO/images/train/2015_03734.png,1,0.048810,2,0,1
/root/private_data/lowlight-object-detection/datasets_yolo/ExDark_YOLO/images/train/2015_03736.png,1,0.057066,1,0,1
/root/private_data/lowlight-object-detection/datasets_yolo/ExDark_YOLO/images/train/2015_03737.png,1,0.093029,5,0,1
/root/private_data/lowlight-object-detection/datasets_yolo/ExDark_YOLO/images/train/2015_03738.png,1,0.045761,1,0,1
/root/private_data/lowlight-object-detection/datasets_yolo/ExDark_YOLO/images/train/2015_03739.png,1,0.087324,9,0,1
/root/private_data/lowlight-object-detection/datasets_yolo/ExDark_YOLO/images/train/2015_03740.png,1,0.078419,7,0,1
/root/private_data/lowlight-object-detection/datasets_yolo/ExDark_YOLO/images/train/2015_03741.png,1,0.032920,2,0,1
/root/private_data/lowlight-object-detection/datasets_yolo/ExDark_YOLO/images/train/2015_03742.png,1,0.072837,1,0,1
/root/private_data/lowlight-object-detection/datasets_yolo/ExDark_YOLO/images/train/2015_03743.png,1,0.056308,1,0,1
/root/private_data/lowlight-object-detection/datasets_yolo/ExDark_YOLO/images/train/2015_03744.png,1,0.126510,1,0,1
/root/private_data/lowlight-object-detection/datasets_yolo/ExDark_YOLO/images/train/2015_03745.png,2,0.054529,4,1,1
/root/private_data/lowlight-object-detection/datasets_yolo/ExDark_YOLO/images/train/2015_03747.png,3,0.065166,9,1,1
/root/private_data/lowlight-object-detection/datasets_yolo/ExDark_YOLO/images/train/2015_03748.png,3,0.069503,7,1,1
/root/private_data/lowlight-object-detection/datasets_yolo/ExDark_YOLO/images/train/2015_03749.png,1,0.030859,1,0,1
/root/private_data/lowlight-object-detection/datasets_yolo/ExDark_YOLO/images/train/2015_03750.png,1,0.055116,1,0,1
/root/private_data/lowlight-object-detection/datasets_yolo/ExDark_YOLO/images/train/2015_03751.png,1,0.064096,1,0,1
/root/private_data/lowlight-object-detection/datasets_yolo/ExDark_YOLO/images/train/2015_03752.png,1,0.127576,4,0,1
/root/private_data/lowlight-object-detection/datasets_yolo/ExDark_YOLO/images/train/2015_03753.png,1,0.196817,2,0,1
/root/private_data/lowlight-object-detection/datasets_yolo/ExDark_YOLO/images/train/2015_03755.png,2,0.087828,1,1,1
/root/private_data/lowlight-object-detection/datasets_yolo/ExDark_YOLO/images/train/2015_03757.png,1,0.212087,1,0,1
/root/private_data/lowlight-object-detection/datasets_yolo/ExDark_YOLO/images/train/2015_03758.jpg,1,0.039655,1,0,1
/root/private_data/lowlight-object-detection/datasets_yolo/ExDark_YOLO/images/train/2015_03759.jpg,1,0.036927,1,0,1
/root/private_data/lowlight-object-detection/datasets_yolo/ExDark_YOLO/images/train/2015_03760.jpg,1,0.045841,1,0,1
/root/private_data/lowlight-object-detection/datasets_yolo/ExDark_YOLO/images/train/2015_03761.jpg,1,0.006299,1,0,1
/root/private_data/lowlight-object-detection/datasets_yolo/ExDark_YOLO/images/train/2015_03762.jpg,1,0.079958,1,0,1
/root/private_data/lowlight-object-detection/datasets_yolo/ExDark_YOLO/images/train/2015_03763.jpg,1,0.088252,1,0,1
/root/private_data/lowlight-object-detection/datasets_yolo/ExDark_YOLO/images/train/2015_03764.jpg,1,0.053493,1,0,1
/root/private_data/lowlight-object-detection/datasets_yolo/ExDark_YOLO/images/train/2015_03765.jpg,1,0.047341,1,0,1
/root/private_data/lowlight-object-detection/datasets_yolo/ExDark_YOLO/images/train/2015_03767.jpg,1,0.172356,1,0,1
/root/private_data/lowlight-object-detection/datasets_yolo/ExDark_YOLO/images/train/2015_03768.jpg,1,0.087487,1,0,1
/root/private_data/lowlight-object-detection/datasets_yolo/ExDark_YOLO/images/train/2015_03769.jpg,1,0.099339,1,0,1
/root/private_data/lowlight-object-detection/datasets_yolo/ExDark_YOLO/images/train/2015_03772.jpg,1,0.106600,3,0,1
/root/private_data/lowlight-object-detection/datasets_yolo/ExDark_YOLO/images/train/2015_03773.jpg,1,0.105265,1,0,1
/root/private_data/lowlight-object-detection/datasets_yolo/ExDark_YOLO/images/train/2015_03774.jpg,1,0.059318,1,0,1
/root/private_data/lowlight-object-detection/datasets_yolo/ExDark_YOLO/images/train/2015_03775.jpg,1,0.087631,1,0,1
/root/private_data/lowlight-object-detection/datasets_yolo/ExDark_YOLO/images/train/2015_03776.jpg,1,0.027166,1,0,1
/root/private_data/lowlight-object-detection/datasets_yolo/ExDark_YOLO/images/train/2015_03779.jpg,2,0.193440,14,1,1
/root/private_data/lowlight-object-detection/datasets_yolo/ExDark_YOLO/images/train/2015_03780.jpg,1,0.254542,2,0,1
/root/private_data/lowlight-object-detection/datasets_yolo/ExDark_YOLO/images/train/2015_03781.jpg,1,0.204282,10,0,1
/root/private_data/lowlight-object-detection/datasets_yolo/ExDark_YOLO/images/train/2015_03782.jpg,1,0.228517,1,0,1
/root/private_data/lowlight-object-detection/datasets_yolo/ExDark_YOLO/images/train/2015_03783.jpg,1,0.337379,3,0,0
/root/private_data/lowlight-object-detection/datasets_yolo/ExDark_YOLO/images/train/2015_03784.jpg,1,0.378135,3,0,0
/root/private_data/lowlight-object-detection/datasets_yolo/ExDark_YOLO/images/train/2015_03785.png,1,0.282970,3,0,1
/root/private_data/lowlight-object-detection/datasets_yolo/ExDark_YOLO/images/train/2015_03786.jpg,2,0.227715,7,1,1
/root/private_data/lowlight-object-detection/datasets_yolo/ExDark_YOLO/images/train/2015_03788.jpg,1,0.336583,6,0,0
/root/private_data/lowlight-object-detection/datasets_yolo/ExDark_YOLO/images/train/2015_03789.jpg,1,0.252946,1,0,1
/root/private_data/lowlight-object-detection/datasets_yolo/ExDark_YOLO/images/train/2015_03790.jpg,1,0.271792,3,0,1
/root/private_data/lowlight-object-detection/datasets_yolo/ExDark_YOLO/images/train/2015_03791.jpg,3,0.179753,10,1,1
/root/private_data/lowlight-object-detection/datasets_yolo/ExDark_YOLO/images/train/2015_03792.jpg,1,0.241049,2,0,1
/root/private_data/lowlight-object-detection/datasets_yolo/ExDark_YOLO/images/train/2015_03793.jpg,3,0.111908,4,1,1
/root/private_data/lowlight-object-detection/datasets_yolo/ExDark_YOLO/images/train/2015_03794.jpg,1,0.265970,2,0,1
/root/private_data/lowlight-object-detection/datasets_yolo/ExDark_YOLO/images/train/2015_03795.jpg,1,0.124687,2,0,1
/root/private_data/lowlight-object-detection/datasets_yolo/ExDark_YOLO/images/train/2015_03797.jpg,1,0.283373,4,0,1
/root/private_data/lowlight-object-detection/datasets_yolo/ExDark_YOLO/images/train/2015_03798.jpg,2,0.262690,5,1,1
/root/private_data/lowlight-object-detection/datasets_yolo/ExDark_YOLO/images/train/2015_03799.jpg,1,0.197625,4,0,1
/root/private_data/lowlight-object-detection/datasets_yolo/ExDark_YOLO/images/train/2015_03800.jpg,1,0.255196,2,0,1
/root/private_data/lowlight-object-detection/datasets_yolo/ExDark_YOLO/images/train/2015_03802.jpg,1,0.287131,1,0,1
/root/private_data/lowlight-object-detection/datasets_yolo/ExDark_YOLO/images/train/2015_03803.jpg,1,0.076781,1,0,1
/root/private_data/lowlight-object-detection/datasets_yolo/ExDark_YOLO/images/train/2015_03804.jpg,1,0.100957,1,0,1
/root/private_data/lowlight-object-detection/datasets_yolo/ExDark_YOLO/images/train/2015_03805.jpg,1,0.040842,3,0,1
/root/private_data/lowlight-object-detection/datasets_yolo/ExDark_YOLO/images/train/2015_03806.jpg,1,0.124831,1,0,1
/root/private_data/lowlight-object-detection/datasets_yolo/ExDark_YOLO/images/train/2015_03807.jpg,1,0.111780,1,0,1
/root/private_data/lowlight-object-detection/datasets_yolo/ExDark_YOLO/images/train/2015_03808.jpg,1,0.210269,2,0,1
/root/private_data/lowlight-object-detection/datasets_yolo/ExDark_YOLO/images/train/2015_03810.jpg,1,0.170028,1,0,1
/root/private_data/lowlight-object-detection/datasets_yolo/ExDark_YOLO/images/train/2015_03811.jpg,1,0.249483,2,0,1
/root/private_data/lowlight-object-detection/datasets_yolo/ExDark_YOLO/images/train/2015_03813.jpg,1,0.042088,2,0,1
/root/private_data/lowlight-object-detection/datasets_yolo/ExDark_YOLO/images/train/2015_03815.jpg,1,0.096897,2,0,1
/root/private_data/lowlight-object-detection/datasets_yolo/ExDark_YOLO/images/train/2015_03816.jpg,1,0.066874,1,0,1
/root/private_data/lowlight-object-detection/datasets_yolo/ExDark_YOLO/images/train/2015_03817.jpg,1,0.146462,2,0,1
/root/private_data/lowlight-object-detection/datasets_yolo/ExDark_YOLO/images/train/2015_03818.jpg,1,0.220491,4,0,1
/root/private_data/lowlight-object-detection/datasets_yolo/ExDark_YOLO/images/train/2015_03820.jpg,3,0.150514,5,1,1
/root/private_data/lowlight-object-detection/datasets_yolo/ExDark_YOLO/images/train/2015_03821.jpg,1,0.086960,1,0,1
/root/private_data/lowlight-object-detection/datasets_yolo/ExDark_YOLO/images/train/2015_03822.jpg,1,0.191947,3,0,1
/root/private_data/lowlight-object-detection/datasets_yolo/ExDark_YOLO/images/train/2015_03823.jpg,1,0.300852,1,0,0
/root/private_data/lowlight-object-detection/datasets_yolo/ExDark_YOLO/images/train/2015_03824.jpg,1,0.155748,1,0,1
/root/private_data/lowlight-object-detection/datasets_yolo/ExDark_YOLO/images/train/2015_03825.jpg,2,0.239447,3,1,1
/root/private_data/lowlight-object-detection/datasets_yolo/ExDark_YOLO/images/train/2015_03827.jpg,1,0.142680,2,0,1
/root/private_data/lowlight-object-detection/datasets_yolo/ExDark_YOLO/images/train/2015_03829.jpg,1,0.127401,1,0,1
/root/private_data/lowlight-object-detection/datasets_yolo/ExDark_YOLO/images/train/2015_03830.jpg,1,0.159230,1,0,1
/root/private_data/lowlight-object-detection/datasets_yolo/ExDark_YOLO/images/train/2015_03831.jpg,1,0.303521,2,0,0
/root/private_data/lowlight-object-detection/datasets_yolo/ExDark_YOLO/images/train/2015_03832.jpg,1,0.188088,3,0,1
/root/private_data/lowlight-object-detection/datasets_yolo/ExDark_YOLO/images/train/2015_03833.jpg,1,0.126576,1,0,1
/root/private_data/lowlight-object-detection/datasets_yolo/ExDark_YOLO/images/train/2015_03834.jpg,1,0.116590,2,0,1
/root/private_data/lowlight-object-detection/datasets_yolo/ExDark_YOLO/images/train/2015_03835.jpg,1,0.235359,2,0,1
/root/private_data/lowlight-object-detection/datasets_yolo/ExDark_YOLO/images/train/2015_03836.jpg,1,0.081068,1,0,1
/root/private_data/lowlight-object-detection/datasets_yolo/ExDark_YOLO/images/train/2015_03838.jpg,1,0.224040,5,0,1
/root/private_data/lowlight-object-detection/datasets_yolo/ExDark_YOLO/images/train/2015_03839.jpg,1,0.114610,2,0,1
/root/private_data/lowlight-object-detection/datasets_yolo/ExDark_YOLO/images/train/2015_03840.jpg,2,0.055739,5,1,1
/root/private_data/lowlight-object-detection/datasets_yolo/ExDark_YOLO/images/train/2015_03841.jpg,1,0.064585,2,0,1
/root/private_data/lowlight-object-detection/datasets_yolo/ExDark_YOLO/images/train/2015_03843.jpg,2,0.174734,2,1,1
/root/private_data/lowlight-object-detection/datasets_yolo/ExDark_YOLO/images/train/2015_03844.jpg,1,0.102608,1,0,1
/root/private_data/lowlight-object-detection/datasets_yolo/ExDark_YOLO/images/train/2015_03845.jpg,1,0.111883,1,0,1
/root/private_data/lowlight-object-detection/datasets_yolo/ExDark_YOLO/images/train/2015_03846.jpg,1,0.049340,2,0,1
/root/private_data/lowlight-object-detection/datasets_yolo/ExDark_YOLO/images/train/2015_03848.jpg,1,0.154387,8,0,1
/root/private_data/lowlight-object-detection/datasets_yolo/ExDark_YOLO/images/train/2015_03849.jpg,2,0.044210,2,1,1
/root/private_data/lowlight-object-detection/datasets_yolo/ExDark_YOLO/images/train/2015_03850.jpg,1,0.170507,7,0,1
/root/private_data/lowlight-object-detection/datasets_yolo/ExDark_YOLO/images/train/2015_03851.jpg,1,0.043487,1,0,1
/root/private_data/lowlight-object-detection/datasets_yolo/ExDark_YOLO/images/train/2015_03852.jpg,1,0.128621,1,0,1
/root/private_data/lowlight-object-detection/datasets_yolo/ExDark_YOLO/images/train/2015_03853.jpg,1,0.212177,6,0,1
/root/private_data/lowlight-object-detection/datasets_yolo/ExDark_YOLO/images/train/2015_03854.jpg,1,0.041255,1,0,1
/root/private_data/lowlight-object-detection/datasets_yolo/ExDark_YOLO/images/train/2015_03855.jpg,1,0.052921,1,0,1
/root/private_data/lowlight-object-detection/datasets_yolo/ExDark_YOLO/images/train/2015_03856.jpg,1,0.276181,1,0,1
/root/private_data/lowlight-object-detection/datasets_yolo/ExDark_YOLO/images/train/2015_03859.jpg,1,0.094869,1,0,1
/root/private_data/lowlight-object-detection/datasets_yolo/ExDark_YOLO/images/train/2015_03861.jpg,1,0.219735,2,0,1
/root/private_data/lowlight-object-detection/datasets_yolo/ExDark_YOLO/images/train/2015_03862.jpg,1,0.138564,2,0,1
/root/private_data/lowlight-object-detection/datasets_yolo/ExDark_YOLO/images/train/2015_03863.jpg,1,0.096269,3,0,1
/root/private_data/lowlight-object-detection/datasets_yolo/ExDark_YOLO/images/train/2015_03864.jpg,1,0.069414,1,0,1
/root/private_data/lowlight-object-detection/datasets_yolo/ExDark_YOLO/images/train/2015_03865.jpg,1,0.108452,1,0,1
/root/private_data/lowlight-object-detection/datasets_yolo/ExDark_YOLO/images/train/2015_03866.jpg,1,0.089165,2,0,1
/root/private_data/lowlight-object-detection/datasets_yolo/ExDark_YOLO/images/train/2015_03867.JPG,1,0.330497,2,0,0
/root/private_data/lowlight-object-detection/datasets_yolo/ExDark_YOLO/images/train/2015_03868.JPG,2,0.240837,7,1,1
/root/private_data/lowlight-object-detection/datasets_yolo/ExDark_YOLO/images/train/2015_03869.jpg,3,0.081932,10,1,1
/root/private_data/lowlight-object-detection/datasets_yolo/ExDark_YOLO/images/train/2015_03870.jpg,1,0.070110,1,0,1
/root/private_data/lowlight-object-detection/datasets_yolo/ExDark_YOLO/images/train/2015_03871.jpg,1,0.122195,1,0,1
/root/private_data/lowlight-object-detection/datasets_yolo/ExDark_YOLO/images/train/2015_03872.jpg,2,0.118760,3,1,1
/root/private_data/lowlight-object-detection/datasets_yolo/ExDark_YOLO/images/train/2015_03873.jpg,1,0.146946,1,0,1
/root/private_data/lowlight-object-detection/datasets_yolo/ExDark_YOLO/images/train/2015_03874.jpg,1,0.173214,2,0,1
/root/private_data/lowlight-object-detection/datasets_yolo/ExDark_YOLO/images/train/2015_03875.jpg,1,0.123361,8,0,1
/root/private_data/lowlight-object-detection/datasets_yolo/ExDark_YOLO/images/train/2015_03876.jpg,1,0.217939,3,0,1
/root/private_data/lowlight-object-detection/datasets_yolo/ExDark_YOLO/images/train/2015_03877.jpg,1,0.119784,1,0,1
/root/private_data/lowlight-object-detection/datasets_yolo/ExDark_YOLO/images/train/2015_03878.jpg,1,0.208771,1,0,1
/root/private_data/lowlight-object-detection/datasets_yolo/ExDark_YOLO/images/train/2015_03879.jpg,1,0.159293,4,0,1
/root/private_data/lowlight-object-detection/datasets_yolo/ExDark_YOLO/images/train/2015_03882.jpg,1,0.206592,5,0,1
/root/private_data/lowlight-object-detection/datasets_yolo/ExDark_YOLO/images/train/2015_03884.jpg,2,0.181073,10,1,1
/root/private_data/lowlight-object-detection/datasets_yolo/ExDark_YOLO/images/train/2015_03885.jpg,1,0.127813,4,0,1
/root/private_data/lowlight-object-detection/datasets_yolo/ExDark_YOLO/images/train/2015_03886.jpg,1,0.179437,3,0,1
/root/private_data/lowlight-object-detection/datasets_yolo/ExDark_YOLO/images/train/2015_03887.jpg,1,0.316416,2,0,0
/root/private_data/lowlight-object-detection/datasets_yolo/ExDark_YOLO/images/train/2015_03889.jpg,1,0.395310,1,0,0
/root/private_data/lowlight-object-detection/datasets_yolo/ExDark_YOLO/images/train/2015_03891.jpg,1,0.160739,1,0,1
/root/private_data/lowlight-object-detection/datasets_yolo/ExDark_YOLO/images/train/2015_03892.jpg,1,0.180074,3,0,1
/root/private_data/lowlight-object-detection/datasets_yolo/ExDark_YOLO/images/train/2015_03893.jpg,1,0.316971,3,0,0
/root/private_data/lowlight-object-detection/datasets_yolo/ExDark_YOLO/images/train/2015_03894.jpg,1,0.231155,4,0,1
/root/private_data/lowlight-object-detection/datasets_yolo/ExDark_YOLO/images/train/2015_03895.jpg,1,0.196980,5,0,1
/root/private_data/lowlight-object-detection/datasets_yolo/ExDark_YOLO/images/train/2015_03896.jpg,1,0.340362,5,0,0
/root/private_data/lowlight-object-detection/datasets_yolo/ExDark_YOLO/images/train/2015_03897.jpg,1,0.223205,4,0,1
/root/private_data/lowlight-object-detection/datasets_yolo/ExDark_YOLO/images/train/2015_03898.jpg,1,0.203907,5,0,1
/root/private_data/lowlight-object-detection/datasets_yolo/ExDark_YOLO/images/train/2015_03899.jpg,1,0.073336,2,0,1
/root/private_data/lowlight-object-detection/datasets_yolo/ExDark_YOLO/images/train/2015_03900.jpg,2,0.142451,18,1,1
/root/private_data/lowlight-object-detection/datasets_yolo/ExDark_YOLO/images/train/2015_03901.jpg,1,0.273508,2,0,1
/root/private_data/lowlight-object-detection/datasets_yolo/ExDark_YOLO/images/train/2015_03902.jpg,1,0.209126,5,0,1
/root/private_data/lowlight-object-detection/datasets_yolo/ExDark_YOLO/images/train/2015_03903.jpg,1,0.197959,6,0,1
/root/private_data/lowlight-object-detection/datasets_yolo/ExDark_YOLO/images/train/2015_03904.jpg,1,0.224362,1,0,1
/root/private_data/lowlight-object-detection/datasets_yolo/ExDark_YOLO/images/train/2015_03905.jpg,1,0.213990,4,0,1
/root/private_data/lowlight-object-detection/datasets_yolo/ExDark_YOLO/images/train/2015_03906.jpg,1,0.094041,2,0,1
/root/private_data/lowlight-object-detection/datasets_yolo/ExDark_YOLO/images/train/2015_03908.jpg,1,0.302033,2,0,0
/root/private_data/lowlight-object-detection/datasets_yolo/ExDark_YOLO/images/train/2015_03909.jpg,1,0.282201,4,0,1
/root/private_data/lowlight-object-detection/datasets_yolo/ExDark_YOLO/images/train/2015_03910.jpg,1,0.410691,4,0,0
/root/private_data/lowlight-object-detection/datasets_yolo/ExDark_YOLO/images/train/2015_03911.jpg,1,0.212260,2,0,1
/root/private_data/lowlight-object-detection/datasets_yolo/ExDark_YOLO/images/train/2015_03912.jpg,1,0.202136,2,0,1
/root/private_data/lowlight-object-detection/datasets_yolo/ExDark_YOLO/images/train/2015_03914.jpg,1,0.041154,1,0,1
/root/private_data/lowlight-object-detection/datasets_yolo/ExDark_YOLO/images/train/2015_03916.jpg,1,0.211700,6,0,1
/root/private_data/lowlight-object-detection/datasets_yolo/ExDark_YOLO/images/train/2015_03917.jpg,1,0.356445,2,0,0
/root/private_data/lowlight-object-detection/datasets_yolo/ExDark_YOLO/images/train/2015_03918.jpg,1,0.115815,1,0,1
/root/private_data/lowlight-object-detection/datasets_yolo/ExDark_YOLO/images/train/2015_03919.jpg,1,0.173901,1,0,1
/root/private_data/lowlight-object-detection/datasets_yolo/ExDark_YOLO/images/train/2015_03920.jpg,1,0.228155,3,0,1
/root/private_data/lowlight-object-detection/datasets_yolo/ExDark_YOLO/images/train/2015_03921.jpg,1,0.267810,5,0,1
/root/private_data/lowlight-object-detection/datasets_yolo/ExDark_YOLO/images/train/2015_03922.jpg,1,0.078363,3,0,1
/root/private_data/lowlight-object-detection/datasets_yolo/ExDark_YOLO/images/train/2015_03923.jpg,1,0.188524,5,0,1
/root/private_data/lowlight-object-detection/datasets_yolo/ExDark_YOLO/images/train/2015_03924.jpg,1,0.168133,4,0,1
/root/private_data/lowlight-object-detection/datasets_yolo/ExDark_YOLO/images/train/2015_03925.jpg,1,0.105333,3,0,1
/root/private_data/lowlight-object-detection/datasets_yolo/ExDark_YOLO/images/train/2015_03926.jpg,1,0.268836,2,0,1
/root/private_data/lowlight-object-detection/datasets_yolo/ExDark_YOLO/images/train/2015_03928.jpg,1,0.337130,4,1,0
/root/private_data/lowlight-object-detection/datasets_yolo/ExDark_YOLO/images/train/2015_03929.jpg,3,0.125995,3,1,1
/root/private_data/lowlight-object-detection/datasets_yolo/ExDark_YOLO/images/train/2015_03930.jpg,1,0.084764,5,0,1
/root/private_data/lowlight-object-detection/datasets_yolo/ExDark_YOLO/images/train/2015_03931.jpg,1,0.039738,1,0,1
/root/private_data/lowlight-object-detection/datasets_yolo/ExDark_YOLO/images/train/2015_03932.jpg,1,0.128963,3,0,1
/root/private_data/lowlight-object-detection/datasets_yolo/ExDark_YOLO/images/train/2015_03933.jpg,1,0.081801,2,0,1
/root/private_data/lowlight-object-detection/datasets_yolo/ExDark_YOLO/images/train/2015_03934.JPG,1,0.180271,4,0,1
/root/private_data/lowlight-object-detection/datasets_yolo/ExDark_YOLO/images/train/2015_03935.jpg,1,0.154854,2,0,1
/root/private_data/lowlight-object-detection/datasets_yolo/ExDark_YOLO/images/train/2015_03937.jpg,1,0.100672,1,0,1
/root/private_data/lowlight-object-detection/datasets_yolo/ExDark_YOLO/images/train/2015_03940.jpg,1,0.230422,2,0,1
/root/private_data/lowlight-object-detection/datasets_yolo/ExDark_YOLO/images/train/2015_03941.jpg,1,0.017437,1,0,1
/root/private_data/lowlight-object-detection/datasets_yolo/ExDark_YOLO/images/train/2015_03942.jpg,2,0.079929,5,1,1
/root/private_data/lowlight-object-detection/datasets_yolo/ExDark_YOLO/images/train/2015_03943.jpg,1,0.181600,3,0,1
/root/private_data/lowlight-object-detection/datasets_yolo/ExDark_YOLO/images/train/2015_03944.jpg,1,0.116063,4,0,1
/root/private_data/lowlight-object-detection/datasets_yolo/ExDark_YOLO/images/train/2015_03946.jpg,1,0.095050,2,0,1
/root/private_data/lowlight-object-detection/datasets_yolo/ExDark_YOLO/images/train/2015_03949.jpg,1,0.083922,1,0,1
/root/private_data/lowlight-object-detection/datasets_yolo/ExDark_YOLO/images/train/2015_03951.jpg,1,0.081530,1,0,1
/root/private_data/lowlight-object-detection/datasets_yolo/ExDark_YOLO/images/train/2015_03953.jpg,1,0.109753,1,0,1
/root/private_data/lowlight-object-detection/datasets_yolo/ExDark_YOLO/images/train/2015_03955.jpg,1,0.075279,6,0,1
/root/private_data/lowlight-object-detection/datasets_yolo/ExDark_YOLO/images/train/2015_03956.jpg,1,0.120086,1,0,1
/root/private_data/lowlight-object-detection/datasets_yolo/ExDark_YOLO/images/train/2015_03957.jpg,1,0.128579,1,0,1
/root/private_data/lowlight-object-detection/datasets_yolo/ExDark_YOLO/images/train/2015_03958.jpg,1,0.362241,1,0,0
/root/private_data/lowlight-object-detection/datasets_yolo/ExDark_YOLO/images/train/2015_03959.jpg,1,0.260917,2,0,1
/root/private_data/lowlight-object-detection/datasets_yolo/ExDark_YOLO/images/train/2015_03962.jpg,1,0.183875,1,0,1
/root/private_data/lowlight-object-detection/datasets_yolo/ExDark_YOLO/images/train/2015_03963.jpg,1,0.126613,2,0,1
/root/private_data/lowlight-object-detection/datasets_yolo/ExDark_YOLO/images/train/2015_03965.jpg,1,0.151623,2,0,1
/root/private_data/lowlight-object-detection/datasets_yolo/ExDark_YOLO/images/train/2015_03966.jpg,1,0.051990,4,0,1
/root/private_data/lowlight-object-detection/datasets_yolo/ExDark_YOLO/images/train/2015_03967.jpg,2,0.257337,6,1,1
/root/private_data/lowlight-object-detection/datasets_yolo/ExDark_YOLO/images/train/2015_03968.jpg,1,0.121694,1,0,1
/root/private_data/lowlight-object-detection/datasets_yolo/ExDark_YOLO/images/train/2015_03969.jpg,1,0.100623,1,0,1
/root/private_data/lowlight-object-detection/datasets_yolo/ExDark_YOLO/images/train/2015_03970.jpg,1,0.025990,1,0,1
/root/private_data/lowlight-object-detection/datasets_yolo/ExDark_YOLO/images/train/2015_03973.jpg,1,0.349882,2,0,0
/root/private_data/lowlight-object-detection/datasets_yolo/ExDark_YOLO/images/train/2015_03974.jpg,1,0.128927,3,0,1
/root/private_data/lowlight-object-detection/datasets_yolo/ExDark_YOLO/images/train/2015_03975.jpg,1,0.036899,1,0,1
/root/private_data/lowlight-object-detection/datasets_yolo/ExDark_YOLO/images/train/2015_03976.jpg,1,0.121486,1,0,1
/root/private_data/lowlight-object-detection/datasets_yolo/ExDark_YOLO/images/train/2015_03977.jpg,1,0.135408,1,0,1
/root/private_data/lowlight-object-detection/datasets_yolo/ExDark_YOLO/images/train/2015_03978.jpg,1,0.162006,2,0,1
/root/private_data/lowlight-object-detection/datasets_yolo/ExDark_YOLO/images/train/2015_03980.jpg,1,0.034366,1,0,1
/root/private_data/lowlight-object-detection/datasets_yolo/ExDark_YOLO/images/train/2015_03981.jpg,1,0.126563,2,0,1
/root/private_data/lowlight-object-detection/datasets_yolo/ExDark_YOLO/images/train/2015_03982.jpg,1,0.098235,2,0,1
/root/private_data/lowlight-object-detection/datasets_yolo/ExDark_YOLO/images/train/2015_03985.jpg,1,0.096473,1,0,1
/root/private_data/lowlight-object-detection/datasets_yolo/ExDark_YOLO/images/train/2015_03986.jpg,1,0.200130,1,0,1
/root/private_data/lowlight-object-detection/datasets_yolo/ExDark_YOLO/images/train/2015_03987.jpg,3,0.149102,13,1,1
/root/private_data/lowlight-object-detection/datasets_yolo/ExDark_YOLO/images/train/2015_03988.jpg,1,0.195770,2,0,1
/root/private_data/lowlight-object-detection/datasets_yolo/ExDark_YOLO/images/train/2015_03989.jpg,3,0.147993,5,1,1
/root/private_data/lowlight-object-detection/datasets_yolo/ExDark_YOLO/images/train/2015_03990.jpg,1,0.073189,1,0,1
/root/private_data/lowlight-object-detection/datasets_yolo/ExDark_YOLO/images/train/2015_03993.jpg,1,0.134564,1,0,1
/root/private_data/lowlight-object-detection/datasets_yolo/ExDark_YOLO/images/train/2015_03995.jpg,1,0.192742,1,0,1
/root/private_data/lowlight-object-detection/datasets_yolo/ExDark_YOLO/images/train/2015_03996.jpg,2,0.168280,3,1,1
/root/private_data/lowlight-object-detection/datasets_yolo/ExDark_YOLO/images/train/2015_03997.jpg,3,0.139916,21,1,1
/root/private_data/lowlight-object-detection/datasets_yolo/ExDark_YOLO/images/train/2015_03998.jpg,1,0.155900,7,0,1
/root/private_data/lowlight-object-detection/datasets_yolo/ExDark_YOLO/images/train/2015_03999.jpg,1,0.126472,2,0,1
/root/private_data/lowlight-object-detection/datasets_yolo/ExDark_YOLO/images/train/2015_04000.jpg,1,0.080321,1,0,1
/root/private_data/lowlight-object-detection/datasets_yolo/ExDark_YOLO/images/train/2015_04001.jpg,3,0.136445,15,1,1
/root/private_data/lowlight-object-detection/datasets_yolo/ExDark_YOLO/images/train/2015_04002.jpg,1,0.072717,1,0,1
/root/private_data/lowlight-object-detection/datasets_yolo/ExDark_YOLO/images/train/2015_04003.jpg,2,0.158855,5,1,1
/root/private_data/lowlight-object-detection/datasets_yolo/ExDark_YOLO/images/train/2015_04004.jpg,1,0.127733,3,0,1
/root/private_data/lowlight-object-detection/datasets_yolo/ExDark_YOLO/images/train/2015_04007.jpg,1,0.088988,1,0,1
/root/private_data/lowlight-object-detection/datasets_yolo/ExDark_YOLO/images/train/2015_04008.jpg,1,0.318862,1,0,0
/root/private_data/lowlight-object-detection/datasets_yolo/ExDark_YOLO/images/train/2015_04009.jpg,1,0.082501,10,0,1
/root/private_data/lowlight-object-detection/datasets_yolo/ExDark_YOLO/images/train/2015_04010.jpg,1,0.130296,2,0,1
/root/private_data/lowlight-object-detection/datasets_yolo/ExDark_YOLO/images/train/2015_04011.jpg,1,0.149270,7,0,1
/root/private_data/lowlight-object-detection/datasets_yolo/ExDark_YOLO/images/train/2015_04014.jpg,1,0.039226,2,0,1
/root/private_data/lowlight-object-detection/datasets_yolo/ExDark_YOLO/images/train/2015_04015.jpg,1,0.134874,4,0,1
/root/private_data/lowlight-object-detection/datasets_yolo/ExDark_YOLO/images/train/2015_04017.jpg,1,0.043378,1,0,1
/root/private_data/lowlight-object-detection/datasets_yolo/ExDark_YOLO/images/train/2015_04018.jpg,1,0.031433,3,0,1
/root/private_data/lowlight-object-detection/datasets_yolo/ExDark_YOLO/images/train/2015_04019.jpg,2,0.114115,5,1,1
/root/private_data/lowlight-object-detection/datasets_yolo/ExDark_YOLO/images/train/2015_04020.jpg,1,0.197606,1,0,1
/root/private_data/lowlight-object-detection/datasets_yolo/ExDark_YOLO/images/train/2015_04021.jpg,2,0.250637,3,1,1
/root/private_data/lowlight-object-detection/datasets_yolo/ExDark_YOLO/images/train/2015_04022.jpg,1,0.085125,1,0,1
/root/private_data/lowlight-object-detection/datasets_yolo/ExDark_YOLO/images/train/2015_04023.jpg,1,0.023071,5,0,1
/root/private_data/lowlight-object-detection/datasets_yolo/ExDark_YOLO/images/train/2015_04024.jpg,1,0.066397,2,0,1
/root/private_data/lowlight-object-detection/datasets_yolo/ExDark_YOLO/images/train/2015_04025.jpg,1,0.314033,5,1,0
/root/private_data/lowlight-object-detection/datasets_yolo/ExDark_YOLO/images/train/2015_04026.jpg,1,0.176690,2,0,1
/root/private_data/lowlight-object-detection/datasets_yolo/ExDark_YOLO/images/train/2015_04027.jpg,1,0.066828,1,0,1
/root/private_data/lowlight-object-detection/datasets_yolo/ExDark_YOLO/images/train/2015_04029.jpg,1,0.243725,4,0,1
/root/private_data/lowlight-object-detection/datasets_yolo/ExDark_YOLO/images/train/2015_04030.jpg,1,0.124977,2,0,1
/root/private_data/lowlight-object-detection/datasets_yolo/ExDark_YOLO/images/train/2015_04031.jpg,2,0.273227,5,1,1
/root/private_data/lowlight-object-detection/datasets_yolo/ExDark_YOLO/images/train/2015_04032.jpg,1,0.142235,1,0,1
/root/private_data/lowlight-object-detection/datasets_yolo/ExDark_YOLO/images/train/2015_04033.jpg,1,0.103315,2,0,1
/root/private_data/lowlight-object-detection/datasets_yolo/ExDark_YOLO/images/train/2015_04034.jpg,1,0.083906,1,0,1
/root/private_data/lowlight-object-detection/datasets_yolo/ExDark_YOLO/images/train/2015_04035.jpg,1,0.043708,1,0,1
/root/private_data/lowlight-object-detection/datasets_yolo/ExDark_YOLO/images/train/2015_04036.jpg,1,0.162923,1,0,1
/root/private_data/lowlight-object-detection/datasets_yolo/ExDark_YOLO/images/train/2015_04037.jpg,1,0.075151,2,0,1
/root/private_data/lowlight-object-detection/datasets_yolo/ExDark_YOLO/images/train/2015_04038.jpg,1,0.340842,1,0,0
/root/private_data/lowlight-object-detection/datasets_yolo/ExDark_YOLO/images/train/2015_04039.jpg,1,0.031833,1,0,1
/root/private_data/lowlight-object-detection/datasets_yolo/ExDark_YOLO/images/train/2015_04040.jpg,1,0.053439,1,0,1
/root/private_data/lowlight-object-detection/datasets_yolo/ExDark_YOLO/images/train/2015_04041.jpg,2,0.130921,11,1,1
/root/private_data/lowlight-object-detection/datasets_yolo/ExDark_YOLO/images/train/2015_04042.jpg,1,0.167014,4,0,1
/root/private_data/lowlight-object-detection/datasets_yolo/ExDark_YOLO/images/train/2015_04043.jpg,2,0.222296,20,1,1
/root/private_data/lowlight-object-detection/datasets_yolo/ExDark_YOLO/images/train/2015_04044.jpg,1,0.091402,1,0,1
/root/private_data/lowlight-object-detection/datasets_yolo/ExDark_YOLO/images/train/2015_04045.jpg,3,0.111418,5,1,1
/root/private_data/lowlight-object-detection/datasets_yolo/ExDark_YOLO/images/train/2015_04046.jpg,1,0.142973,2,0,1
/root/private_data/lowlight-object-detection/datasets_yolo/ExDark_YOLO/images/train/2015_04048.jpg,1,0.113077,2,0,1
/root/private_data/lowlight-object-detection/datasets_yolo/ExDark_YOLO/images/train/2015_04049.jpg,2,0.093290,2,1,1
/root/private_data/lowlight-object-detection/datasets_yolo/ExDark_YOLO/images/train/2015_04051.jpg,1,0.175261,4,0,1
/root/private_data/lowlight-object-detection/datasets_yolo/ExDark_YOLO/images/train/2015_04052.jpg,1,0.086421,1,0,1
/root/private_data/lowlight-object-detection/datasets_yolo/ExDark_YOLO/images/train/2015_04053.jpg,2,0.099923,2,1,1
/root/private_data/lowlight-object-detection/datasets_yolo/ExDark_YOLO/images/train/2015_04055.jpg,1,0.082877,2,0,1
/root/private_data/lowlight-object-detection/datasets_yolo/ExDark_YOLO/images/train/2015_04056.jpg,1,0.072790,2,0,1
/root/private_data/lowlight-object-detection/datasets_yolo/ExDark_YOLO/images/train/2015_04057.jpg,1,0.175014,1,0,1
/root/private_data/lowlight-object-detection/datasets_yolo/ExDark_YOLO/images/train/2015_04058.jpg,1,0.091641,4,0,1
/root/private_data/lowlight-object-detection/datasets_yolo/ExDark_YOLO/images/train/2015_04059.jpg,1,0.083807,1,0,1
/root/private_data/lowlight-object-detection/datasets_yolo/ExDark_YOLO/images/train/2015_04060.jpg,2,0.185609,8,1,1
/root/private_data/lowlight-object-detection/datasets_yolo/ExDark_YOLO/images/train/2015_04061.jpg,1,0.227788,3,0,1
/root/private_data/lowlight-object-detection/datasets_yolo/ExDark_YOLO/images/train/2015_04062.jpg,1,0.101792,2,0,1
/root/private_data/lowlight-object-detection/datasets_yolo/ExDark_YOLO/images/train/2015_04063.jpg,1,0.126234,3,0,1
/root/private_data/lowlight-object-detection/datasets_yolo/ExDark_YOLO/images/train/2015_04065.jpg,1,0.380356,1,0,0
/root/private_data/lowlight-object-detection/datasets_yolo/ExDark_YOLO/images/train/2015_04066.jpg,1,0.066127,1,0,1
/root/private_data/lowlight-object-detection/datasets_yolo/ExDark_YOLO/images/train/2015_04068.jpg,1,0.062366,2,0,1
/root/private_data/lowlight-object-detection/datasets_yolo/ExDark_YOLO/images/train/2015_04069.jpg,1,0.124986,1,0,1
/root/private_data/lowlight-object-detection/datasets_yolo/ExDark_YOLO/images/train/2015_04070.jpg,1,0.066514,1,0,1
/root/private_data/lowlight-object-detection/datasets_yolo/ExDark_YOLO/images/train/2015_04071.jpg,1,0.051808,1,0,1
/root/private_data/lowlight-object-detection/datasets_yolo/ExDark_YOLO/images/train/2015_04072.jpg,1,0.091171,1,0,1
/root/private_data/lowlight-object-detection/datasets_yolo/ExDark_YOLO/images/train/2015_04073.jpg,1,0.151756,2,0,1
/root/private_data/lowlight-object-detection/datasets_yolo/ExDark_YOLO/images/train/2015_04074.jpg,1,0.159946,1,0,1
/root/private_data/lowlight-object-detection/datasets_yolo/ExDark_YOLO/images/train/2015_04075.jpg,1,0.170211,1,0,1
/root/private_data/lowlight-object-detection/datasets_yolo/ExDark_YOLO/images/train/2015_04076.jpg,1,0.239298,3,0,1
/root/private_data/lowlight-object-detection/datasets_yolo/ExDark_YOLO/images/train/2015_04077.jpg,1,0.058599,2,0,1
/root/private_data/lowlight-object-detection/datasets_yolo/ExDark_YOLO/images/train/2015_04078.jpg,1,0.248092,2,0,1
/root/private_data/lowlight-object-detection/datasets_yolo/ExDark_YOLO/images/train/2015_04079.jpg,3,0.148686,11,1,1
/root/private_data/lowlight-object-detection/datasets_yolo/ExDark_YOLO/images/train/2015_04080.jpg,1,0.055564,1,0,1
/root/private_data/lowlight-object-detection/datasets_yolo/ExDark_YOLO/images/train/2015_04081.jpg,3,0.083202,5,1,1
/root/private_data/lowlight-object-detection/datasets_yolo/ExDark_YOLO/images/train/2015_04082.jpg,1,0.040095,3,0,1
/root/private_data/lowlight-object-detection/datasets_yolo/ExDark_YOLO/images/train/2015_04084.jpg,1,0.324598,1,0,0
/root/private_data/lowlight-object-detection/datasets_yolo/ExDark_YOLO/images/train/2015_04086.jpg,1,0.267833,1,0,1
/root/private_data/lowlight-object-detection/datasets_yolo/ExDark_YOLO/images/train/2015_04087.jpg,2,0.079433,5,1,1
/root/private_data/lowlight-object-detection/datasets_yolo/ExDark_YOLO/images/train/2015_04088.jpg,1,0.286793,2,0,1
/root/private_data/lowlight-object-detection/datasets_yolo/ExDark_YOLO/images/train/2015_04089.jpg,1,0.163150,6,0,1
/root/private_data/lowlight-object-detection/datasets_yolo/ExDark_YOLO/images/train/2015_04091.jpg,1,0.347892,3,0,0
/root/private_data/lowlight-object-detection/datasets_yolo/ExDark_YOLO/images/train/2015_04092.jpg,1,0.346416,2,0,0
/root/private_data/lowlight-object-detection/datasets_yolo/ExDark_YOLO/images/train/2015_04093.jpg,1,0.267386,2,0,1
/root/private_data/lowlight-object-detection/datasets_yolo/ExDark_YOLO/images/train/2015_04095.jpg,3,0.132320,14,1,1
/root/private_data/lowlight-object-detection/datasets_yolo/ExDark_YOLO/images/train/2015_04096.jpg,1,0.178928,3,0,1
/root/private_data/lowlight-object-detection/datasets_yolo/ExDark_YOLO/images/train/2015_04097.jpg,3,0.149814,11,1,1
/root/private_data/lowlight-object-detection/datasets_yolo/ExDark_YOLO/images/train/2015_04098.jpg,1,0.146113,4,0,1
/root/private_data/lowlight-object-detection/datasets_yolo/ExDark_YOLO/images/train/2015_04099.jpg,1,0.152538,3,0,1
/root/private_data/lowlight-object-detection/datasets_yolo/ExDark_YOLO/images/train/2015_04100.jpg,1,0.196733,4,0,1
/root/private_data/lowlight-object-detection/datasets_yolo/ExDark_YOLO/images/train/2015_04101.jpg,1,0.057668,2,0,1
/root/private_data/lowlight-object-detection/datasets_yolo/ExDark_YOLO/images/train/2015_04102.jpg,1,0.174684,6,0,1
/root/private_data/lowlight-object-detection/datasets_yolo/ExDark_YOLO/images/train/2015_04103.jpg,1,0.090171,1,0,1
/root/private_data/lowlight-object-detection/datasets_yolo/ExDark_YOLO/images/train/2015_04104.jpg,1,0.265654,1,0,1
/root/private_data/lowlight-object-detection/datasets_yolo/ExDark_YOLO/images/train/2015_04106.jpg,1,0.218813,2,0,1
/root/private_data/lowlight-object-detection/datasets_yolo/ExDark_YOLO/images/train/2015_04107.jpg,1,0.155104,2,0,1
/root/private_data/lowlight-object-detection/datasets_yolo/ExDark_YOLO/images/train/2015_04108.jpg,1,0.290166,3,0,1
/root/private_data/lowlight-object-detection/datasets_yolo/ExDark_YOLO/images/train/2015_04109.jpg,1,0.186554,2,0,1
/root/private_data/lowlight-object-detection/datasets_yolo/ExDark_YOLO/images/train/2015_04111.jpg,1,0.132499,3,0,1
/root/private_data/lowlight-object-detection/datasets_yolo/ExDark_YOLO/images/train/2015_04112.jpg,1,0.279353,2,0,1
/root/private_data/lowlight-object-detection/datasets_yolo/ExDark_YOLO/images/train/2015_04113.jpg,1,0.173709,5,0,1
/root/private_data/lowlight-object-detection/datasets_yolo/ExDark_YOLO/images/train/2015_04114.jpg,1,0.177012,2,0,1
/root/private_data/lowlight-object-detection/datasets_yolo/ExDark_YOLO/images/train/2015_04115.jpg,3,0.094278,14,1,1
/root/private_data/lowlight-object-detection/datasets_yolo/ExDark_YOLO/images/train/2015_04116.jpg,1,0.053737,3,0,1
/root/private_data/lowlight-object-detection/datasets_yolo/ExDark_YOLO/images/train/2015_04117.jpg,1,0.184720,2,0,1
/root/private_data/lowlight-object-detection/datasets_yolo/ExDark_YOLO/images/train/2015_04118.jpg,1,0.233302,2,0,1
/root/private_data/lowlight-object-detection/datasets_yolo/ExDark_YOLO/images/train/2015_04119.jpg,1,0.138294,1,0,1
/root/private_data/lowlight-object-detection/datasets_yolo/ExDark_YOLO/images/train/2015_04121.jpg,1,0.255046,4,0,1
/root/private_data/lowlight-object-detection/datasets_yolo/ExDark_YOLO/images/train/2015_04122.jpg,1,0.232415,2,0,1
/root/private_data/lowlight-object-detection/datasets_yolo/ExDark_YOLO/images/train/2015_04123.jpg,1,0.274998,4,0,1
/root/private_data/lowlight-object-detection/datasets_yolo/ExDark_YOLO/images/train/2015_04126.jpg,2,0.160721,3,1,1
/root/private_data/lowlight-object-detection/datasets_yolo/ExDark_YOLO/images/train/2015_04127.jpg,1,0.073987,2,0,1
/root/private_data/lowlight-object-detection/datasets_yolo/ExDark_YOLO/images/train/2015_04128.jpg,1,0.054722,3,0,1
/root/private_data/lowlight-object-detection/datasets_yolo/ExDark_YOLO/images/train/2015_04129.jpg,2,0.128708,4,1,1
/root/private_data/lowlight-object-detection/datasets_yolo/ExDark_YOLO/images/train/2015_04131.jpg,1,0.128487,4,0,1
/root/private_data/lowlight-object-detection/datasets_yolo/ExDark_YOLO/images/train/2015_04132.jpg,3,0.165429,9,1,1
/root/private_data/lowlight-object-detection/datasets_yolo/ExDark_YOLO/images/train/2015_04133.jpg,1,0.122507,2,0,1
/root/private_data/lowlight-object-detection/datasets_yolo/ExDark_YOLO/images/train/2015_04134.jpg,1,0.286372,6,0,1
/root/private_data/lowlight-object-detection/datasets_yolo/ExDark_YOLO/images/train/2015_04135.jpg,1,0.304370,4,0,0
/root/private_data/lowlight-object-detection/datasets_yolo/ExDark_YOLO/images/train/2015_04137.jpg,2,0.260223,17,1,1
/root/private_data/lowlight-object-detection/datasets_yolo/ExDark_YOLO/images/train/2015_04138.jpg,1,0.313910,2,0,0
/root/private_data/lowlight-object-detection/datasets_yolo/ExDark_YOLO/images/train/2015_04139.jpg,1,0.175451,3,0,1
/root/private_data/lowlight-object-detection/datasets_yolo/ExDark_YOLO/images/train/2015_04140.jpg,1,0.249811,2,0,1
/root/private_data/lowlight-object-detection/datasets_yolo/ExDark_YOLO/images/train/2015_04141.jpg,1,0.188793,2,0,1
/root/private_data/lowlight-object-detection/datasets_yolo/ExDark_YOLO/images/train/2015_04142.jpg,2,0.243719,2,1,1
/root/private_data/lowlight-object-detection/datasets_yolo/ExDark_YOLO/images/train/2015_04143.jpg,1,0.385264,3,1,0
/root/private_data/lowlight-object-detection/datasets_yolo/ExDark_YOLO/images/train/2015_04144.jpg,2,0.223715,18,1,1
/root/private_data/lowlight-object-detection/datasets_yolo/ExDark_YOLO/images/train/2015_04145.jpg,1,0.256301,1,0,1
/root/private_data/lowlight-object-detection/datasets_yolo/ExDark_YOLO/images/train/2015_04149.jpg,1,0.172472,2,0,1
/root/private_data/lowlight-object-detection/datasets_yolo/ExDark_YOLO/images/train/2015_04150.jpg,2,0.295131,3,1,1
/root/private_data/lowlight-object-detection/datasets_yolo/ExDark_YOLO/images/train/2015_04152.jpg,1,0.174267,1,0,1
/root/private_data/lowlight-object-detection/datasets_yolo/ExDark_YOLO/images/train/2015_04153.JPG,3,0.012631,6,1,1
/root/private_data/lowlight-object-detection/datasets_yolo/ExDark_YOLO/images/train/2015_04154.JPEG,1,0.149164,3,0,1
/root/private_data/lowlight-object-detection/datasets_yolo/ExDark_YOLO/images/train/2015_04155.JPEG,2,0.263964,3,1,1
/root/private_data/lowlight-object-detection/datasets_yolo/ExDark_YOLO/images/train/2015_04156.JPEG,1,0.222020,2,0,1
/root/private_data/lowlight-object-detection/datasets_yolo/ExDark_YOLO/images/train/2015_04157.JPEG,1,0.257136,1,0,1
/root/private_data/lowlight-object-detection/datasets_yolo/ExDark_YOLO/images/train/2015_04158.JPEG,1,0.190368,5,0,1
/root/private_data/lowlight-object-detection/datasets_yolo/ExDark_YOLO/images/train/2015_04159.JPEG,3,0.135103,11,1,1
/root/private_data/lowlight-object-detection/datasets_yolo/ExDark_YOLO/images/train/2015_04162.JPEG,1,0.172403,3,0,1
/root/private_data/lowlight-object-detection/datasets_yolo/ExDark_YOLO/images/train/2015_04164.JPEG,1,0.173666,5,0,1
/root/private_data/lowlight-object-detection/datasets_yolo/ExDark_YOLO/images/train/2015_04165.JPEG,1,0.127212,3,0,1
/root/private_data/lowlight-object-detection/datasets_yolo/ExDark_YOLO/images/train/2015_04166.JPEG,1,0.125327,3,0,1
/root/private_data/lowlight-object-detection/datasets_yolo/ExDark_YOLO/images/train/2015_04167.JPEG,1,0.224349,2,0,1
/root/private_data/lowlight-object-detection/datasets_yolo/ExDark_YOLO/images/train/2015_04169.JPG,1,0.071314,2,0,1
/root/private_data/lowlight-object-detection/datasets_yolo/ExDark_YOLO/images/train/2015_04171.JPG,1,0.029565,2,0,1
/root/private_data/lowlight-object-detection/datasets_yolo/ExDark_YOLO/images/train/2015_04172.JPG,1,0.029564,2,0,1
/root/private_data/lowlight-object-detection/datasets_yolo/ExDark_YOLO/images/train/2015_04173.JPG,1,0.028184,1,0,1
/root/private_data/lowlight-object-detection/datasets_yolo/ExDark_YOLO/images/train/2015_04174.JPG,1,0.026754,1,0,1
/root/private_data/lowlight-object-detection/datasets_yolo/ExDark_YOLO/images/train/2015_04175.JPG,1,0.037223,2,0,1
/root/private_data/lowlight-object-detection/datasets_yolo/ExDark_YOLO/images/train/2015_04176.JPG,1,0.060021,1,0,1
/root/private_data/lowlight-object-detection/datasets_yolo/ExDark_YOLO/images/train/2015_04177.JPG,1,0.033218,1,0,1
/root/private_data/lowlight-object-detection/datasets_yolo/ExDark_YOLO/images/train/2015_04178.JPG,1,0.074817,1,0,1
/root/private_data/lowlight-object-detection/datasets_yolo/ExDark_YOLO/images/train/2015_04179.JPG,1,0.099208,2,0,1
/root/private_data/lowlight-object-detection/datasets_yolo/ExDark_YOLO/images/train/2015_04180.JPG,1,0.065552,2,0,1
/root/private_data/lowlight-object-detection/datasets_yolo/ExDark_YOLO/images/train/2015_04183.JPG,1,0.077258,4,0,1
/root/private_data/lowlight-object-detection/datasets_yolo/ExDark_YOLO/images/train/2015_04184.JPG,1,0.121069,2,0,1
/root/private_data/lowlight-object-detection/datasets_yolo/ExDark_YOLO/images/train/2015_04185.JPG,1,0.075806,2,0,1
/root/private_data/lowlight-object-detection/datasets_yolo/ExDark_YOLO/images/train/2015_04186.JPG,1,0.243828,1,0,1
/root/private_data/lowlight-object-detection/datasets_yolo/ExDark_YOLO/images/train/2015_04187.JPG,1,0.011721,1,0,1
/root/private_data/lowlight-object-detection/datasets_yolo/ExDark_YOLO/images/train/2015_04188.JPG,1,0.012990,1,0,1
/root/private_data/lowlight-object-detection/datasets_yolo/ExDark_YOLO/images/train/2015_04189.JPG,1,0.024333,1,0,1
/root/private_data/lowlight-object-detection/datasets_yolo/ExDark_YOLO/images/train/2015_04193.jpg,2,0.138894,2,1,1
/root/private_data/lowlight-object-detection/datasets_yolo/ExDark_YOLO/images/train/2015_04194.JPG,1,0.056644,1,0,1
/root/private_data/lowlight-object-detection/datasets_yolo/ExDark_YOLO/images/train/2015_04196.jpg,1,0.078502,1,0,1
/root/private_data/lowlight-object-detection/datasets_yolo/ExDark_YOLO/images/train/2015_04197.jpg,1,0.035881,1,0,1
/root/private_data/lowlight-object-detection/datasets_yolo/ExDark_YOLO/images/train/2015_04198.jpg,1,0.050955,1,0,1
/root/private_data/lowlight-object-detection/datasets_yolo/ExDark_YOLO/images/train/2015_04199.jpg,1,0.077888,1,0,1
/root/private_data/lowlight-object-detection/datasets_yolo/ExDark_YOLO/images/train/2015_04201.jpg,1,0.090191,5,0,1
/root/private_data/lowlight-object-detection/datasets_yolo/ExDark_YOLO/images/train/2015_04202.jpg,1,0.074996,2,0,1
/root/private_data/lowlight-object-detection/datasets_yolo/ExDark_YOLO/images/train/2015_04203.jpg,1,0.048449,1,0,1
/root/private_data/lowlight-object-detection/datasets_yolo/ExDark_YOLO/images/train/2015_04204.jpg,1,0.188689,3,0,1
/root/private_data/lowlight-object-detection/datasets_yolo/ExDark_YOLO/images/train/2015_04205.jpg,1,0.050899,1,0,1
/root/private_data/lowlight-object-detection/datasets_yolo/ExDark_YOLO/images/train/2015_04206.jpg,1,0.096737,1,0,1
/root/private_data/lowlight-object-detection/datasets_yolo/ExDark_YOLO/images/train/2015_04207.jpg,1,0.090099,1,0,1
/root/private_data/lowlight-object-detection/datasets_yolo/ExDark_YOLO/images/train/2015_04208.jpg,1,0.125294,3,0,1
/root/private_data/lowlight-object-detection/datasets_yolo/ExDark_YOLO/images/train/2015_04209.jpg,1,0.034026,2,0,1
/root/private_data/lowlight-object-detection/datasets_yolo/ExDark_YOLO/images/train/2015_04210.jpg,3,0.030090,2,1,1
/root/private_data/lowlight-object-detection/datasets_yolo/ExDark_YOLO/images/train/2015_04212.jpg,1,0.066964,1,0,1
/root/private_data/lowlight-object-detection/datasets_yolo/ExDark_YOLO/images/train/2015_04213.jpg,1,0.192696,1,0,1
/root/private_data/lowlight-object-detection/datasets_yolo/ExDark_YOLO/images/train/2015_04214.jpg,1,0.297760,1,0,1
/root/private_data/lowlight-object-detection/datasets_yolo/ExDark_YOLO/images/train/2015_04215.jpg,3,0.082231,2,1,1
/root/private_data/lowlight-object-detection/datasets_yolo/ExDark_YOLO/images/train/2015_04216.jpg,3,0.098867,3,1,1
/root/private_data/lowlight-object-detection/datasets_yolo/ExDark_YOLO/images/train/2015_04217.jpg,1,0.095005,1,0,1
/root/private_data/lowlight-object-detection/datasets_yolo/ExDark_YOLO/images/train/2015_04219.jpg,1,0.267919,1,0,1
/root/private_data/lowlight-object-detection/datasets_yolo/ExDark_YOLO/images/train/2015_04220.jpg,1,0.036314,1,0,1
/root/private_data/lowlight-object-detection/datasets_yolo/ExDark_YOLO/images/train/2015_04221.jpg,1,0.020708,3,0,1
/root/private_data/lowlight-object-detection/datasets_yolo/ExDark_YOLO/images/train/2015_04222.png,1,0.212186,2,0,1
/root/private_data/lowlight-object-detection/datasets_yolo/ExDark_YOLO/images/train/2015_04223.jpg,1,0.072357,1,0,1
/root/private_data/lowlight-object-detection/datasets_yolo/ExDark_YOLO/images/train/2015_04224.jpg,1,0.048864,1,0,1
/root/private_data/lowlight-object-detection/datasets_yolo/ExDark_YOLO/images/train/2015_04225.jpg,1,0.202414,1,0,1
/root/private_data/lowlight-object-detection/datasets_yolo/ExDark_YOLO/images/train/2015_04231.jpg,1,0.202979,2,0,1
/root/private_data/lowlight-object-detection/datasets_yolo/ExDark_YOLO/images/train/2015_04233.jpg,1,0.032525,2,0,1
/root/private_data/lowlight-object-detection/datasets_yolo/ExDark_YOLO/images/train/2015_04234.jpg,2,0.192729,6,1,1
/root/private_data/lowlight-object-detection/datasets_yolo/ExDark_YOLO/images/train/2015_04235.jpg,1,0.227580,1,0,1
/root/private_data/lowlight-object-detection/datasets_yolo/ExDark_YOLO/images/train/2015_04237.jpg,1,0.198771,1,0,1
/root/private_data/lowlight-object-detection/datasets_yolo/ExDark_YOLO/images/train/2015_04238.jpg,2,0.194604,7,1,1
/root/private_data/lowlight-object-detection/datasets_yolo/ExDark_YOLO/images/train/2015_04240.jpg,1,0.272853,2,0,1
/root/private_data/lowlight-object-detection/datasets_yolo/ExDark_YOLO/images/train/2015_04241.jpg,1,0.065217,1,0,1
/root/private_data/lowlight-object-detection/datasets_yolo/ExDark_YOLO/images/train/2015_04242.jpg,1,0.190280,1,0,1
/root/private_data/lowlight-object-detection/datasets_yolo/ExDark_YOLO/images/train/2015_04243.jpg,1,0.158872,1,0,1
/root/private_data/lowlight-object-detection/datasets_yolo/ExDark_YOLO/images/train/2015_04244.jpg,1,0.034380,1,0,1
/root/private_data/lowlight-object-detection/datasets_yolo/ExDark_YOLO/images/train/2015_04245.jpg,1,0.173929,2,0,1
/root/private_data/lowlight-object-detection/datasets_yolo/ExDark_YOLO/images/train/2015_04246.jpg,1,0.067989,1,0,1
/root/private_data/lowlight-object-detection/datasets_yolo/ExDark_YOLO/images/train/2015_04248.jpg,1,0.140519,1,0,1
/root/private_data/lowlight-object-detection/datasets_yolo/ExDark_YOLO/images/train/2015_04249.jpg,1,0.198069,2,0,1
/root/private_data/lowlight-object-detection/datasets_yolo/ExDark_YOLO/images/train/2015_04250.jpg,1,0.238078,1,0,1
/root/private_data/lowlight-object-detection/datasets_yolo/ExDark_YOLO/images/train/2015_04251.jpg,1,0.347497,1,0,0
/root/private_data/lowlight-object-detection/datasets_yolo/ExDark_YOLO/images/train/2015_04252.jpg,1,0.236860,1,0,1
/root/private_data/lowlight-object-detection/datasets_yolo/ExDark_YOLO/images/train/2015_04253.jpg,1,0.336703,1,0,0
/root/private_data/lowlight-object-detection/datasets_yolo/ExDark_YOLO/images/train/2015_04254.jpg,1,0.300351,3,0,0
/root/private_data/lowlight-object-detection/datasets_yolo/ExDark_YOLO/images/train/2015_04255.jpg,1,0.123804,4,0,1
/root/private_data/lowlight-object-detection/datasets_yolo/ExDark_YOLO/images/train/2015_04256.jpg,1,0.130328,1,0,1
/root/private_data/lowlight-object-detection/datasets_yolo/ExDark_YOLO/images/train/2015_04257.jpg,1,0.105959,1,0,1
/root/private_data/lowlight-object-detection/datasets_yolo/ExDark_YOLO/images/train/2015_04258.jpg,1,0.033420,1,0,1
/root/private_data/lowlight-object-detection/datasets_yolo/ExDark_YOLO/images/train/2015_04259.jpg,2,0.282140,2,1,1
/root/private_data/lowlight-object-detection/datasets_yolo/ExDark_YOLO/images/train/2015_04260.jpg,1,0.107422,1,0,1
/root/private_data/lowlight-object-detection/datasets_yolo/ExDark_YOLO/images/train/2015_04261.jpg,1,0.046438,1,0,1
/root/private_data/lowlight-object-detection/datasets_yolo/ExDark_YOLO/images/train/2015_04262.jpg,1,0.093692,1,0,1
/root/private_data/lowlight-object-detection/datasets_yolo/ExDark_YOLO/images/train/2015_04263.jpg,1,0.069217,1,0,1
/root/private_data/lowlight-object-detection/datasets_yolo/ExDark_YOLO/images/train/2015_04264.jpg,1,0.093718,1,0,1
/root/private_data/lowlight-object-detection/datasets_yolo/ExDark_YOLO/images/train/2015_04265.jpg,1,0.338774,1,0,0
/root/private_data/lowlight-object-detection/datasets_yolo/ExDark_YOLO/images/train/2015_04266.jpg,1,0.092262,1,0,1
/root/private_data/lowlight-object-detection/datasets_yolo/ExDark_YOLO/images/train/2015_04267.jpg,1,0.263041,1,0,1
/root/private_data/lowlight-object-detection/datasets_yolo/ExDark_YOLO/images/train/2015_04268.jpg,1,0.106636,1,0,1
/root/private_data/lowlight-object-detection/datasets_yolo/ExDark_YOLO/images/train/2015_04269.jpg,1,0.165058,1,0,1
/root/private_data/lowlight-object-detection/datasets_yolo/ExDark_YOLO/images/train/2015_04270.jpg,1,0.138187,1,0,1
/root/private_data/lowlight-object-detection/datasets_yolo/ExDark_YOLO/images/train/2015_04271.jpg,1,0.126145,2,0,1
/root/private_data/lowlight-object-detection/datasets_yolo/ExDark_YOLO/images/train/2015_04272.jpg,1,0.094626,2,0,1
/root/private_data/lowlight-object-detection/datasets_yolo/ExDark_YOLO/images/train/2015_04273.jpg,1,0.043526,1,0,1
/root/private_data/lowlight-object-detection/datasets_yolo/ExDark_YOLO/images/train/2015_04274.jpg,1,0.076351,4,0,1
/root/private_data/lowlight-object-detection/datasets_yolo/ExDark_YOLO/images/train/2015_04279.jpg,1,0.141976,1,0,1
/root/private_data/lowlight-object-detection/datasets_yolo/ExDark_YOLO/images/train/2015_04280.jpg,1,0.369091,1,0,0
/root/private_data/lowlight-object-detection/datasets_yolo/ExDark_YOLO/images/train/2015_04281.jpg,1,0.073622,1,0,1
/root/private_data/lowlight-object-detection/datasets_yolo/ExDark_YOLO/images/train/2015_04282.jpg,1,0.104933,1,0,1
/root/private_data/lowlight-object-detection/datasets_yolo/ExDark_YOLO/images/train/2015_04284.jpg,1,0.112601,1,0,1
/root/private_data/lowlight-object-detection/datasets_yolo/ExDark_YOLO/images/train/2015_04285.jpg,1,0.012106,1,0,1
/root/private_data/lowlight-object-detection/datasets_yolo/ExDark_YOLO/images/train/2015_04286.jpg,1,0.108147,1,0,1
/root/private_data/lowlight-object-detection/datasets_yolo/ExDark_YOLO/images/train/2015_04287.jpg,1,0.154536,1,0,1
/root/private_data/lowlight-object-detection/datasets_yolo/ExDark_YOLO/images/train/2015_04288.jpg,1,0.104256,2,0,1
/root/private_data/lowlight-object-detection/datasets_yolo/ExDark_YOLO/images/train/2015_04289.jpg,1,0.062588,2,0,1
/root/private_data/lowlight-object-detection/datasets_yolo/ExDark_YOLO/images/train/2015_04291.jpg,1,0.268346,3,0,1
/root/private_data/lowlight-object-detection/datasets_yolo/ExDark_YOLO/images/train/2015_04292.jpg,1,0.249019,3,0,1
/root/private_data/lowlight-object-detection/datasets_yolo/ExDark_YOLO/images/train/2015_04293.JPEG,1,0.268848,2,0,1
/root/private_data/lowlight-object-detection/datasets_yolo/ExDark_YOLO/images/train/2015_04294.jpg,1,0.192279,5,0,1
/root/private_data/lowlight-object-detection/datasets_yolo/ExDark_YOLO/images/train/2015_04295.jpg,1,0.266381,2,0,1
/root/private_data/lowlight-object-detection/datasets_yolo/ExDark_YOLO/images/train/2015_04296.JPEG,1,0.264693,4,0,1
/root/private_data/lowlight-object-detection/datasets_yolo/ExDark_YOLO/images/train/2015_04297.jpg,1,0.239205,2,0,1
/root/private_data/lowlight-object-detection/datasets_yolo/ExDark_YOLO/images/train/2015_04298.JPEG,1,0.180581,2,0,1
/root/private_data/lowlight-object-detection/datasets_yolo/ExDark_YOLO/images/train/2015_04300.JPEG,1,0.287595,4,0,1
/root/private_data/lowlight-object-detection/datasets_yolo/ExDark_YOLO/images/train/2015_04301.JPEG,1,0.200996,5,0,1
/root/private_data/lowlight-object-detection/datasets_yolo/ExDark_YOLO/images/train/2015_04302.JPEG,1,0.033377,5,0,1
/root/private_data/lowlight-object-detection/datasets_yolo/ExDark_YOLO/images/train/2015_04303.JPEG,1,0.089333,2,0,1
/root/private_data/lowlight-object-detection/datasets_yolo/ExDark_YOLO/images/train/2015_04304.JPEG,1,0.120786,3,0,1
/root/private_data/lowlight-object-detection/datasets_yolo/ExDark_YOLO/images/train/2015_04305.JPEG,1,0.215264,1,0,1
/root/private_data/lowlight-object-detection/datasets_yolo/ExDark_YOLO/images/train/2015_04307.jpg,1,0.251472,3,0,1
/root/private_data/lowlight-object-detection/datasets_yolo/ExDark_YOLO/images/train/2015_04308.jpg,1,0.137979,1,0,1
/root/private_data/lowlight-object-detection/datasets_yolo/ExDark_YOLO/images/train/2015_04309.jpg,1,0.054927,1,0,1
/root/private_data/lowlight-object-detection/datasets_yolo/ExDark_YOLO/images/train/2015_04310.jpg,1,0.148591,1,0,1
/root/private_data/lowlight-object-detection/datasets_yolo/ExDark_YOLO/images/train/2015_04311.jpg,1,0.186982,2,0,1
/root/private_data/lowlight-object-detection/datasets_yolo/ExDark_YOLO/images/train/2015_04312.jpg,1,0.326208,1,0,0
/root/private_data/lowlight-object-detection/datasets_yolo/ExDark_YOLO/images/train/2015_04313.jpg,2,0.047296,2,1,1
/root/private_data/lowlight-object-detection/datasets_yolo/ExDark_YOLO/images/train/2015_04314.jpg,1,0.147014,1,0,1
/root/private_data/lowlight-object-detection/datasets_yolo/ExDark_YOLO/images/train/2015_04315.jpg,1,0.030854,1,0,1
/root/private_data/lowlight-object-detection/datasets_yolo/ExDark_YOLO/images/train/2015_04317.jpg,1,0.295242,1,0,1
/root/private_data/lowlight-object-detection/datasets_yolo/ExDark_YOLO/images/train/2015_04318.jpg,2,0.202560,17,1,1
/root/private_data/lowlight-object-detection/datasets_yolo/ExDark_YOLO/images/train/2015_04319.jpg,1,0.043585,1,0,1
/root/private_data/lowlight-object-detection/datasets_yolo/ExDark_YOLO/images/train/2015_04321.jpg,1,0.142380,1,0,1
/root/private_data/lowlight-object-detection/datasets_yolo/ExDark_YOLO/images/train/2015_04322.jpg,1,0.253225,1,0,1
/root/private_data/lowlight-object-detection/datasets_yolo/ExDark_YOLO/images/train/2015_04324.jpg,1,0.078609,1,0,1
/root/private_data/lowlight-object-detection/datasets_yolo/ExDark_YOLO/images/train/2015_04325.jpg,1,0.090738,1,0,1
/root/private_data/lowlight-object-detection/datasets_yolo/ExDark_YOLO/images/train/2015_04327.jpg,1,0.053091,1,0,1
/root/private_data/lowlight-object-detection/datasets_yolo/ExDark_YOLO/images/train/2015_04329.jpg,1,0.068264,1,0,1
/root/private_data/lowlight-object-detection/datasets_yolo/ExDark_YOLO/images/train/2015_04331.jpg,1,0.020453,5,0,1
/root/private_data/lowlight-object-detection/datasets_yolo/ExDark_YOLO/images/train/2015_04332.jpg,3,0.122043,6,1,1
/root/private_data/lowlight-object-detection/datasets_yolo/ExDark_YOLO/images/train/2015_04333.jpg,1,0.034567,1,0,1
/root/private_data/lowlight-object-detection/datasets_yolo/ExDark_YOLO/images/train/2015_04335.jpg,1,0.123018,2,0,1
/root/private_data/lowlight-object-detection/datasets_yolo/ExDark_YOLO/images/train/2015_04336.png,1,0.090579,5,0,1
/root/private_data/lowlight-object-detection/datasets_yolo/ExDark_YOLO/images/train/2015_04337.jpg,1,0.037274,1,0,1
/root/private_data/lowlight-object-detection/datasets_yolo/ExDark_YOLO/images/train/2015_04339.jpg,1,0.243538,1,0,1
/root/private_data/lowlight-object-detection/datasets_yolo/ExDark_YOLO/images/train/2015_04340.jpg,1,0.064600,1,0,1
/root/private_data/lowlight-object-detection/datasets_yolo/ExDark_YOLO/images/train/2015_04341.jpg,1,0.156563,2,0,1
/root/private_data/lowlight-object-detection/datasets_yolo/ExDark_YOLO/images/train/2015_04342.jpg,1,0.123031,3,0,1
/root/private_data/lowlight-object-detection/datasets_yolo/ExDark_YOLO/images/train/2015_04343.jpg,1,0.282544,5,0,1
/root/private_data/lowlight-object-detection/datasets_yolo/ExDark_YOLO/images/train/2015_04344.jpg,1,0.194967,4,0,1
/root/private_data/lowlight-object-detection/datasets_yolo/ExDark_YOLO/images/train/2015_04345.jpg,1,0.205956,3,0,1
/root/private_data/lowlight-object-detection/datasets_yolo/ExDark_YOLO/images/train/2015_04346.jpg,1,0.354884,1,0,0
/root/private_data/lowlight-object-detection/datasets_yolo/ExDark_YOLO/images/train/2015_04347.jpg,1,0.370649,1,0,0
/root/private_data/lowlight-object-detection/datasets_yolo/ExDark_YOLO/images/train/2015_04348.jpg,1,0.320887,1,0,0
/root/private_data/lowlight-object-detection/datasets_yolo/ExDark_YOLO/images/train/2015_04349.jpg,2,0.035270,2,1,1
/root/private_data/lowlight-object-detection/datasets_yolo/ExDark_YOLO/images/train/2015_04350.jpg,1,0.133854,4,0,1
/root/private_data/lowlight-object-detection/datasets_yolo/ExDark_YOLO/images/train/2015_04351.jpg,1,0.110476,1,0,1
/root/private_data/lowlight-object-detection/datasets_yolo/ExDark_YOLO/images/train/2015_04353.jpg,1,0.060844,1,0,1
/root/private_data/lowlight-object-detection/datasets_yolo/ExDark_YOLO/images/train/2015_04356.jpg,1,0.035297,1,0,1
/root/private_data/lowlight-object-detection/datasets_yolo/ExDark_YOLO/images/train/2015_04357.jpg,1,0.095242,1,0,1
/root/private_data/lowlight-object-detection/datasets_yolo/ExDark_YOLO/images/train/2015_04358.jpg,1,0.131127,2,0,1
/root/private_data/lowlight-object-detection/datasets_yolo/ExDark_YOLO/images/train/2015_04359.jpg,1,0.048710,1,0,1
/root/private_data/lowlight-object-detection/datasets_yolo/ExDark_YOLO/images/train/2015_04360.jpg,1,0.143683,1,0,1
/root/private_data/lowlight-object-detection/datasets_yolo/ExDark_YOLO/images/train/2015_04361.jpg,1,0.215055,1,0,1
/root/private_data/lowlight-object-detection/datasets_yolo/ExDark_YOLO/images/train/2015_04362.png,3,0.090344,12,1,1
/root/private_data/lowlight-object-detection/datasets_yolo/ExDark_YOLO/images/train/2015_04363.png,1,0.057092,2,0,1
/root/private_data/lowlight-object-detection/datasets_yolo/ExDark_YOLO/images/train/2015_04365.png,3,0.053252,4,1,1
/root/private_data/lowlight-object-detection/datasets_yolo/ExDark_YOLO/images/train/2015_04366.png,1,0.033061,2,0,1
/root/private_data/lowlight-object-detection/datasets_yolo/ExDark_YOLO/images/train/2015_04367.png,1,0.062146,3,0,1
/root/private_data/lowlight-object-detection/datasets_yolo/ExDark_YOLO/images/train/2015_04369.png,1,0.046308,3,0,1
/root/private_data/lowlight-object-detection/datasets_yolo/ExDark_YOLO/images/train/2015_04370.png,1,0.106539,2,0,1
/root/private_data/lowlight-object-detection/datasets_yolo/ExDark_YOLO/images/train/2015_04371.png,1,0.071195,3,0,1
/root/private_data/lowlight-object-detection/datasets_yolo/ExDark_YOLO/images/train/2015_04372.png,1,0.044114,3,0,1
/root/private_data/lowlight-object-detection/datasets_yolo/ExDark_YOLO/images/train/2015_04373.png,1,0.034558,3,0,1
/root/private_data/lowlight-object-detection/datasets_yolo/ExDark_YOLO/images/train/2015_04374.png,2,0.069511,5,1,1
/root/private_data/lowlight-object-detection/datasets_yolo/ExDark_YOLO/images/train/2015_04377.png,1,0.055940,6,0,1
/root/private_data/lowlight-object-detection/datasets_yolo/ExDark_YOLO/images/train/2015_04379.png,1,0.044729,2,0,1
/root/private_data/lowlight-object-detection/datasets_yolo/ExDark_YOLO/images/train/2015_04380.png,1,0.137004,2,0,1
/root/private_data/lowlight-object-detection/datasets_yolo/ExDark_YOLO/images/train/2015_04382.png,1,0.064154,5,0,1
/root/private_data/lowlight-object-detection/datasets_yolo/ExDark_YOLO/images/train/2015_04383.png,1,0.040346,2,0,1
/root/private_data/lowlight-object-detection/datasets_yolo/ExDark_YOLO/images/train/2015_04384.png,1,0.024373,1,0,1
/root/private_data/lowlight-object-detection/datasets_yolo/ExDark_YOLO/images/train/2015_04386.png,1,0.062575,7,0,1
/root/private_data/lowlight-object-detection/datasets_yolo/ExDark_YOLO/images/train/2015_04388.png,1,0.074517,2,0,1
/root/private_data/lowlight-object-detection/datasets_yolo/ExDark_YOLO/images/train/2015_04389.png,3,0.055299,6,1,1
/root/private_data/lowlight-object-detection/datasets_yolo/ExDark_YOLO/images/train/2015_04390.png,2,0.193632,9,1,1
/root/private_data/lowlight-object-detection/datasets_yolo/ExDark_YOLO/images/train/2015_04391.png,1,0.056677,3,0,1
/root/private_data/lowlight-object-detection/datasets_yolo/ExDark_YOLO/images/train/2015_04392.png,1,0.034022,2,0,1
/root/private_data/lowlight-object-detection/datasets_yolo/ExDark_YOLO/images/train/2015_04394.png,1,0.086078,2,0,1
/root/private_data/lowlight-object-detection/datasets_yolo/ExDark_YOLO/images/train/2015_04395.png,3,0.052969,5,1,1
/root/private_data/lowlight-object-detection/datasets_yolo/ExDark_YOLO/images/train/2015_04396.png,1,0.052102,2,0,1
/root/private_data/lowlight-object-detection/datasets_yolo/ExDark_YOLO/images/train/2015_04397.png,1,0.045014,4,0,1
/root/private_data/lowlight-object-detection/datasets_yolo/ExDark_YOLO/images/train/2015_04398.png,1,0.070389,2,0,1
/root/private_data/lowlight-object-detection/datasets_yolo/ExDark_YOLO/images/train/2015_04399.png,1,0.042999,2,0,1
/root/private_data/lowlight-object-detection/datasets_yolo/ExDark_YOLO/images/train/2015_04400.png,1,0.086093,6,0,1
/root/private_data/lowlight-object-detection/datasets_yolo/ExDark_YOLO/images/train/2015_04401.png,1,0.040889,4,0,1
/root/private_data/lowlight-object-detection/datasets_yolo/ExDark_YOLO/images/train/2015_04402.png,2,0.005792,7,1,1
/root/private_data/lowlight-object-detection/datasets_yolo/ExDark_YOLO/images/train/2015_04403.png,1,0.060943,4,0,1
/root/private_data/lowlight-object-detection/datasets_yolo/ExDark_YOLO/images/train/2015_04405.png,2,0.074603,3,1,1
/root/private_data/lowlight-object-detection/datasets_yolo/ExDark_YOLO/images/train/2015_04406.png,1,0.031713,1,0,1
/root/private_data/lowlight-object-detection/datasets_yolo/ExDark_YOLO/images/train/2015_04407.png,1,0.035605,1,0,1
/root/private_data/lowlight-object-detection/datasets_yolo/ExDark_YOLO/images/train/2015_04408.png,1,0.069701,7,0,1
/root/private_data/lowlight-object-detection/datasets_yolo/ExDark_YOLO/images/train/2015_04409.png,1,0.064984,7,0,1
/root/private_data/lowlight-object-detection/datasets_yolo/ExDark_YOLO/images/train/2015_04411.png,1,0.078639,1,0,1
/root/private_data/lowlight-object-detection/datasets_yolo/ExDark_YOLO/images/train/2015_04413.png,1,0.027522,2,0,1
/root/private_data/lowlight-object-detection/datasets_yolo/ExDark_YOLO/images/train/2015_04414.png,1,0.075676,3,0,1
/root/private_data/lowlight-object-detection/datasets_yolo/ExDark_YOLO/images/train/2015_04415.png,1,0.080122,6,0,1
/root/private_data/lowlight-object-detection/datasets_yolo/ExDark_YOLO/images/train/2015_04416.png,2,0.186531,13,1,1
/root/private_data/lowlight-object-detection/datasets_yolo/ExDark_YOLO/images/train/2015_04417.png,1,0.402711,2,0,0
/root/private_data/lowlight-object-detection/datasets_yolo/ExDark_YOLO/images/train/2015_04419.jpg,1,0.077517,2,0,1
/root/private_data/lowlight-object-detection/datasets_yolo/ExDark_YOLO/images/train/2015_04420.jpg,1,0.048614,1,0,1
/root/private_data/lowlight-object-detection/datasets_yolo/ExDark_YOLO/images/train/2015_04422.jpg,1,0.182066,1,0,1
/root/private_data/lowlight-object-detection/datasets_yolo/ExDark_YOLO/images/train/2015_04423.jpg,1,0.039734,1,0,1
/root/private_data/lowlight-object-detection/datasets_yolo/ExDark_YOLO/images/train/2015_04424.jpg,1,0.015305,1,0,1
/root/private_data/lowlight-object-detection/datasets_yolo/ExDark_YOLO/images/train/2015_04425.jpg,1,0.123961,5,0,1
/root/private_data/lowlight-object-detection/datasets_yolo/ExDark_YOLO/images/train/2015_04426.jpg,2,0.285489,6,1,1
/root/private_data/lowlight-object-detection/datasets_yolo/ExDark_YOLO/images/train/2015_04427.jpg,2,0.183093,14,1,1
/root/private_data/lowlight-object-detection/datasets_yolo/ExDark_YOLO/images/train/2015_04429.jpg,2,0.097666,3,1,1
/root/private_data/lowlight-object-detection/datasets_yolo/ExDark_YOLO/images/train/2015_04430.jpg,1,0.223143,8,0,1
/root/private_data/lowlight-object-detection/datasets_yolo/ExDark_YOLO/images/train/2015_04431.jpg,2,0.050107,9,1,1
/root/private_data/lowlight-object-detection/datasets_yolo/ExDark_YOLO/images/train/2015_04432.jpg,1,0.142282,2,0,1
/root/private_data/lowlight-object-detection/datasets_yolo/ExDark_YOLO/images/train/2015_04433.jpg,1,0.198629,3,0,1
/root/private_data/lowlight-object-detection/datasets_yolo/ExDark_YOLO/images/train/2015_04434.jpg,1,0.060879,3,0,1
/root/private_data/lowlight-object-detection/datasets_yolo/ExDark_YOLO/images/train/2015_04435.jpg,2,0.073383,4,1,1
/root/private_data/lowlight-object-detection/datasets_yolo/ExDark_YOLO/images/train/2015_04437.jpg,1,0.072907,1,0,1
/root/private_data/lowlight-object-detection/datasets_yolo/ExDark_YOLO/images/train/2015_04438.jpg,1,0.121378,1,0,1
/root/private_data/lowlight-object-detection/datasets_yolo/ExDark_YOLO/images/train/2015_04439.jpg,1,0.088468,2,0,1
/root/private_data/lowlight-object-detection/datasets_yolo/ExDark_YOLO/images/train/2015_04440.jpg,2,0.229388,2,1,1
/root/private_data/lowlight-object-detection/datasets_yolo/ExDark_YOLO/images/train/2015_04441.jpg,2,0.123860,5,1,1
/root/private_data/lowlight-object-detection/datasets_yolo/ExDark_YOLO/images/train/2015_04442.jpg,1,0.181264,1,0,1
/root/private_data/lowlight-object-detection/datasets_yolo/ExDark_YOLO/images/train/2015_04443.jpg,1,0.139078,2,0,1
/root/private_data/lowlight-object-detection/datasets_yolo/ExDark_YOLO/images/train/2015_04444.jpg,1,0.139515,1,0,1
/root/private_data/lowlight-object-detection/datasets_yolo/ExDark_YOLO/images/train/2015_04445.jpg,1,0.033389,1,0,1
/root/private_data/lowlight-object-detection/datasets_yolo/ExDark_YOLO/images/train/2015_04446.jpg,1,0.168173,2,0,1
/root/private_data/lowlight-object-detection/datasets_yolo/ExDark_YOLO/images/train/2015_04447.jpg,1,0.135437,1,0,1
/root/private_data/lowlight-object-detection/datasets_yolo/ExDark_YOLO/images/train/2015_04448.jpg,1,0.100266,2,0,1
/root/private_data/lowlight-object-detection/datasets_yolo/ExDark_YOLO/images/train/2015_04449.jpg,1,0.058166,5,0,1
/root/private_data/lowlight-object-detection/datasets_yolo/ExDark_YOLO/images/train/2015_04450.jpg,1,0.030376,1,0,1
/root/private_data/lowlight-object-detection/datasets_yolo/ExDark_YOLO/images/train/2015_04451.jpg,1,0.008454,1,0,1
/root/private_data/lowlight-object-detection/datasets_yolo/ExDark_YOLO/images/train/2015_04452.jpg,1,0.142066,1,0,1
/root/private_data/lowlight-object-detection/datasets_yolo/ExDark_YOLO/images/train/2015_04454.jpg,1,0.078043,1,0,1
/root/private_data/lowlight-object-detection/datasets_yolo/ExDark_YOLO/images/train/2015_04455.jpg,1,0.321452,4,0,0
/root/private_data/lowlight-object-detection/datasets_yolo/ExDark_YOLO/images/train/2015_04456.jpg,1,0.229394,5,0,1
/root/private_data/lowlight-object-detection/datasets_yolo/ExDark_YOLO/images/train/2015_04458.jpg,1,0.200036,1,0,1
/root/private_data/lowlight-object-detection/datasets_yolo/ExDark_YOLO/images/train/2015_04459.jpg,1,0.142304,2,0,1
/root/private_data/lowlight-object-detection/datasets_yolo/ExDark_YOLO/images/train/2015_04460.jpg,1,0.147503,2,0,1
/root/private_data/lowlight-object-detection/datasets_yolo/ExDark_YOLO/images/train/2015_04461.jpg,1,0.199772,1,0,1
/root/private_data/lowlight-object-detection/datasets_yolo/ExDark_YOLO/images/train/2015_04463.jpg,1,0.105399,1,0,1
/root/private_data/lowlight-object-detection/datasets_yolo/ExDark_YOLO/images/train/2015_04464.jpg,1,0.020201,1,0,1
/root/private_data/lowlight-object-detection/datasets_yolo/ExDark_YOLO/images/train/2015_04465.jpg,1,0.079392,2,0,1
/root/private_data/lowlight-object-detection/datasets_yolo/ExDark_YOLO/images/train/2015_04466.jpg,1,0.068470,2,0,1
/root/private_data/lowlight-object-detection/datasets_yolo/ExDark_YOLO/images/train/2015_04467.jpg,1,0.028642,1,0,1
/root/private_data/lowlight-object-detection/datasets_yolo/ExDark_YOLO/images/train/2015_04468.jpg,1,0.155858,1,0,1
/root/private_data/lowlight-object-detection/datasets_yolo/ExDark_YOLO/images/train/2015_04469.jpg,1,0.090496,2,0,1
/root/private_data/lowlight-object-detection/datasets_yolo/ExDark_YOLO/images/train/2015_04470.jpg,2,0.173784,4,1,1
/root/private_data/lowlight-object-detection/datasets_yolo/ExDark_YOLO/images/train/2015_04471.jpg,1,0.144325,1,0,1
/root/private_data/lowlight-object-detection/datasets_yolo/ExDark_YOLO/images/train/2015_04472.jpg,1,0.020730,2,0,1
/root/private_data/lowlight-object-detection/datasets_yolo/ExDark_YOLO/images/train/2015_04473.jpg,1,0.088234,3,0,1
/root/private_data/lowlight-object-detection/datasets_yolo/ExDark_YOLO/images/train/2015_04474.jpg,1,0.159370,2,0,1
/root/private_data/lowlight-object-detection/datasets_yolo/ExDark_YOLO/images/train/2015_04476.jpg,1,0.070895,2,0,1
/root/private_data/lowlight-object-detection/datasets_yolo/ExDark_YOLO/images/train/2015_04477.jpg,1,0.312913,3,1,0
/root/private_data/lowlight-object-detection/datasets_yolo/ExDark_YOLO/images/train/2015_04478.jpg,2,0.234560,7,1,1
/root/private_data/lowlight-object-detection/datasets_yolo/ExDark_YOLO/images/train/2015_04480.jpg,1,0.175589,5,0,1
/root/private_data/lowlight-object-detection/datasets_yolo/ExDark_YOLO/images/train/2015_04481.jpg,2,0.231375,10,1,1
/root/private_data/lowlight-object-detection/datasets_yolo/ExDark_YOLO/images/train/2015_04482.jpg,1,0.085096,2,0,1
/root/private_data/lowlight-object-detection/datasets_yolo/ExDark_YOLO/images/train/2015_04483.jpg,2,0.248708,9,1,1
/root/private_data/lowlight-object-detection/datasets_yolo/ExDark_YOLO/images/train/2015_04484.jpg,3,0.177233,7,1,1
/root/private_data/lowlight-object-detection/datasets_yolo/ExDark_YOLO/images/train/2015_04485.jpg,3,0.157268,7,1,1
/root/private_data/lowlight-object-detection/datasets_yolo/ExDark_YOLO/images/train/2015_04487.jpg,2,0.198386,15,1,1
/root/private_data/lowlight-object-detection/datasets_yolo/ExDark_YOLO/images/train/2015_04488.jpg,2,0.225966,3,1,1
/root/private_data/lowlight-object-detection/datasets_yolo/ExDark_YOLO/images/train/2015_04489.jpg,1,0.246842,2,0,1
/root/private_data/lowlight-object-detection/datasets_yolo/ExDark_YOLO/images/train/2015_04490.jpg,1,0.305909,10,1,0
/root/private_data/lowlight-object-detection/datasets_yolo/ExDark_YOLO/images/train/2015_04491.jpg,2,0.216084,6,1,1
/root/private_data/lowlight-object-detection/datasets_yolo/ExDark_YOLO/images/train/2015_04492.jpg,1,0.093674,1,0,1
/root/private_data/lowlight-object-detection/datasets_yolo/ExDark_YOLO/images/train/2015_04493.jpg,1,0.304523,9,0,0
/root/private_data/lowlight-object-detection/datasets_yolo/ExDark_YOLO/images/train/2015_04494.jpg,1,0.202542,10,0,1
/root/private_data/lowlight-object-detection/datasets_yolo/ExDark_YOLO/images/train/2015_04495.jpg,1,0.244895,3,0,1
/root/private_data/lowlight-object-detection/datasets_yolo/ExDark_YOLO/images/train/2015_04496.jpg,2,0.255692,5,1,1
/root/private_data/lowlight-object-detection/datasets_yolo/ExDark_YOLO/images/train/2015_04497.jpg,2,0.182557,8,1,1
/root/private_data/lowlight-object-detection/datasets_yolo/ExDark_YOLO/images/train/2015_04498.jpg,2,0.212770,9,1,1
/root/private_data/lowlight-object-detection/datasets_yolo/ExDark_YOLO/images/train/2015_04502.jpg,1,0.210430,4,0,1
/root/private_data/lowlight-object-detection/datasets_yolo/ExDark_YOLO/images/train/2015_04503.jpg,1,0.107899,2,0,1
/root/private_data/lowlight-object-detection/datasets_yolo/ExDark_YOLO/images/train/2015_04504.jpg,1,0.075243,1,0,1
/root/private_data/lowlight-object-detection/datasets_yolo/ExDark_YOLO/images/train/2015_04505.jpg,1,0.080006,1,0,1
/root/private_data/lowlight-object-detection/datasets_yolo/ExDark_YOLO/images/train/2015_04506.jpg,1,0.169389,1,0,1
/root/private_data/lowlight-object-detection/datasets_yolo/ExDark_YOLO/images/train/2015_04507.jpg,1,0.121870,2,0,1
/root/private_data/lowlight-object-detection/datasets_yolo/ExDark_YOLO/images/train/2015_04508.jpg,1,0.231365,1,0,1
/root/private_data/lowlight-object-detection/datasets_yolo/ExDark_YOLO/images/train/2015_04510.jpg,1,0.039853,9,0,1
/root/private_data/lowlight-object-detection/datasets_yolo/ExDark_YOLO/images/train/2015_04511.jpg,1,0.091533,2,0,1
/root/private_data/lowlight-object-detection/datasets_yolo/ExDark_YOLO/images/train/2015_04513.jpg,1,0.182179,2,0,1
/root/private_data/lowlight-object-detection/datasets_yolo/ExDark_YOLO/images/train/2015_04514.jpg,1,0.058794,1,0,1
/root/private_data/lowlight-object-detection/datasets_yolo/ExDark_YOLO/images/train/2015_04515.jpg,1,0.188049,2,0,1
/root/private_data/lowlight-object-detection/datasets_yolo/ExDark_YOLO/images/train/2015_04516.jpg,1,0.060885,3,0,1
/root/private_data/lowlight-object-detection/datasets_yolo/ExDark_YOLO/images/train/2015_04517.jpg,1,0.100939,1,0,1
/root/private_data/lowlight-object-detection/datasets_yolo/ExDark_YOLO/images/train/2015_04518.jpg,1,0.127176,1,0,1
/root/private_data/lowlight-object-detection/datasets_yolo/ExDark_YOLO/images/train/2015_04519.jpg,1,0.294565,1,0,1
/root/private_data/lowlight-object-detection/datasets_yolo/ExDark_YOLO/images/train/2015_04520.jpg,1,0.105802,1,0,1
/root/private_data/lowlight-object-detection/datasets_yolo/ExDark_YOLO/images/train/2015_04521.jpg,1,0.052969,3,0,1
/root/private_data/lowlight-object-detection/datasets_yolo/ExDark_YOLO/images/train/2015_04523.jpg,2,0.046925,9,1,1
/root/private_data/lowlight-object-detection/datasets_yolo/ExDark_YOLO/images/train/2015_04524.jpg,3,0.134713,12,1,1
/root/private_data/lowlight-object-detection/datasets_yolo/ExDark_YOLO/images/train/2015_04525.jpg,1,0.044141,3,0,1
/root/private_data/lowlight-object-detection/datasets_yolo/ExDark_YOLO/images/train/2015_04526.jpg,1,0.162146,1,0,1
/root/private_data/lowlight-object-detection/datasets_yolo/ExDark_YOLO/images/train/2015_04527.jpg,1,0.025623,1,0,1
/root/private_data/lowlight-object-detection/datasets_yolo/ExDark_YOLO/images/train/2015_04528.jpg,1,0.203340,2,0,1
/root/private_data/lowlight-object-detection/datasets_yolo/ExDark_YOLO/images/train/2015_04529.jpg,1,0.131877,2,0,1
/root/private_data/lowlight-object-detection/datasets_yolo/ExDark_YOLO/images/train/2015_04530.jpg,1,0.085249,3,0,1
/root/private_data/lowlight-object-detection/datasets_yolo/ExDark_YOLO/images/train/2015_04531.jpg,1,0.128512,2,0,1
/root/private_data/lowlight-object-detection/datasets_yolo/ExDark_YOLO/images/train/2015_04532.jpg,1,0.379986,1,0,0
/root/private_data/lowlight-object-detection/datasets_yolo/ExDark_YOLO/images/train/2015_04533.jpg,1,0.166912,1,0,1
/root/private_data/lowlight-object-detection/datasets_yolo/ExDark_YOLO/images/train/2015_04534.jpg,1,0.071575,1,0,1
/root/private_data/lowlight-object-detection/datasets_yolo/ExDark_YOLO/images/train/2015_04535.jpg,1,0.039636,1,0,1
/root/private_data/lowlight-object-detection/datasets_yolo/ExDark_YOLO/images/train/2015_04536.jpg,1,0.256294,2,0,1
/root/private_data/lowlight-object-detection/datasets_yolo/ExDark_YOLO/images/train/2015_04537.jpg,1,0.137258,1,0,1
/root/private_data/lowlight-object-detection/datasets_yolo/ExDark_YOLO/images/train/2015_04538.jpg,1,0.111649,1,0,1
/root/private_data/lowlight-object-detection/datasets_yolo/ExDark_YOLO/images/train/2015_04539.jpg,1,0.221557,1,0,1
/root/private_data/lowlight-object-detection/datasets_yolo/ExDark_YOLO/images/train/2015_04540.jpg,1,0.399548,2,0,0
/root/private_data/lowlight-object-detection/datasets_yolo/ExDark_YOLO/images/train/2015_04541.jpg,1,0.121910,5,0,1
/root/private_data/lowlight-object-detection/datasets_yolo/ExDark_YOLO/images/train/2015_04542.jpg,1,0.146456,1,0,1
/root/private_data/lowlight-object-detection/datasets_yolo/ExDark_YOLO/images/train/2015_04543.jpg,1,0.120045,2,0,1
/root/private_data/lowlight-object-detection/datasets_yolo/ExDark_YOLO/images/train/2015_04545.jpg,1,0.075133,4,0,1
/root/private_data/lowlight-object-detection/datasets_yolo/ExDark_YOLO/images/train/2015_04546.jpg,1,0.078651,1,0,1
/root/private_data/lowlight-object-detection/datasets_yolo/ExDark_YOLO/images/train/2015_04547.jpg,1,0.056382,1,0,1
/root/private_data/lowlight-object-detection/datasets_yolo/ExDark_YOLO/images/train/2015_04550.jpg,1,0.169518,2,0,1
/root/private_data/lowlight-object-detection/datasets_yolo/ExDark_YOLO/images/train/2015_04551.jpg,1,0.074410,3,0,1
/root/private_data/lowlight-object-detection/datasets_yolo/ExDark_YOLO/images/train/2015_04552.jpg,1,0.177315,2,0,1
/root/private_data/lowlight-object-detection/datasets_yolo/ExDark_YOLO/images/train/2015_04553.jpg,1,0.093243,1,0,1
/root/private_data/lowlight-object-detection/datasets_yolo/ExDark_YOLO/images/train/2015_04555.jpg,1,0.006917,2,0,1
/root/private_data/lowlight-object-detection/datasets_yolo/ExDark_YOLO/images/train/2015_04556.jpg,1,0.075301,2,0,1
/root/private_data/lowlight-object-detection/datasets_yolo/ExDark_YOLO/images/train/2015_04557.jpg,1,0.061171,7,0,1
/root/private_data/lowlight-object-detection/datasets_yolo/ExDark_YOLO/images/train/2015_04558.jpg,1,0.043686,1,0,1
/root/private_data/lowlight-object-detection/datasets_yolo/ExDark_YOLO/images/train/2015_04559.jpg,1,0.097931,4,0,1
/root/private_data/lowlight-object-detection/datasets_yolo/ExDark_YOLO/images/train/2015_04561.jpg,2,0.159697,11,1,1
/root/private_data/lowlight-object-detection/datasets_yolo/ExDark_YOLO/images/train/2015_04564.jpg,1,0.237030,1,0,1
/root/private_data/lowlight-object-detection/datasets_yolo/ExDark_YOLO/images/train/2015_04565.jpg,1,0.022183,1,0,1
/root/private_data/lowlight-object-detection/datasets_yolo/ExDark_YOLO/images/train/2015_04566.jpg,1,0.060606,1,0,1
/root/private_data/lowlight-object-detection/datasets_yolo/ExDark_YOLO/images/train/2015_04567.jpg,1,0.098320,1,0,1
/root/private_data/lowlight-object-detection/datasets_yolo/ExDark_YOLO/images/train/2015_04568.jpg,1,0.277443,1,0,1
/root/private_data/lowlight-object-detection/datasets_yolo/ExDark_YOLO/images/train/2015_04569.jpg,1,0.200229,2,0,1
/root/private_data/lowlight-object-detection/datasets_yolo/ExDark_YOLO/images/train/2015_04570.jpg,1,0.057858,2,0,1
/root/private_data/lowlight-object-detection/datasets_yolo/ExDark_YOLO/images/train/2015_04572.jpg,1,0.057901,1,0,1
/root/private_data/lowlight-object-detection/datasets_yolo/ExDark_YOLO/images/train/2015_04573.jpg,1,0.130532,4,0,1
/root/private_data/lowlight-object-detection/datasets_yolo/ExDark_YOLO/images/train/2015_04574.jpg,1,0.097194,1,0,1
/root/private_data/lowlight-object-detection/datasets_yolo/ExDark_YOLO/images/train/2015_04576.jpg,1,0.351405,5,0,0
/root/private_data/lowlight-object-detection/datasets_yolo/ExDark_YOLO/images/train/2015_04577.jpg,1,0.010102,2,0,1
/root/private_data/lowlight-object-detection/datasets_yolo/ExDark_YOLO/images/train/2015_04578.jpg,1,0.338568,1,0,0
/root/private_data/lowlight-object-detection/datasets_yolo/ExDark_YOLO/images/train/2015_04580.jpg,1,0.133932,2,0,1
/root/private_data/lowlight-object-detection/datasets_yolo/ExDark_YOLO/images/train/2015_04585.jpg,1,0.115277,1,0,1
/root/private_data/lowlight-object-detection/datasets_yolo/ExDark_YOLO/images/train/2015_04586.jpg,1,0.046701,1,0,1
/root/private_data/lowlight-object-detection/datasets_yolo/ExDark_YOLO/images/train/2015_04589.jpg,1,0.272876,1,0,1
/root/private_data/lowlight-object-detection/datasets_yolo/ExDark_YOLO/images/train/2015_04590.jpg,1,0.052129,9,0,1
/root/private_data/lowlight-object-detection/datasets_yolo/ExDark_YOLO/images/train/2015_04591.jpg,1,0.085567,1,0,1
/root/private_data/lowlight-object-detection/datasets_yolo/ExDark_YOLO/images/train/2015_04592.jpg,3,0.034056,12,1,1
/root/private_data/lowlight-object-detection/datasets_yolo/ExDark_YOLO/images/train/2015_04593.jpg,2,0.109415,1,1,1
/root/private_data/lowlight-object-detection/datasets_yolo/ExDark_YOLO/images/train/2015_04594.jpg,1,0.117542,1,0,1
/root/private_data/lowlight-object-detection/datasets_yolo/ExDark_YOLO/images/train/2015_04595.jpg,2,0.048308,4,1,1
/root/private_data/lowlight-object-detection/datasets_yolo/ExDark_YOLO/images/train/2015_04596.jpg,1,0.055683,2,0,1
/root/private_data/lowlight-object-detection/datasets_yolo/ExDark_YOLO/images/train/2015_04597.jpg,2,0.164374,3,1,1
/root/private_data/lowlight-object-detection/datasets_yolo/ExDark_YOLO/images/train/2015_04598.jpg,1,0.148685,1,0,1
/root/private_data/lowlight-object-detection/datasets_yolo/ExDark_YOLO/images/train/2015_04599.jpg,1,0.298308,2,0,1
/root/private_data/lowlight-object-detection/datasets_yolo/ExDark_YOLO/images/train/2015_04600.jpg,1,0.150165,1,0,1
/root/private_data/lowlight-object-detection/datasets_yolo/ExDark_YOLO/images/train/2015_04601.jpg,1,0.111393,1,0,1
/root/private_data/lowlight-object-detection/datasets_yolo/ExDark_YOLO/images/train/2015_04603.jpg,1,0.145268,1,0,1
/root/private_data/lowlight-object-detection/datasets_yolo/ExDark_YOLO/images/train/2015_04604.jpg,1,0.264580,2,0,1
/root/private_data/lowlight-object-detection/datasets_yolo/ExDark_YOLO/images/train/2015_04605.jpg,2,0.036178,8,1,1
/root/private_data/lowlight-object-detection/datasets_yolo/ExDark_YOLO/images/train/2015_04607.jpg,1,0.159673,4,0,1
/root/private_data/lowlight-object-detection/datasets_yolo/ExDark_YOLO/images/train/2015_04609.jpg,1,0.171470,2,0,1
/root/private_data/lowlight-object-detection/datasets_yolo/ExDark_YOLO/images/train/2015_04610.jpg,1,0.153474,1,0,1
/root/private_data/lowlight-object-detection/datasets_yolo/ExDark_YOLO/images/train/2015_04611.jpg,1,0.059289,5,0,1
/root/private_data/lowlight-object-detection/datasets_yolo/ExDark_YOLO/images/train/2015_04615.jpg,1,0.117799,1,0,1
/root/private_data/lowlight-object-detection/datasets_yolo/ExDark_YOLO/images/train/2015_04616.jpg,1,0.069196,1,0,1
/root/private_data/lowlight-object-detection/datasets_yolo/ExDark_YOLO/images/train/2015_04617.jpg,3,0.112340,7,1,1
/root/private_data/lowlight-object-detection/datasets_yolo/ExDark_YOLO/images/train/2015_04618.jpg,3,0.142821,6,1,1
/root/private_data/lowlight-object-detection/datasets_yolo/ExDark_YOLO/images/train/2015_04619.jpg,1,0.088332,1,0,1
/root/private_data/lowlight-object-detection/datasets_yolo/ExDark_YOLO/images/train/2015_04620.jpg,1,0.256924,1,0,1
/root/private_data/lowlight-object-detection/datasets_yolo/ExDark_YOLO/images/train/2015_04622.jpg,1,0.046212,6,0,1
/root/private_data/lowlight-object-detection/datasets_yolo/ExDark_YOLO/images/train/2015_04623.jpg,1,0.090084,2,0,1
/root/private_data/lowlight-object-detection/datasets_yolo/ExDark_YOLO/images/train/2015_04624.jpg,1,0.028767,1,0,1
/root/private_data/lowlight-object-detection/datasets_yolo/ExDark_YOLO/images/train/2015_04625.jpg,1,0.073765,3,0,1
/root/private_data/lowlight-object-detection/datasets_yolo/ExDark_YOLO/images/train/2015_04626.jpg,2,0.029993,4,1,1
/root/private_data/lowlight-object-detection/datasets_yolo/ExDark_YOLO/images/train/2015_04627.jpg,1,0.054334,2,0,1
/root/private_data/lowlight-object-detection/datasets_yolo/ExDark_YOLO/images/train/2015_04628.jpg,1,0.090327,1,0,1
/root/private_data/lowlight-object-detection/datasets_yolo/ExDark_YOLO/images/train/2015_04629.jpg,1,0.108063,1,0,1
/root/private_data/lowlight-object-detection/datasets_yolo/ExDark_YOLO/images/train/2015_04631.jpg,1,0.253478,1,0,1
/root/private_data/lowlight-object-detection/datasets_yolo/ExDark_YOLO/images/train/2015_04634.jpg,1,0.034580,1,0,1
/root/private_data/lowlight-object-detection/datasets_yolo/ExDark_YOLO/images/train/2015_04635.jpg,1,0.408216,1,0,0
/root/private_data/lowlight-object-detection/datasets_yolo/ExDark_YOLO/images/train/2015_04637.jpg,1,0.187037,2,0,1
/root/private_data/lowlight-object-detection/datasets_yolo/ExDark_YOLO/images/train/2015_04638.jpg,2,0.100112,4,1,1
/root/private_data/lowlight-object-detection/datasets_yolo/ExDark_YOLO/images/train/2015_04639.jpg,2,0.172755,7,1,1
/root/private_data/lowlight-object-detection/datasets_yolo/ExDark_YOLO/images/train/2015_04640.jpg,1,0.208381,6,0,1
/root/private_data/lowlight-object-detection/datasets_yolo/ExDark_YOLO/images/train/2015_04641.jpg,2,0.262077,7,1,1
/root/private_data/lowlight-object-detection/datasets_yolo/ExDark_YOLO/images/train/2015_04642.jpg,1,0.204339,4,0,1
/root/private_data/lowlight-object-detection/datasets_yolo/ExDark_YOLO/images/train/2015_04643.jpg,1,0.175018,4,0,1
/root/private_data/lowlight-object-detection/datasets_yolo/ExDark_YOLO/images/train/2015_04644.jpg,2,0.289465,8,1,1
/root/private_data/lowlight-object-detection/datasets_yolo/ExDark_YOLO/images/train/2015_04645.jpg,1,0.186434,1,0,1
/root/private_data/lowlight-object-detection/datasets_yolo/ExDark_YOLO/images/train/2015_04646.jpg,1,0.084967,3,0,1
/root/private_data/lowlight-object-detection/datasets_yolo/ExDark_YOLO/images/train/2015_04647.jpg,2,0.197855,13,1,1
/root/private_data/lowlight-object-detection/datasets_yolo/ExDark_YOLO/images/train/2015_04648.jpg,2,0.180852,3,1,1
/root/private_data/lowlight-object-detection/datasets_yolo/ExDark_YOLO/images/train/2015_04650.jpg,1,0.314570,1,0,0
/root/private_data/lowlight-object-detection/datasets_yolo/ExDark_YOLO/images/train/2015_04651.jpg,1,0.106393,3,0,1
/root/private_data/lowlight-object-detection/datasets_yolo/ExDark_YOLO/images/train/2015_04652.jpg,1,0.144677,8,0,1
/root/private_data/lowlight-object-detection/datasets_yolo/ExDark_YOLO/images/train/2015_04653.jpg,1,0.204191,1,0,1
/root/private_data/lowlight-object-detection/datasets_yolo/ExDark_YOLO/images/train/2015_04654.jpg,2,0.118441,2,1,1
/root/private_data/lowlight-object-detection/datasets_yolo/ExDark_YOLO/images/train/2015_04655.jpg,1,0.144293,2,0,1
/root/private_data/lowlight-object-detection/datasets_yolo/ExDark_YOLO/images/train/2015_04656.jpg,1,0.126442,2,0,1
/root/private_data/lowlight-object-detection/datasets_yolo/ExDark_YOLO/images/train/2015_04657.jpg,2,0.090364,8,1,1
/root/private_data/lowlight-object-detection/datasets_yolo/ExDark_YOLO/images/train/2015_04658.jpg,2,0.235171,4,1,1
/root/private_data/lowlight-object-detection/datasets_yolo/ExDark_YOLO/images/train/2015_04659.jpg,2,0.134733,5,1,1
/root/private_data/lowlight-object-detection/datasets_yolo/ExDark_YOLO/images/train/2015_04660.jpg,2,0.232090,5,1,1
/root/private_data/lowlight-object-detection/datasets_yolo/ExDark_YOLO/images/train/2015_04661.jpg,1,0.131446,3,0,1
/root/private_data/lowlight-object-detection/datasets_yolo/ExDark_YOLO/images/train/2015_04662.jpg,1,0.261605,2,0,1
/root/private_data/lowlight-object-detection/datasets_yolo/ExDark_YOLO/images/train/2015_04663.jpg,2,0.217511,9,1,1
/root/private_data/lowlight-object-detection/datasets_yolo/ExDark_YOLO/images/train/2015_04664.jpg,1,0.077807,5,0,1
/root/private_data/lowlight-object-detection/datasets_yolo/ExDark_YOLO/images/train/2015_04665.jpg,1,0.258293,1,0,1
/root/private_data/lowlight-object-detection/datasets_yolo/ExDark_YOLO/images/train/2015_04666.jpg,2,0.110626,7,1,1
/root/private_data/lowlight-object-detection/datasets_yolo/ExDark_YOLO/images/train/2015_04667.jpg,1,0.195313,2,0,1
/root/private_data/lowlight-object-detection/datasets_yolo/ExDark_YOLO/images/train/2015_04668.jpg,2,0.125327,8,1,1
/root/private_data/lowlight-object-detection/datasets_yolo/ExDark_YOLO/images/train/2015_04669.jpg,1,0.139372,2,0,1
/root/private_data/lowlight-object-detection/datasets_yolo/ExDark_YOLO/images/train/2015_04670.jpg,1,0.373495,2,0,0
/root/private_data/lowlight-object-detection/datasets_yolo/ExDark_YOLO/images/train/2015_04671.jpg,1,0.162425,6,0,1
/root/private_data/lowlight-object-detection/datasets_yolo/ExDark_YOLO/images/train/2015_04673.jpg,2,0.238301,3,1,1
/root/private_data/lowlight-object-detection/datasets_yolo/ExDark_YOLO/images/train/2015_04674.jpg,1,0.109150,2,0,1
/root/private_data/lowlight-object-detection/datasets_yolo/ExDark_YOLO/images/train/2015_04675.jpg,1,0.159548,1,0,1
/root/private_data/lowlight-object-detection/datasets_yolo/ExDark_YOLO/images/train/2015_04676.jpg,1,0.168436,1,0,1
/root/private_data/lowlight-object-detection/datasets_yolo/ExDark_YOLO/images/train/2015_04677.jpg,2,0.147646,7,1,1
/root/private_data/lowlight-object-detection/datasets_yolo/ExDark_YOLO/images/train/2015_04679.jpg,1,0.273472,6,0,1
/root/private_data/lowlight-object-detection/datasets_yolo/ExDark_YOLO/images/train/2015_04681.jpg,1,0.257744,5,0,1
/root/private_data/lowlight-object-detection/datasets_yolo/ExDark_YOLO/images/train/2015_04682.jpg,1,0.202640,6,0,1
/root/private_data/lowlight-object-detection/datasets_yolo/ExDark_YOLO/images/train/2015_04683.JPEG,1,0.132300,1,0,1
/root/private_data/lowlight-object-detection/datasets_yolo/ExDark_YOLO/images/train/2015_04684.JPEG,1,0.106027,1,0,1
/root/private_data/lowlight-object-detection/datasets_yolo/ExDark_YOLO/images/train/2015_04685.JPEG,1,0.221412,1,0,1
/root/private_data/lowlight-object-detection/datasets_yolo/ExDark_YOLO/images/train/2015_04686.JPEG,1,0.338142,1,0,0
/root/private_data/lowlight-object-detection/datasets_yolo/ExDark_YOLO/images/train/2015_04687.JPEG,1,0.200943,2,0,1
/root/private_data/lowlight-object-detection/datasets_yolo/ExDark_YOLO/images/train/2015_04688.JPEG,3,0.055403,17,1,1
/root/private_data/lowlight-object-detection/datasets_yolo/ExDark_YOLO/images/train/2015_04689.JPEG,1,0.084437,2,0,1
/root/private_data/lowlight-object-detection/datasets_yolo/ExDark_YOLO/images/train/2015_04691.JPEG,1,0.156275,4,0,1
/root/private_data/lowlight-object-detection/datasets_yolo/ExDark_YOLO/images/train/2015_04692.JPEG,1,0.127498,1,0,1
/root/private_data/lowlight-object-detection/datasets_yolo/ExDark_YOLO/images/train/2015_04693.JPEG,1,0.133350,1,0,1
/root/private_data/lowlight-object-detection/datasets_yolo/ExDark_YOLO/images/train/2015_04695.JPEG,3,0.172635,6,1,1
/root/private_data/lowlight-object-detection/datasets_yolo/ExDark_YOLO/images/train/2015_04696.JPEG,1,0.337703,1,0,0
/root/private_data/lowlight-object-detection/datasets_yolo/ExDark_YOLO/images/train/2015_04697.JPEG,1,0.247421,3,0,1
/root/private_data/lowlight-object-detection/datasets_yolo/ExDark_YOLO/images/train/2015_04698.JPEG,1,0.136483,1,0,1
/root/private_data/lowlight-object-detection/datasets_yolo/ExDark_YOLO/images/train/2015_04699.JPEG,1,0.214618,1,0,1
/root/private_data/lowlight-object-detection/datasets_yolo/ExDark_YOLO/images/train/2015_04700.JPEG,1,0.179911,2,0,1
/root/private_data/lowlight-object-detection/datasets_yolo/ExDark_YOLO/images/train/2015_04701.JPEG,2,0.161960,8,1,1
/root/private_data/lowlight-object-detection/datasets_yolo/ExDark_YOLO/images/train/2015_04702.JPEG,1,0.407894,3,1,0
/root/private_data/lowlight-object-detection/datasets_yolo/ExDark_YOLO/images/train/2015_04703.JPEG,1,0.161649,1,0,1
/root/private_data/lowlight-object-detection/datasets_yolo/ExDark_YOLO/images/train/2015_04704.JPEG,1,0.199095,5,0,1
/root/private_data/lowlight-object-detection/datasets_yolo/ExDark_YOLO/images/train/2015_04705.JPEG,2,0.229263,3,1,1
/root/private_data/lowlight-object-detection/datasets_yolo/ExDark_YOLO/images/train/2015_04706.JPEG,1,0.115174,1,0,1
/root/private_data/lowlight-object-detection/datasets_yolo/ExDark_YOLO/images/train/2015_04707.JPEG,1,0.147254,2,0,1
/root/private_data/lowlight-object-detection/datasets_yolo/ExDark_YOLO/images/train/2015_04708.JPEG,1,0.136162,1,0,1
/root/private_data/lowlight-object-detection/datasets_yolo/ExDark_YOLO/images/train/2015_04709.JPEG,2,0.206952,8,1,1
/root/private_data/lowlight-object-detection/datasets_yolo/ExDark_YOLO/images/train/2015_04711.JPEG,1,0.199161,2,0,1
/root/private_data/lowlight-object-detection/datasets_yolo/ExDark_YOLO/images/train/2015_04714.JPEG,2,0.182629,3,1,1
/root/private_data/lowlight-object-detection/datasets_yolo/ExDark_YOLO/images/train/2015_04715.JPEG,1,0.258915,2,0,1
/root/private_data/lowlight-object-detection/datasets_yolo/ExDark_YOLO/images/train/2015_04716.JPEG,1,0.067238,2,0,1
/root/private_data/lowlight-object-detection/datasets_yolo/ExDark_YOLO/images/train/2015_04717.JPEG,1,0.148021,2,0,1
/root/private_data/lowlight-object-detection/datasets_yolo/ExDark_YOLO/images/train/2015_04718.JPEG,1,0.079754,7,0,1
/root/private_data/lowlight-object-detection/datasets_yolo/ExDark_YOLO/images/train/2015_04719.JPEG,1,0.148956,3,0,1
/root/private_data/lowlight-object-detection/datasets_yolo/ExDark_YOLO/images/train/2015_04721.jpg,1,0.104251,12,0,1
/root/private_data/lowlight-object-detection/datasets_yolo/ExDark_YOLO/images/train/2015_04722.jpg,1,0.022004,2,0,1
/root/private_data/lowlight-object-detection/datasets_yolo/ExDark_YOLO/images/train/2015_04723.jpg,1,0.037368,1,0,1
/root/private_data/lowlight-object-detection/datasets_yolo/ExDark_YOLO/images/train/2015_04724.JPG,1,0.228457,1,0,1
/root/private_data/lowlight-object-detection/datasets_yolo/ExDark_YOLO/images/train/2015_04725.JPG,1,0.197136,2,0,1
/root/private_data/lowlight-object-detection/datasets_yolo/ExDark_YOLO/images/train/2015_04726.JPG,1,0.043291,1,0,1
/root/private_data/lowlight-object-detection/datasets_yolo/ExDark_YOLO/images/train/2015_04727.JPG,1,0.027614,1,0,1
/root/private_data/lowlight-object-detection/datasets_yolo/ExDark_YOLO/images/train/2015_04728.JPG,1,0.104811,1,0,1
/root/private_data/lowlight-object-detection/datasets_yolo/ExDark_YOLO/images/train/2015_04729.JPG,1,0.067969,1,0,1
/root/private_data/lowlight-object-detection/datasets_yolo/ExDark_YOLO/images/train/2015_04730.JPG,1,0.026098,1,0,1
/root/private_data/lowlight-object-detection/datasets_yolo/ExDark_YOLO/images/train/2015_04731.JPG,1,0.013407,1,0,1
/root/private_data/lowlight-object-detection/datasets_yolo/ExDark_YOLO/images/train/2015_04732.jpg,1,0.040121,2,0,1
/root/private_data/lowlight-object-detection/datasets_yolo/ExDark_YOLO/images/train/2015_04733.jpg,1,0.041191,3,0,1
/root/private_data/lowlight-object-detection/datasets_yolo/ExDark_YOLO/images/train/2015_04734.png,1,0.036060,3,0,1
/root/private_data/lowlight-object-detection/datasets_yolo/ExDark_YOLO/images/train/2015_04735.png,1,0.044750,3,0,1
/root/private_data/lowlight-object-detection/datasets_yolo/ExDark_YOLO/images/train/2015_04737.png,1,0.125187,3,0,1
/root/private_data/lowlight-object-detection/datasets_yolo/ExDark_YOLO/images/train/2015_04738.png,1,0.106983,4,0,1
/root/private_data/lowlight-object-detection/datasets_yolo/ExDark_YOLO/images/train/2015_04739.jpg,1,0.156252,2,0,1
/root/private_data/lowlight-object-detection/datasets_yolo/ExDark_YOLO/images/train/2015_04741.jpg,1,0.158724,1,0,1
/root/private_data/lowlight-object-detection/datasets_yolo/ExDark_YOLO/images/train/2015_04742.jpg,3,0.157527,1,1,1
/root/private_data/lowlight-object-detection/datasets_yolo/ExDark_YOLO/images/train/2015_04743.jpg,1,0.131009,1,0,1
/root/private_data/lowlight-object-detection/datasets_yolo/ExDark_YOLO/images/train/2015_04746.png,1,0.339664,1,0,0
/root/private_data/lowlight-object-detection/datasets_yolo/ExDark_YOLO/images/train/2015_04747.jpg,1,0.081235,1,0,1
/root/private_data/lowlight-object-detection/datasets_yolo/ExDark_YOLO/images/train/2015_04749.jpg,1,0.187151,1,0,1
/root/private_data/lowlight-object-detection/datasets_yolo/ExDark_YOLO/images/train/2015_04750.jpg,1,0.256559,4,0,1
/root/private_data/lowlight-object-detection/datasets_yolo/ExDark_YOLO/images/train/2015_04752.jpg,1,0.126908,1,0,1
/root/private_data/lowlight-object-detection/datasets_yolo/ExDark_YOLO/images/train/2015_04753.jpg,1,0.148557,1,0,1
/root/private_data/lowlight-object-detection/datasets_yolo/ExDark_YOLO/images/train/2015_04755.jpg,1,0.099638,1,0,1
/root/private_data/lowlight-object-detection/datasets_yolo/ExDark_YOLO/images/train/2015_04756.jpg,1,0.254484,1,0,1
/root/private_data/lowlight-object-detection/datasets_yolo/ExDark_YOLO/images/train/2015_04757.jpg,1,0.092539,1,0,1
/root/private_data/lowlight-object-detection/datasets_yolo/ExDark_YOLO/images/train/2015_04758.jpg,1,0.058307,6,0,1
/root/private_data/lowlight-object-detection/datasets_yolo/ExDark_YOLO/images/train/2015_04759.jpg,1,0.090103,2,0,1
/root/private_data/lowlight-object-detection/datasets_yolo/ExDark_YOLO/images/train/2015_04761.jpg,1,0.099529,3,0,1
/root/private_data/lowlight-object-detection/datasets_yolo/ExDark_YOLO/images/train/2015_04762.jpg,1,0.041529,1,0,1
/root/private_data/lowlight-object-detection/datasets_yolo/ExDark_YOLO/images/train/2015_04763.jpg,1,0.173154,1,0,1
/root/private_data/lowlight-object-detection/datasets_yolo/ExDark_YOLO/images/train/2015_04765.jpg,1,0.226969,1,0,1
/root/private_data/lowlight-object-detection/datasets_yolo/ExDark_YOLO/images/train/2015_04766.jpg,1,0.061297,1,0,1
/root/private_data/lowlight-object-detection/datasets_yolo/ExDark_YOLO/images/train/2015_04767.jpg,1,0.160803,1,0,1
/root/private_data/lowlight-object-detection/datasets_yolo/ExDark_YOLO/images/train/2015_04768.png,1,0.241086,1,0,1
/root/private_data/lowlight-object-detection/datasets_yolo/ExDark_YOLO/images/train/2015_04769.jpg,1,0.253961,2,0,1
/root/private_data/lowlight-object-detection/datasets_yolo/ExDark_YOLO/images/train/2015_04770.jpg,1,0.110466,2,0,1
/root/private_data/lowlight-object-detection/datasets_yolo/ExDark_YOLO/images/train/2015_04772.jpg,1,0.140604,2,0,1
/root/private_data/lowlight-object-detection/datasets_yolo/ExDark_YOLO/images/train/2015_04773.jpg,1,0.294358,2,0,1
/root/private_data/lowlight-object-detection/datasets_yolo/ExDark_YOLO/images/train/2015_04774.jpg,1,0.270186,1,0,1
/root/private_data/lowlight-object-detection/datasets_yolo/ExDark_YOLO/images/train/2015_04776.jpg,1,0.158613,2,0,1
/root/private_data/lowlight-object-detection/datasets_yolo/ExDark_YOLO/images/train/2015_04777.jpg,1,0.066787,1,0,1
/root/private_data/lowlight-object-detection/datasets_yolo/ExDark_YOLO/images/train/2015_04778.jpg,1,0.135946,2,0,1
/root/private_data/lowlight-object-detection/datasets_yolo/ExDark_YOLO/images/train/2015_04779.jpg,1,0.033514,1,0,1
/root/private_data/lowlight-object-detection/datasets_yolo/ExDark_YOLO/images/train/2015_04780.jpg,1,0.124861,1,0,1
/root/private_data/lowlight-object-detection/datasets_yolo/ExDark_YOLO/images/train/2015_04781.jpg,1,0.009853,1,0,1
/root/private_data/lowlight-object-detection/datasets_yolo/ExDark_YOLO/images/train/2015_04782.jpg,1,0.056237,1,0,1
/root/private_data/lowlight-object-detection/datasets_yolo/ExDark_YOLO/images/train/2015_04783.png,1,0.045298,2,0,1
/root/private_data/lowlight-object-detection/datasets_yolo/ExDark_YOLO/images/train/2015_04784.jpg,1,0.087886,4,0,1
/root/private_data/lowlight-object-detection/datasets_yolo/ExDark_YOLO/images/train/2015_04786.jpg,1,0.053625,1,0,1
/root/private_data/lowlight-object-detection/datasets_yolo/ExDark_YOLO/images/train/2015_04787.jpg,1,0.023192,1,0,1
/root/private_data/lowlight-object-detection/datasets_yolo/ExDark_YOLO/images/train/2015_04788.jpg,1,0.047481,3,0,1
/root/private_data/lowlight-object-detection/datasets_yolo/ExDark_YOLO/images/train/2015_04789.jpg,1,0.169313,1,0,1
/root/private_data/lowlight-object-detection/datasets_yolo/ExDark_YOLO/images/train/2015_04790.jpg,1,0.160697,2,0,1
/root/private_data/lowlight-object-detection/datasets_yolo/ExDark_YOLO/images/train/2015_04792.jpg,1,0.104504,2,0,1
/root/private_data/lowlight-object-detection/datasets_yolo/ExDark_YOLO/images/train/2015_04793.jpg,1,0.198675,1,0,1
/root/private_data/lowlight-object-detection/datasets_yolo/ExDark_YOLO/images/train/2015_04794.jpg,1,0.075694,1,0,1
/root/private_data/lowlight-object-detection/datasets_yolo/ExDark_YOLO/images/train/2015_04796.jpg,1,0.148929,1,0,1
/root/private_data/lowlight-object-detection/datasets_yolo/ExDark_YOLO/images/train/2015_04797.jpg,1,0.039183,1,0,1
/root/private_data/lowlight-object-detection/datasets_yolo/ExDark_YOLO/images/train/2015_04799.jpg,1,0.265494,2,0,1
/root/private_data/lowlight-object-detection/datasets_yolo/ExDark_YOLO/images/train/2015_04801.jpg,1,0.349992,2,1,0
/root/private_data/lowlight-object-detection/datasets_yolo/ExDark_YOLO/images/train/2015_04802.png,1,0.290868,1,0,1
/root/private_data/lowlight-object-detection/datasets_yolo/ExDark_YOLO/images/train/2015_04803.jpg,1,0.050280,1,0,1
/root/private_data/lowlight-object-detection/datasets_yolo/ExDark_YOLO/images/train/2015_04804.jpg,1,0.088506,2,0,1
/root/private_data/lowlight-object-detection/datasets_yolo/ExDark_YOLO/images/train/2015_04806.jpg,1,0.203616,1,0,1
/root/private_data/lowlight-object-detection/datasets_yolo/ExDark_YOLO/images/train/2015_04807.jpg,1,0.222125,1,0,1
/root/private_data/lowlight-object-detection/datasets_yolo/ExDark_YOLO/images/train/2015_04808.jpg,1,0.072864,1,0,1
/root/private_data/lowlight-object-detection/datasets_yolo/ExDark_YOLO/images/train/2015_04809.jpg,1,0.081181,1,0,1
/root/private_data/lowlight-object-detection/datasets_yolo/ExDark_YOLO/images/train/2015_04810.jpg,1,0.155543,1,0,1
/root/private_data/lowlight-object-detection/datasets_yolo/ExDark_YOLO/images/train/2015_04811.jpg,1,0.248650,4,0,1
/root/private_data/lowlight-object-detection/datasets_yolo/ExDark_YOLO/images/train/2015_04812.jpg,1,0.081566,2,0,1
/root/private_data/lowlight-object-detection/datasets_yolo/ExDark_YOLO/images/train/2015_04813.jpg,1,0.301164,1,0,0
/root/private_data/lowlight-object-detection/datasets_yolo/ExDark_YOLO/images/train/2015_04814.jpg,1,0.190950,6,0,1
/root/private_data/lowlight-object-detection/datasets_yolo/ExDark_YOLO/images/train/2015_04815.jpg,1,0.055218,1,0,1
/root/private_data/lowlight-object-detection/datasets_yolo/ExDark_YOLO/images/train/2015_04817.jpg,1,0.302207,1,0,0
/root/private_data/lowlight-object-detection/datasets_yolo/ExDark_YOLO/images/train/2015_04818.jpg,1,0.079828,1,0,1
/root/private_data/lowlight-object-detection/datasets_yolo/ExDark_YOLO/images/train/2015_04819.jpg,1,0.274667,2,0,1
/root/private_data/lowlight-object-detection/datasets_yolo/ExDark_YOLO/images/train/2015_04820.jpg,1,0.271645,1,0,1
/root/private_data/lowlight-object-detection/datasets_yolo/ExDark_YOLO/images/train/2015_04822.jpg,1,0.167618,1,0,1
/root/private_data/lowlight-object-detection/datasets_yolo/ExDark_YOLO/images/train/2015_04823.jpg,1,0.053048,1,0,1
/root/private_data/lowlight-object-detection/datasets_yolo/ExDark_YOLO/images/train/2015_04824.jpg,1,0.219085,1,0,1
/root/private_data/lowlight-object-detection/datasets_yolo/ExDark_YOLO/images/train/2015_04826.jpg,1,0.163506,1,0,1
/root/private_data/lowlight-object-detection/datasets_yolo/ExDark_YOLO/images/train/2015_04828.jpg,1,0.053401,1,0,1
/root/private_data/lowlight-object-detection/datasets_yolo/ExDark_YOLO/images/train/2015_04829.jpg,1,0.097789,7,0,1
/root/private_data/lowlight-object-detection/datasets_yolo/ExDark_YOLO/images/train/2015_04830.jpg,1,0.064998,1,0,1
/root/private_data/lowlight-object-detection/datasets_yolo/ExDark_YOLO/images/train/2015_04831.jpg,1,0.100429,4,0,1
/root/private_data/lowlight-object-detection/datasets_yolo/ExDark_YOLO/images/train/2015_04832.jpg,1,0.341524,1,0,0
/root/private_data/lowlight-object-detection/datasets_yolo/ExDark_YOLO/images/train/2015_04833.jpg,1,0.207679,2,0,1
/root/private_data/lowlight-object-detection/datasets_yolo/ExDark_YOLO/images/train/2015_04835.jpg,1,0.133120,7,0,1
/root/private_data/lowlight-object-detection/datasets_yolo/ExDark_YOLO/images/train/2015_04836.jpg,1,0.337671,4,1,0
/root/private_data/lowlight-object-detection/datasets_yolo/ExDark_YOLO/images/train/2015_04837.JPEG,1,0.240478,2,0,1
/root/private_data/lowlight-object-detection/datasets_yolo/ExDark_YOLO/images/train/2015_04839.JPEG,1,0.096484,1,0,1
/root/private_data/lowlight-object-detection/datasets_yolo/ExDark_YOLO/images/train/2015_04840.JPEG,1,0.258121,6,0,1
/root/private_data/lowlight-object-detection/datasets_yolo/ExDark_YOLO/images/train/2015_04842.JPEG,1,0.090380,2,0,1
/root/private_data/lowlight-object-detection/datasets_yolo/ExDark_YOLO/images/train/2015_04843.JPEG,1,0.129021,1,0,1
/root/private_data/lowlight-object-detection/datasets_yolo/ExDark_YOLO/images/train/2015_04844.JPEG,1,0.183638,2,0,1
/root/private_data/lowlight-object-detection/datasets_yolo/ExDark_YOLO/images/train/2015_04845.JPEG,1,0.182635,1,0,1
/root/private_data/lowlight-object-detection/datasets_yolo/ExDark_YOLO/images/train/2015_04846.JPEG,1,0.115805,2,0,1
/root/private_data/lowlight-object-detection/datasets_yolo/ExDark_YOLO/images/train/2015_04847.JPEG,1,0.123372,1,0,1
/root/private_data/lowlight-object-detection/datasets_yolo/ExDark_YOLO/images/train/2015_04848.JPEG,1,0.186526,1,0,1
/root/private_data/lowlight-object-detection/datasets_yolo/ExDark_YOLO/images/train/2015_04849.JPEG,1,0.188600,2,0,1
/root/private_data/lowlight-object-detection/datasets_yolo/ExDark_YOLO/images/train/2015_04850.JPEG,1,0.106679,1,0,1
/root/private_data/lowlight-object-detection/datasets_yolo/ExDark_YOLO/images/train/2015_04851.JPEG,1,0.159973,1,0,1
/root/private_data/lowlight-object-detection/datasets_yolo/ExDark_YOLO/images/train/2015_04852.JPEG,1,0.068579,1,0,1
/root/private_data/lowlight-object-detection/datasets_yolo/ExDark_YOLO/images/train/2015_04854.JPEG,1,0.231621,1,0,1
/root/private_data/lowlight-object-detection/datasets_yolo/ExDark_YOLO/images/train/2015_04855.JPEG,1,0.177775,1,0,1
/root/private_data/lowlight-object-detection/datasets_yolo/ExDark_YOLO/images/train/2015_04856.JPEG,1,0.404171,1,0,0
/root/private_data/lowlight-object-detection/datasets_yolo/ExDark_YOLO/images/train/2015_04857.JPEG,1,0.310881,1,0,0
/root/private_data/lowlight-object-detection/datasets_yolo/ExDark_YOLO/images/train/2015_04858.JPEG,1,0.384368,1,0,0
/root/private_data/lowlight-object-detection/datasets_yolo/ExDark_YOLO/images/train/2015_04859.jpg,1,0.284934,2,0,1
/root/private_data/lowlight-object-detection/datasets_yolo/ExDark_YOLO/images/train/2015_04861.jpg,1,0.082734,1,0,1
/root/private_data/lowlight-object-detection/datasets_yolo/ExDark_YOLO/images/train/2015_04862.jpg,1,0.115026,1,0,1
/root/private_data/lowlight-object-detection/datasets_yolo/ExDark_YOLO/images/train/2015_04863.jpg,1,0.020396,1,0,1
/root/private_data/lowlight-object-detection/datasets_yolo/ExDark_YOLO/images/train/2015_04864.jpg,1,0.060524,1,0,1
/root/private_data/lowlight-object-detection/datasets_yolo/ExDark_YOLO/images/train/2015_04865.jpg,1,0.203776,1,0,1
/root/private_data/lowlight-object-detection/datasets_yolo/ExDark_YOLO/images/train/2015_04867.jpg,1,0.262214,1,0,1
/root/private_data/lowlight-object-detection/datasets_yolo/ExDark_YOLO/images/train/2015_04868.jpg,1,0.147187,3,0,1
/root/private_data/lowlight-object-detection/datasets_yolo/ExDark_YOLO/images/train/2015_04869.jpg,1,0.260559,2,0,1
/root/private_data/lowlight-object-detection/datasets_yolo/ExDark_YOLO/images/train/2015_04871.jpg,1,0.071408,2,0,1
/root/private_data/lowlight-object-detection/datasets_yolo/ExDark_YOLO/images/train/2015_04873.jpg,1,0.109111,5,0,1
/root/private_data/lowlight-object-detection/datasets_yolo/ExDark_YOLO/images/train/2015_04876.jpg,1,0.201578,1,0,1
/root/private_data/lowlight-object-detection/datasets_yolo/ExDark_YOLO/images/train/2015_04877.jpg,1,0.111996,1,0,1
/root/private_data/lowlight-object-detection/datasets_yolo/ExDark_YOLO/images/train/2015_04878.jpg,1,0.161061,3,0,1
/root/private_data/lowlight-object-detection/datasets_yolo/ExDark_YOLO/images/train/2015_04880.jpg,1,0.168910,1,0,1
/root/private_data/lowlight-object-detection/datasets_yolo/ExDark_YOLO/images/train/2015_04881.jpg,1,0.186910,1,0,1
/root/private_data/lowlight-object-detection/datasets_yolo/ExDark_YOLO/images/train/2015_04882.jpg,1,0.213861,2,0,1
/root/private_data/lowlight-object-detection/datasets_yolo/ExDark_YOLO/images/train/2015_04883.jpg,1,0.052049,1,0,1
/root/private_data/lowlight-object-detection/datasets_yolo/ExDark_YOLO/images/train/2015_04884.jpg,1,0.182241,1,0,1
/root/private_data/lowlight-object-detection/datasets_yolo/ExDark_YOLO/images/train/2015_04885.jpg,1,0.110530,1,0,1
/root/private_data/lowlight-object-detection/datasets_yolo/ExDark_YOLO/images/train/2015_04886.jpg,1,0.046988,5,0,1
/root/private_data/lowlight-object-detection/datasets_yolo/ExDark_YOLO/images/train/2015_04887.jpg,1,0.208673,1,0,1
/root/private_data/lowlight-object-detection/datasets_yolo/ExDark_YOLO/images/train/2015_04888.jpg,1,0.093894,1,0,1
/root/private_data/lowlight-object-detection/datasets_yolo/ExDark_YOLO/images/train/2015_04889.jpg,1,0.186940,5,0,1
/root/private_data/lowlight-object-detection/datasets_yolo/ExDark_YOLO/images/train/2015_04890.jpg,1,0.176507,1,0,1
/root/private_data/lowlight-object-detection/datasets_yolo/ExDark_YOLO/images/train/2015_04891.jpg,1,0.157623,1,0,1
/root/private_data/lowlight-object-detection/datasets_yolo/ExDark_YOLO/images/train/2015_04892.jpg,1,0.072419,1,0,1
/root/private_data/lowlight-object-detection/datasets_yolo/ExDark_YOLO/images/train/2015_04893.jpg,1,0.182616,1,0,1
/root/private_data/lowlight-object-detection/datasets_yolo/ExDark_YOLO/images/train/2015_04895.jpg,1,0.043569,3,0,1
/root/private_data/lowlight-object-detection/datasets_yolo/ExDark_YOLO/images/train/2015_04896.jpg,1,0.262200,2,0,1
/root/private_data/lowlight-object-detection/datasets_yolo/ExDark_YOLO/images/train/2015_04898.jpg,1,0.035396,1,0,1
/root/private_data/lowlight-object-detection/datasets_yolo/ExDark_YOLO/images/train/2015_04899.jpg,1,0.283796,1,0,1
/root/private_data/lowlight-object-detection/datasets_yolo/ExDark_YOLO/images/train/2015_04900.jpg,1,0.324859,1,0,0
/root/private_data/lowlight-object-detection/datasets_yolo/ExDark_YOLO/images/train/2015_04903.jpg,1,0.086181,1,0,1
/root/private_data/lowlight-object-detection/datasets_yolo/ExDark_YOLO/images/train/2015_04904.jpg,1,0.133905,2,0,1
/root/private_data/lowlight-object-detection/datasets_yolo/ExDark_YOLO/images/train/2015_04905.jpg,1,0.078248,1,0,1
/root/private_data/lowlight-object-detection/datasets_yolo/ExDark_YOLO/images/train/2015_04907.jpg,1,0.141890,6,0,1
/root/private_data/lowlight-object-detection/datasets_yolo/ExDark_YOLO/images/train/2015_04908.jpg,1,0.356020,1,0,0
/root/private_data/lowlight-object-detection/datasets_yolo/ExDark_YOLO/images/train/2015_04909.png,1,0.334863,1,0,0
/root/private_data/lowlight-object-detection/datasets_yolo/ExDark_YOLO/images/train/2015_04910.png,1,0.075482,2,0,1
/root/private_data/lowlight-object-detection/datasets_yolo/ExDark_YOLO/images/train/2015_04912.png,2,0.083904,3,1,1
/root/private_data/lowlight-object-detection/datasets_yolo/ExDark_YOLO/images/train/2015_04913.png,2,0.091538,3,1,1
/root/private_data/lowlight-object-detection/datasets_yolo/ExDark_YOLO/images/train/2015_04914.png,2,0.072986,5,1,1
/root/private_data/lowlight-object-detection/datasets_yolo/ExDark_YOLO/images/train/2015_04915.png,1,0.211669,4,0,1
/root/private_data/lowlight-object-detection/datasets_yolo/ExDark_YOLO/images/train/2015_04916.png,1,0.048667,2,0,1
/root/private_data/lowlight-object-detection/datasets_yolo/ExDark_YOLO/images/train/2015_04917.png,1,0.113526,1,0,1
/root/private_data/lowlight-object-detection/datasets_yolo/ExDark_YOLO/images/train/2015_04919.png,1,0.079414,1,0,1
/root/private_data/lowlight-object-detection/datasets_yolo/ExDark_YOLO/images/train/2015_04921.png,2,0.192698,5,1,1
/root/private_data/lowlight-object-detection/datasets_yolo/ExDark_YOLO/images/train/2015_04922.png,1,0.145632,2,0,1
/root/private_data/lowlight-object-detection/datasets_yolo/ExDark_YOLO/images/train/2015_04923.png,1,0.159758,2,0,1
/root/private_data/lowlight-object-detection/datasets_yolo/ExDark_YOLO/images/train/2015_04924.png,1,0.141446,2,0,1
/root/private_data/lowlight-object-detection/datasets_yolo/ExDark_YOLO/images/train/2015_04926.png,1,0.105498,3,0,1
/root/private_data/lowlight-object-detection/datasets_yolo/ExDark_YOLO/images/train/2015_04928.png,2,0.020022,2,1,1
/root/private_data/lowlight-object-detection/datasets_yolo/ExDark_YOLO/images/train/2015_04930.png,1,0.155389,3,0,1
/root/private_data/lowlight-object-detection/datasets_yolo/ExDark_YOLO/images/train/2015_04931.png,2,0.074738,3,1,1
/root/private_data/lowlight-object-detection/datasets_yolo/ExDark_YOLO/images/train/2015_04932.png,1,0.456331,4,1,0
/root/private_data/lowlight-object-detection/datasets_yolo/ExDark_YOLO/images/train/2015_04933.png,2,0.265582,8,1,1
/root/private_data/lowlight-object-detection/datasets_yolo/ExDark_YOLO/images/train/2015_04934.png,2,0.207650,7,1,1
/root/private_data/lowlight-object-detection/datasets_yolo/ExDark_YOLO/images/train/2015_04935.png,2,0.249588,7,1,1
/root/private_data/lowlight-object-detection/datasets_yolo/ExDark_YOLO/images/train/2015_04936.png,1,0.053069,1,0,1
/root/private_data/lowlight-object-detection/datasets_yolo/ExDark_YOLO/images/train/2015_04937.jpg,1,0.201803,1,0,1
/root/private_data/lowlight-object-detection/datasets_yolo/ExDark_YOLO/images/train/2015_04938.jpg,1,0.220902,1,0,1
/root/private_data/lowlight-object-detection/datasets_yolo/ExDark_YOLO/images/train/2015_04939.jpg,1,0.084962,1,0,1
/root/private_data/lowlight-object-detection/datasets_yolo/ExDark_YOLO/images/train/2015_04940.jpg,3,0.088527,12,1,1
/root/private_data/lowlight-object-detection/datasets_yolo/ExDark_YOLO/images/train/2015_04941.jpg,1,0.254088,2,0,1
/root/private_data/lowlight-object-detection/datasets_yolo/ExDark_YOLO/images/train/2015_04942.jpg,1,0.075717,2,0,1
/root/private_data/lowlight-object-detection/datasets_yolo/ExDark_YOLO/images/train/2015_04944.jpg,1,0.178041,1,0,1
/root/private_data/lowlight-object-detection/datasets_yolo/ExDark_YOLO/images/train/2015_04945.png,1,0.076246,1,0,1
/root/private_data/lowlight-object-detection/datasets_yolo/ExDark_YOLO/images/train/2015_04946.jpg,1,0.253998,2,0,1
/root/private_data/lowlight-object-detection/datasets_yolo/ExDark_YOLO/images/train/2015_04950.png,1,0.099364,1,0,1
/root/private_data/lowlight-object-detection/datasets_yolo/ExDark_YOLO/images/train/2015_04952.jpg,3,0.095656,7,1,1
/root/private_data/lowlight-object-detection/datasets_yolo/ExDark_YOLO/images/train/2015_04953.jpg,1,0.091806,1,0,1
/root/private_data/lowlight-object-detection/datasets_yolo/ExDark_YOLO/images/train/2015_04954.jpg,1,0.084327,1,0,1
/root/private_data/lowlight-object-detection/datasets_yolo/ExDark_YOLO/images/train/2015_04955.jpg,1,0.165561,2,0,1
/root/private_data/lowlight-object-detection/datasets_yolo/ExDark_YOLO/images/train/2015_04956.jpg,1,0.131294,3,0,1
/root/private_data/lowlight-object-detection/datasets_yolo/ExDark_YOLO/images/train/2015_04958.jpg,1,0.117721,2,0,1
/root/private_data/lowlight-object-detection/datasets_yolo/ExDark_YOLO/images/train/2015_04959.jpg,1,0.036775,1,0,1
/root/private_data/lowlight-object-detection/datasets_yolo/ExDark_YOLO/images/train/2015_04960.jpg,1,0.163462,4,0,1
/root/private_data/lowlight-object-detection/datasets_yolo/ExDark_YOLO/images/train/2015_04961.jpg,1,0.118292,1,0,1
/root/private_data/lowlight-object-detection/datasets_yolo/ExDark_YOLO/images/train/2015_04962.jpg,1,0.085144,8,0,1
/root/private_data/lowlight-object-detection/datasets_yolo/ExDark_YOLO/images/train/2015_04963.jpg,1,0.201460,1,0,1
/root/private_data/lowlight-object-detection/datasets_yolo/ExDark_YOLO/images/train/2015_04965.jpg,3,0.097042,5,1,1
/root/private_data/lowlight-object-detection/datasets_yolo/ExDark_YOLO/images/train/2015_04966.jpg,1,0.057944,1,0,1
/root/private_data/lowlight-object-detection/datasets_yolo/ExDark_YOLO/images/train/2015_04968.jpg,1,0.139667,3,0,1
/root/private_data/lowlight-object-detection/datasets_yolo/ExDark_YOLO/images/train/2015_04971.jpg,1,0.133034,1,0,1
/root/private_data/lowlight-object-detection/datasets_yolo/ExDark_YOLO/images/train/2015_04972.jpg,1,0.109424,3,0,1
/root/private_data/lowlight-object-detection/datasets_yolo/ExDark_YOLO/images/train/2015_04973.jpg,1,0.127525,2,0,1
/root/private_data/lowlight-object-detection/datasets_yolo/ExDark_YOLO/images/train/2015_04975.jpg,1,0.292594,2,0,1
/root/private_data/lowlight-object-detection/datasets_yolo/ExDark_YOLO/images/train/2015_04976.jpg,1,0.142816,1,0,1
/root/private_data/lowlight-object-detection/datasets_yolo/ExDark_YOLO/images/train/2015_04977.jpg,1,0.108923,2,0,1
/root/private_data/lowlight-object-detection/datasets_yolo/ExDark_YOLO/images/train/2015_04978.jpg,1,0.158879,1,0,1
/root/private_data/lowlight-object-detection/datasets_yolo/ExDark_YOLO/images/train/2015_04979.jpg,1,0.316046,1,0,0
/root/private_data/lowlight-object-detection/datasets_yolo/ExDark_YOLO/images/train/2015_04982.jpg,2,0.277844,4,1,1
/root/private_data/lowlight-object-detection/datasets_yolo/ExDark_YOLO/images/train/2015_04983.jpg,1,0.219926,3,0,1
/root/private_data/lowlight-object-detection/datasets_yolo/ExDark_YOLO/images/train/2015_04984.jpg,1,0.140566,5,0,1
/root/private_data/lowlight-object-detection/datasets_yolo/ExDark_YOLO/images/train/2015_04986.jpg,2,0.182286,6,1,1
/root/private_data/lowlight-object-detection/datasets_yolo/ExDark_YOLO/images/train/2015_04987.jpg,1,0.208816,2,0,1
/root/private_data/lowlight-object-detection/datasets_yolo/ExDark_YOLO/images/train/2015_04988.jpg,1,0.170750,1,0,1
/root/private_data/lowlight-object-detection/datasets_yolo/ExDark_YOLO/images/train/2015_04989.jpg,1,0.035551,5,0,1
/root/private_data/lowlight-object-detection/datasets_yolo/ExDark_YOLO/images/train/2015_04991.jpg,1,0.250142,4,0,1
/root/private_data/lowlight-object-detection/datasets_yolo/ExDark_YOLO/images/train/2015_04992.jpg,2,0.048636,2,1,1
/root/private_data/lowlight-object-detection/datasets_yolo/ExDark_YOLO/images/train/2015_04993.jpg,1,0.055927,2,0,1
/root/private_data/lowlight-object-detection/datasets_yolo/ExDark_YOLO/images/train/2015_04994.jpg,1,0.136466,3,0,1
/root/private_data/lowlight-object-detection/datasets_yolo/ExDark_YOLO/images/train/2015_04996.jpg,1,0.129005,1,0,1
/root/private_data/lowlight-object-detection/datasets_yolo/ExDark_YOLO/images/train/2015_04998.jpg,1,0.197135,1,0,1
/root/private_data/lowlight-object-detection/datasets_yolo/ExDark_YOLO/images/train/2015_04999.jpg,2,0.230010,1,1,1
/root/private_data/lowlight-object-detection/datasets_yolo/ExDark_YOLO/images/train/2015_05000.jpg,1,0.042018,1,0,1
/root/private_data/lowlight-object-detection/datasets_yolo/ExDark_YOLO/images/train/2015_05001.jpg,1,0.186223,2,0,1
/root/private_data/lowlight-object-detection/datasets_yolo/ExDark_YOLO/images/train/2015_05002.jpg,1,0.097114,2,0,1
/root/private_data/lowlight-object-detection/datasets_yolo/ExDark_YOLO/images/train/2015_05003.jpg,1,0.085643,1,0,1
/root/private_data/lowlight-object-detection/datasets_yolo/ExDark_YOLO/images/train/2015_05004.jpg,1,0.076005,1,0,1
/root/private_data/lowlight-object-detection/datasets_yolo/ExDark_YOLO/images/train/2015_05005.jpg,1,0.232595,1,0,1
/root/private_data/lowlight-object-detection/datasets_yolo/ExDark_YOLO/images/train/2015_05006.jpg,1,0.085204,2,0,1
/root/private_data/lowlight-object-detection/datasets_yolo/ExDark_YOLO/images/train/2015_05008.jpg,1,0.158728,3,0,1
/root/private_data/lowlight-object-detection/datasets_yolo/ExDark_YOLO/images/train/2015_05009.jpg,2,0.045973,1,1,1
/root/private_data/lowlight-object-detection/datasets_yolo/ExDark_YOLO/images/train/2015_05010.jpg,1,0.177063,2,0,1
/root/private_data/lowlight-object-detection/datasets_yolo/ExDark_YOLO/images/train/2015_05011.jpg,1,0.139165,1,0,1
/root/private_data/lowlight-object-detection/datasets_yolo/ExDark_YOLO/images/train/2015_05012.jpg,1,0.406707,4,0,0
/root/private_data/lowlight-object-detection/datasets_yolo/ExDark_YOLO/images/train/2015_05013.jpg,1,0.164391,2,0,1
/root/private_data/lowlight-object-detection/datasets_yolo/ExDark_YOLO/images/train/2015_05015.jpg,1,0.206228,4,0,1
/root/private_data/lowlight-object-detection/datasets_yolo/ExDark_YOLO/images/train/2015_05016.jpg,1,0.042194,1,0,1
/root/private_data/lowlight-object-detection/datasets_yolo/ExDark_YOLO/images/train/2015_05017.jpg,1,0.109446,2,0,1
/root/private_data/lowlight-object-detection/datasets_yolo/ExDark_YOLO/images/train/2015_05019.jpg,1,0.084427,5,0,1
/root/private_data/lowlight-object-detection/datasets_yolo/ExDark_YOLO/images/train/2015_05020.jpg,1,0.065442,2,0,1
/root/private_data/lowlight-object-detection/datasets_yolo/ExDark_YOLO/images/train/2015_05021.jpg,1,0.061950,1,0,1
/root/private_data/lowlight-object-detection/datasets_yolo/ExDark_YOLO/images/train/2015_05025.jpg,1,0.009854,1,0,1
/root/private_data/lowlight-object-detection/datasets_yolo/ExDark_YOLO/images/train/2015_05026.jpg,2,0.227455,9,1,1
/root/private_data/lowlight-object-detection/datasets_yolo/ExDark_YOLO/images/train/2015_05029.jpg,1,0.135215,1,0,1
/root/private_data/lowlight-object-detection/datasets_yolo/ExDark_YOLO/images/train/2015_05030.jpg,1,0.138176,1,0,1
/root/private_data/lowlight-object-detection/datasets_yolo/ExDark_YOLO/images/train/2015_05031.jpg,1,0.068084,3,0,1
/root/private_data/lowlight-object-detection/datasets_yolo/ExDark_YOLO/images/train/2015_05032.jpg,1,0.205759,1,0,1
/root/private_data/lowlight-object-detection/datasets_yolo/ExDark_YOLO/images/train/2015_05035.jpg,2,0.076812,2,1,1
/root/private_data/lowlight-object-detection/datasets_yolo/ExDark_YOLO/images/train/2015_05036.jpg,3,0.157051,5,1,1
/root/private_data/lowlight-object-detection/datasets_yolo/ExDark_YOLO/images/train/2015_05037.jpg,1,0.102852,2,0,1
/root/private_data/lowlight-object-detection/datasets_yolo/ExDark_YOLO/images/train/2015_05038.jpg,1,0.319725,2,0,0
/root/private_data/lowlight-object-detection/datasets_yolo/ExDark_YOLO/images/train/2015_05039.jpg,3,0.077161,5,1,1
/root/private_data/lowlight-object-detection/datasets_yolo/ExDark_YOLO/images/train/2015_05040.jpg,1,0.213565,3,0,1
/root/private_data/lowlight-object-detection/datasets_yolo/ExDark_YOLO/images/train/2015_05041.jpg,2,0.122652,3,1,1
/root/private_data/lowlight-object-detection/datasets_yolo/ExDark_YOLO/images/train/2015_05042.jpg,1,0.092148,1,0,1
/root/private_data/lowlight-object-detection/datasets_yolo/ExDark_YOLO/images/train/2015_05043.jpg,1,0.339356,4,1,0
/root/private_data/lowlight-object-detection/datasets_yolo/ExDark_YOLO/images/train/2015_05044.jpg,1,0.072078,6,0,1
/root/private_data/lowlight-object-detection/datasets_yolo/ExDark_YOLO/images/train/2015_05045.jpg,1,0.309303,3,0,0
/root/private_data/lowlight-object-detection/datasets_yolo/ExDark_YOLO/images/train/2015_05046.jpg,1,0.091717,1,0,1
/root/private_data/lowlight-object-detection/datasets_yolo/ExDark_YOLO/images/train/2015_05047.jpg,1,0.032453,1,0,1
/root/private_data/lowlight-object-detection/datasets_yolo/ExDark_YOLO/images/train/2015_05048.jpg,3,0.115928,6,1,1
/root/private_data/lowlight-object-detection/datasets_yolo/ExDark_YOLO/images/train/2015_05049.jpg,1,0.256838,6,0,1
/root/private_data/lowlight-object-detection/datasets_yolo/ExDark_YOLO/images/train/2015_05052.jpg,1,0.227143,1,0,1
/root/private_data/lowlight-object-detection/datasets_yolo/ExDark_YOLO/images/train/2015_05053.jpg,1,0.266064,2,0,1
/root/private_data/lowlight-object-detection/datasets_yolo/ExDark_YOLO/images/train/2015_05054.jpg,1,0.250243,2,0,1
/root/private_data/lowlight-object-detection/datasets_yolo/ExDark_YOLO/images/train/2015_05055.jpg,1,0.140031,1,0,1
/root/private_data/lowlight-object-detection/datasets_yolo/ExDark_YOLO/images/train/2015_05056.jpg,1,0.296297,1,0,1
/root/private_data/lowlight-object-detection/datasets_yolo/ExDark_YOLO/images/train/2015_05057.jpg,1,0.214228,4,0,1
/root/private_data/lowlight-object-detection/datasets_yolo/ExDark_YOLO/images/train/2015_05058.jpg,1,0.139676,1,0,1
/root/private_data/lowlight-object-detection/datasets_yolo/ExDark_YOLO/images/train/2015_05060.jpg,1,0.078363,3,0,1
/root/private_data/lowlight-object-detection/datasets_yolo/ExDark_YOLO/images/train/2015_05061.jpg,1,0.122845,2,0,1
/root/private_data/lowlight-object-detection/datasets_yolo/ExDark_YOLO/images/train/2015_05062.jpg,1,0.110336,2,0,1
/root/private_data/lowlight-object-detection/datasets_yolo/ExDark_YOLO/images/train/2015_05063.jpg,1,0.102512,1,0,1
/root/private_data/lowlight-object-detection/datasets_yolo/ExDark_YOLO/images/train/2015_05064.jpg,1,0.034141,2,0,1
/root/private_data/lowlight-object-detection/datasets_yolo/ExDark_YOLO/images/train/2015_05065.jpg,1,0.045705,1,0,1
/root/private_data/lowlight-object-detection/datasets_yolo/ExDark_YOLO/images/train/2015_05067.jpg,1,0.140875,2,0,1
/root/private_data/lowlight-object-detection/datasets_yolo/ExDark_YOLO/images/train/2015_05068.jpg,1,0.126959,1,0,1
/root/private_data/lowlight-object-detection/datasets_yolo/ExDark_YOLO/images/train/2015_05070.jpg,1,0.147116,1,0,1
/root/private_data/lowlight-object-detection/datasets_yolo/ExDark_YOLO/images/train/2015_05071.jpg,1,0.112762,1,0,1
/root/private_data/lowlight-object-detection/datasets_yolo/ExDark_YOLO/images/train/2015_05072.jpg,1,0.124755,2,0,1
/root/private_data/lowlight-object-detection/datasets_yolo/ExDark_YOLO/images/train/2015_05073.jpg,1,0.069123,1,0,1
/root/private_data/lowlight-object-detection/datasets_yolo/ExDark_YOLO/images/train/2015_05074.jpg,1,0.197181,2,0,1
/root/private_data/lowlight-object-detection/datasets_yolo/ExDark_YOLO/images/train/2015_05075.jpg,1,0.113695,2,0,1
/root/private_data/lowlight-object-detection/datasets_yolo/ExDark_YOLO/images/train/2015_05076.jpg,1,0.034289,1,0,1
/root/private_data/lowlight-object-detection/datasets_yolo/ExDark_YOLO/images/train/2015_05077.jpg,1,0.099984,3,0,1
/root/private_data/lowlight-object-detection/datasets_yolo/ExDark_YOLO/images/train/2015_05078.jpg,1,0.088207,1,0,1
/root/private_data/lowlight-object-detection/datasets_yolo/ExDark_YOLO/images/train/2015_05079.jpg,1,0.071020,1,0,1
/root/private_data/lowlight-object-detection/datasets_yolo/ExDark_YOLO/images/train/2015_05080.jpg,2,0.038657,3,1,1
/root/private_data/lowlight-object-detection/datasets_yolo/ExDark_YOLO/images/train/2015_05082.jpg,1,0.114519,1,0,1
/root/private_data/lowlight-object-detection/datasets_yolo/ExDark_YOLO/images/train/2015_05083.jpg,1,0.072898,3,0,1
/root/private_data/lowlight-object-detection/datasets_yolo/ExDark_YOLO/images/train/2015_05084.jpg,1,0.024644,1,0,1
/root/private_data/lowlight-object-detection/datasets_yolo/ExDark_YOLO/images/train/2015_05085.jpg,1,0.084511,2,0,1
/root/private_data/lowlight-object-detection/datasets_yolo/ExDark_YOLO/images/train/2015_05086.jpg,2,0.081274,5,1,1
/root/private_data/lowlight-object-detection/datasets_yolo/ExDark_YOLO/images/train/2015_05087.jpg,1,0.137903,2,0,1
/root/private_data/lowlight-object-detection/datasets_yolo/ExDark_YOLO/images/train/2015_05088.jpg,1,0.160178,6,0,1
/root/private_data/lowlight-object-detection/datasets_yolo/ExDark_YOLO/images/train/2015_05089.jpg,1,0.270502,1,0,1
/root/private_data/lowlight-object-detection/datasets_yolo/ExDark_YOLO/images/train/2015_05091.jpg,2,0.213773,6,1,1
/root/private_data/lowlight-object-detection/datasets_yolo/ExDark_YOLO/images/train/2015_05092.jpg,1,0.299515,2,0,1
/root/private_data/lowlight-object-detection/datasets_yolo/ExDark_YOLO/images/train/2015_05093.jpg,1,0.152539,1,0,1
/root/private_data/lowlight-object-detection/datasets_yolo/ExDark_YOLO/images/train/2015_05094.jpg,1,0.110818,2,0,1
/root/private_data/lowlight-object-detection/datasets_yolo/ExDark_YOLO/images/train/2015_05095.jpg,1,0.143687,2,0,1
/root/private_data/lowlight-object-detection/datasets_yolo/ExDark_YOLO/images/train/2015_05096.jpg,1,0.146987,1,0,1
/root/private_data/lowlight-object-detection/datasets_yolo/ExDark_YOLO/images/train/2015_05097.jpg,1,0.301635,2,0,0
/root/private_data/lowlight-object-detection/datasets_yolo/ExDark_YOLO/images/train/2015_05098.jpg,1,0.122899,1,0,1
/root/private_data/lowlight-object-detection/datasets_yolo/ExDark_YOLO/images/train/2015_05099.jpg,1,0.036206,1,0,1
/root/private_data/lowlight-object-detection/datasets_yolo/ExDark_YOLO/images/train/2015_05100.jpg,1,0.118583,4,0,1
/root/private_data/lowlight-object-detection/datasets_yolo/ExDark_YOLO/images/train/2015_05101.jpg,1,0.227959,1,0,1
/root/private_data/lowlight-object-detection/datasets_yolo/ExDark_YOLO/images/train/2015_05102.jpg,1,0.062980,1,0,1
/root/private_data/lowlight-object-detection/datasets_yolo/ExDark_YOLO/images/train/2015_05103.jpg,1,0.177185,3,0,1
/root/private_data/lowlight-object-detection/datasets_yolo/ExDark_YOLO/images/train/2015_05104.jpg,2,0.225235,1,1,1
/root/private_data/lowlight-object-detection/datasets_yolo/ExDark_YOLO/images/train/2015_05105.jpg,1,0.135969,2,0,1
/root/private_data/lowlight-object-detection/datasets_yolo/ExDark_YOLO/images/train/2015_05107.jpg,1,0.288722,4,0,1
/root/private_data/lowlight-object-detection/datasets_yolo/ExDark_YOLO/images/train/2015_05109.jpg,1,0.020900,1,0,1
/root/private_data/lowlight-object-detection/datasets_yolo/ExDark_YOLO/images/train/2015_05110.jpg,1,0.098100,2,0,1
/root/private_data/lowlight-object-detection/datasets_yolo/ExDark_YOLO/images/train/2015_05111.jpg,1,0.079584,1,0,1
/root/private_data/lowlight-object-detection/datasets_yolo/ExDark_YOLO/images/train/2015_05113.jpg,1,0.128508,2,0,1
/root/private_data/lowlight-object-detection/datasets_yolo/ExDark_YOLO/images/train/2015_05115.jpg,1,0.092788,3,0,1
/root/private_data/lowlight-object-detection/datasets_yolo/ExDark_YOLO/images/train/2015_05116.jpg,1,0.227341,1,0,1
/root/private_data/lowlight-object-detection/datasets_yolo/ExDark_YOLO/images/train/2015_05118.jpg,1,0.133907,1,0,1
/root/private_data/lowlight-object-detection/datasets_yolo/ExDark_YOLO/images/train/2015_05119.jpg,1,0.011990,1,0,1
/root/private_data/lowlight-object-detection/datasets_yolo/ExDark_YOLO/images/train/2015_05120.jpg,1,0.165833,1,0,1
/root/private_data/lowlight-object-detection/datasets_yolo/ExDark_YOLO/images/train/2015_05121.jpg,1,0.031897,1,0,1
/root/private_data/lowlight-object-detection/datasets_yolo/ExDark_YOLO/images/train/2015_05122.jpg,1,0.134570,1,0,1
/root/private_data/lowlight-object-detection/datasets_yolo/ExDark_YOLO/images/train/2015_05123.jpg,1,0.043250,1,0,1
/root/private_data/lowlight-object-detection/datasets_yolo/ExDark_YOLO/images/train/2015_05125.jpg,1,0.124988,3,0,1
/root/private_data/lowlight-object-detection/datasets_yolo/ExDark_YOLO/images/train/2015_05126.jpg,1,0.063144,1,0,1
/root/private_data/lowlight-object-detection/datasets_yolo/ExDark_YOLO/images/train/2015_05127.jpg,1,0.018593,1,0,1
/root/private_data/lowlight-object-detection/datasets_yolo/ExDark_YOLO/images/train/2015_05128.jpg,1,0.017341,1,0,1
/root/private_data/lowlight-object-detection/datasets_yolo/ExDark_YOLO/images/train/2015_05129.jpg,1,0.146820,3,0,1
/root/private_data/lowlight-object-detection/datasets_yolo/ExDark_YOLO/images/train/2015_05130.jpg,1,0.163715,2,0,1
/root/private_data/lowlight-object-detection/datasets_yolo/ExDark_YOLO/images/train/2015_05131.jpg,1,0.081540,1,0,1
/root/private_data/lowlight-object-detection/datasets_yolo/ExDark_YOLO/images/train/2015_05133.jpg,1,0.230208,1,0,1
/root/private_data/lowlight-object-detection/datasets_yolo/ExDark_YOLO/images/train/2015_05134.jpg,1,0.063871,1,0,1
/root/private_data/lowlight-object-detection/datasets_yolo/ExDark_YOLO/images/train/2015_05135.jpg,1,0.127783,6,0,1
/root/private_data/lowlight-object-detection/datasets_yolo/ExDark_YOLO/images/train/2015_05136.jpg,1,0.180637,2,0,1
/root/private_data/lowlight-object-detection/datasets_yolo/ExDark_YOLO/images/train/2015_05137.jpg,2,0.108597,2,1,1
/root/private_data/lowlight-object-detection/datasets_yolo/ExDark_YOLO/images/train/2015_05139.jpg,2,0.109007,2,1,1
/root/private_data/lowlight-object-detection/datasets_yolo/ExDark_YOLO/images/train/2015_05140.jpg,1,0.048629,1,0,1
/root/private_data/lowlight-object-detection/datasets_yolo/ExDark_YOLO/images/train/2015_05141.jpg,1,0.020927,1,0,1
/root/private_data/lowlight-object-detection/datasets_yolo/ExDark_YOLO/images/train/2015_05142.jpg,1,0.095705,2,0,1
/root/private_data/lowlight-object-detection/datasets_yolo/ExDark_YOLO/images/train/2015_05143.jpg,1,0.080057,2,0,1
/root/private_data/lowlight-object-detection/datasets_yolo/ExDark_YOLO/images/train/2015_05144.jpg,1,0.195036,1,0,1
/root/private_data/lowlight-object-detection/datasets_yolo/ExDark_YOLO/images/train/2015_05145.jpg,1,0.124760,1,0,1
/root/private_data/lowlight-object-detection/datasets_yolo/ExDark_YOLO/images/train/2015_05146.jpg,1,0.073161,3,0,1
/root/private_data/lowlight-object-detection/datasets_yolo/ExDark_YOLO/images/train/2015_05147.jpg,1,0.184610,1,0,1
/root/private_data/lowlight-object-detection/datasets_yolo/ExDark_YOLO/images/train/2015_05148.jpg,1,0.023538,1,0,1
/root/private_data/lowlight-object-detection/datasets_yolo/ExDark_YOLO/images/train/2015_05149.jpg,1,0.064168,1,0,1
/root/private_data/lowlight-object-detection/datasets_yolo/ExDark_YOLO/images/train/2015_05150.jpg,1,0.138271,2,0,1
/root/private_data/lowlight-object-detection/datasets_yolo/ExDark_YOLO/images/train/2015_05152.jpg,3,0.165005,3,1,1
/root/private_data/lowlight-object-detection/datasets_yolo/ExDark_YOLO/images/train/2015_05153.jpg,1,0.130878,4,0,1
/root/private_data/lowlight-object-detection/datasets_yolo/ExDark_YOLO/images/train/2015_05155.jpg,1,0.245940,1,0,1
/root/private_data/lowlight-object-detection/datasets_yolo/ExDark_YOLO/images/train/2015_05156.jpg,1,0.176999,1,0,1
/root/private_data/lowlight-object-detection/datasets_yolo/ExDark_YOLO/images/train/2015_05157.jpg,1,0.281708,2,0,1
/root/private_data/lowlight-object-detection/datasets_yolo/ExDark_YOLO/images/train/2015_05158.jpg,2,0.103621,5,1,1
/root/private_data/lowlight-object-detection/datasets_yolo/ExDark_YOLO/images/train/2015_05159.jpg,1,0.187901,1,0,1
/root/private_data/lowlight-object-detection/datasets_yolo/ExDark_YOLO/images/train/2015_05160.jpg,1,0.112662,1,0,1
/root/private_data/lowlight-object-detection/datasets_yolo/ExDark_YOLO/images/train/2015_05161.jpg,1,0.395055,2,0,0
/root/private_data/lowlight-object-detection/datasets_yolo/ExDark_YOLO/images/train/2015_05164.jpg,1,0.054154,2,0,1
/root/private_data/lowlight-object-detection/datasets_yolo/ExDark_YOLO/images/train/2015_05165.jpg,1,0.153788,1,0,1
/root/private_data/lowlight-object-detection/datasets_yolo/ExDark_YOLO/images/train/2015_05167.jpg,1,0.175172,1,0,1
/root/private_data/lowlight-object-detection/datasets_yolo/ExDark_YOLO/images/train/2015_05168.jpg,1,0.031631,2,0,1
/root/private_data/lowlight-object-detection/datasets_yolo/ExDark_YOLO/images/train/2015_05169.jpg,1,0.115605,7,0,1
/root/private_data/lowlight-object-detection/datasets_yolo/ExDark_YOLO/images/train/2015_05170.jpg,1,0.262498,1,0,1
/root/private_data/lowlight-object-detection/datasets_yolo/ExDark_YOLO/images/train/2015_05171.jpg,1,0.127169,1,0,1
/root/private_data/lowlight-object-detection/datasets_yolo/ExDark_YOLO/images/train/2015_05172.jpg,1,0.117964,2,0,1
/root/private_data/lowlight-object-detection/datasets_yolo/ExDark_YOLO/images/train/2015_05173.jpg,1,0.122158,5,0,1
/root/private_data/lowlight-object-detection/datasets_yolo/ExDark_YOLO/images/train/2015_05175.jpg,1,0.079365,3,0,1
/root/private_data/lowlight-object-detection/datasets_yolo/ExDark_YOLO/images/train/2015_05177.jpg,1,0.194423,2,0,1
/root/private_data/lowlight-object-detection/datasets_yolo/ExDark_YOLO/images/train/2015_05178.jpg,1,0.068097,5,0,1
/root/private_data/lowlight-object-detection/datasets_yolo/ExDark_YOLO/images/train/2015_05179.jpg,1,0.024000,1,0,1
/root/private_data/lowlight-object-detection/datasets_yolo/ExDark_YOLO/images/train/2015_05182.jpg,1,0.167662,4,0,1
/root/private_data/lowlight-object-detection/datasets_yolo/ExDark_YOLO/images/train/2015_05183.jpg,1,0.100113,2,0,1
/root/private_data/lowlight-object-detection/datasets_yolo/ExDark_YOLO/images/train/2015_05184.jpg,1,0.135246,1,0,1
/root/private_data/lowlight-object-detection/datasets_yolo/ExDark_YOLO/images/train/2015_05185.jpg,1,0.215218,7,0,1
/root/private_data/lowlight-object-detection/datasets_yolo/ExDark_YOLO/images/train/2015_05186.jpg,1,0.141567,7,0,1
/root/private_data/lowlight-object-detection/datasets_yolo/ExDark_YOLO/images/train/2015_05187.jpg,1,0.232348,4,0,1
/root/private_data/lowlight-object-detection/datasets_yolo/ExDark_YOLO/images/train/2015_05188.jpg,1,0.248954,1,0,1
/root/private_data/lowlight-object-detection/datasets_yolo/ExDark_YOLO/images/train/2015_05189.jpg,3,0.169031,5,1,1
/root/private_data/lowlight-object-detection/datasets_yolo/ExDark_YOLO/images/train/2015_05190.jpg,2,0.247243,11,1,1
/root/private_data/lowlight-object-detection/datasets_yolo/ExDark_YOLO/images/train/2015_05192.jpg,1,0.178401,1,0,1
/root/private_data/lowlight-object-detection/datasets_yolo/ExDark_YOLO/images/train/2015_05193.jpg,1,0.052593,1,0,1
/root/private_data/lowlight-object-detection/datasets_yolo/ExDark_YOLO/images/train/2015_05194.jpg,1,0.088659,3,0,1
/root/private_data/lowlight-object-detection/datasets_yolo/ExDark_YOLO/images/train/2015_05195.jpg,1,0.353505,1,0,0
/root/private_data/lowlight-object-detection/datasets_yolo/ExDark_YOLO/images/train/2015_05197.jpg,1,0.137825,1,0,1
/root/private_data/lowlight-object-detection/datasets_yolo/ExDark_YOLO/images/train/2015_05198.jpg,1,0.146372,5,0,1
/root/private_data/lowlight-object-detection/datasets_yolo/ExDark_YOLO/images/train/2015_05199.jpg,1,0.371722,1,0,0
/root/private_data/lowlight-object-detection/datasets_yolo/ExDark_YOLO/images/train/2015_05200.jpg,1,0.025668,1,0,1
/root/private_data/lowlight-object-detection/datasets_yolo/ExDark_YOLO/images/train/2015_05201.jpg,1,0.164981,1,0,1
/root/private_data/lowlight-object-detection/datasets_yolo/ExDark_YOLO/images/train/2015_05202.jpg,1,0.143469,1,0,1
/root/private_data/lowlight-object-detection/datasets_yolo/ExDark_YOLO/images/train/2015_05203.jpg,1,0.152001,2,0,1
/root/private_data/lowlight-object-detection/datasets_yolo/ExDark_YOLO/images/train/2015_05204.jpg,1,0.153279,2,0,1
/root/private_data/lowlight-object-detection/datasets_yolo/ExDark_YOLO/images/train/2015_05205.jpg,1,0.061708,1,0,1
/root/private_data/lowlight-object-detection/datasets_yolo/ExDark_YOLO/images/train/2015_05206.jpg,1,0.081744,1,0,1
/root/private_data/lowlight-object-detection/datasets_yolo/ExDark_YOLO/images/train/2015_05207.jpg,1,0.120133,2,0,1
/root/private_data/lowlight-object-detection/datasets_yolo/ExDark_YOLO/images/train/2015_05208.jpg,1,0.171578,2,0,1
/root/private_data/lowlight-object-detection/datasets_yolo/ExDark_YOLO/images/train/2015_05209.jpg,3,0.126142,5,1,1
/root/private_data/lowlight-object-detection/datasets_yolo/ExDark_YOLO/images/train/2015_05210.jpg,1,0.224934,2,0,1
/root/private_data/lowlight-object-detection/datasets_yolo/ExDark_YOLO/images/train/2015_05211.jpg,1,0.177972,1,0,1
/root/private_data/lowlight-object-detection/datasets_yolo/ExDark_YOLO/images/train/2015_05212.jpg,1,0.109072,1,0,1
/root/private_data/lowlight-object-detection/datasets_yolo/ExDark_YOLO/images/train/2015_05214.jpg,1,0.165539,2,0,1
/root/private_data/lowlight-object-detection/datasets_yolo/ExDark_YOLO/images/train/2015_05215.jpg,1,0.114475,2,0,1
/root/private_data/lowlight-object-detection/datasets_yolo/ExDark_YOLO/images/train/2015_05216.jpg,1,0.055827,1,0,1
/root/private_data/lowlight-object-detection/datasets_yolo/ExDark_YOLO/images/train/2015_05217.jpg,1,0.319136,2,0,0
/root/private_data/lowlight-object-detection/datasets_yolo/ExDark_YOLO/images/train/2015_05218.jpg,1,0.143327,2,0,1
/root/private_data/lowlight-object-detection/datasets_yolo/ExDark_YOLO/images/train/2015_05221.jpg,2,0.062760,4,1,1
/root/private_data/lowlight-object-detection/datasets_yolo/ExDark_YOLO/images/train/2015_05222.jpg,1,0.080398,1,0,1
/root/private_data/lowlight-object-detection/datasets_yolo/ExDark_YOLO/images/train/2015_05223.jpg,1,0.050810,1,0,1
/root/private_data/lowlight-object-detection/datasets_yolo/ExDark_YOLO/images/train/2015_05224.jpg,1,0.075180,1,0,1
/root/private_data/lowlight-object-detection/datasets_yolo/ExDark_YOLO/images/train/2015_05225.jpg,1,0.415399,1,0,0
/root/private_data/lowlight-object-detection/datasets_yolo/ExDark_YOLO/images/train/2015_05226.jpg,1,0.106967,1,0,1
/root/private_data/lowlight-object-detection/datasets_yolo/ExDark_YOLO/images/train/2015_05227.jpg,1,0.202902,1,0,1
/root/private_data/lowlight-object-detection/datasets_yolo/ExDark_YOLO/images/train/2015_05228.jpg,1,0.075574,1,0,1
/root/private_data/lowlight-object-detection/datasets_yolo/ExDark_YOLO/images/train/2015_05229.jpg,1,0.104425,1,0,1
/root/private_data/lowlight-object-detection/datasets_yolo/ExDark_YOLO/images/train/2015_05230.jpg,1,0.186859,6,0,1
/root/private_data/lowlight-object-detection/datasets_yolo/ExDark_YOLO/images/train/2015_05231.jpg,1,0.031849,1,0,1
/root/private_data/lowlight-object-detection/datasets_yolo/ExDark_YOLO/images/train/2015_05233.jpg,1,0.348513,1,0,0
/root/private_data/lowlight-object-detection/datasets_yolo/ExDark_YOLO/images/train/2015_05234.jpg,1,0.068419,2,0,1
/root/private_data/lowlight-object-detection/datasets_yolo/ExDark_YOLO/images/train/2015_05235.jpg,1,0.020745,1,0,1
/root/private_data/lowlight-object-detection/datasets_yolo/ExDark_YOLO/images/train/2015_05237.jpg,2,0.055383,7,1,1
/root/private_data/lowlight-object-detection/datasets_yolo/ExDark_YOLO/images/train/2015_05240.jpg,1,0.053932,4,0,1
/root/private_data/lowlight-object-detection/datasets_yolo/ExDark_YOLO/images/train/2015_05241.jpg,1,0.092377,1,0,1
/root/private_data/lowlight-object-detection/datasets_yolo/ExDark_YOLO/images/train/2015_05243.jpg,1,0.201927,5,0,1
/root/private_data/lowlight-object-detection/datasets_yolo/ExDark_YOLO/images/train/2015_05244.jpg,1,0.168065,1,0,1
/root/private_data/lowlight-object-detection/datasets_yolo/ExDark_YOLO/images/train/2015_05245.jpg,1,0.333824,1,0,0
/root/private_data/lowlight-object-detection/datasets_yolo/ExDark_YOLO/images/train/2015_05247.jpg,3,0.105263,4,1,1
/root/private_data/lowlight-object-detection/datasets_yolo/ExDark_YOLO/images/train/2015_05248.jpg,1,0.007458,1,0,1
/root/private_data/lowlight-object-detection/datasets_yolo/ExDark_YOLO/images/train/2015_05249.jpg,1,0.183517,2,0,1
/root/private_data/lowlight-object-detection/datasets_yolo/ExDark_YOLO/images/train/2015_05250.jpg,1,0.028188,1,0,1
/root/private_data/lowlight-object-detection/datasets_yolo/ExDark_YOLO/images/train/2015_05251.jpg,1,0.249585,2,0,1
/root/private_data/lowlight-object-detection/datasets_yolo/ExDark_YOLO/images/train/2015_05252.jpg,1,0.033780,1,0,1
/root/private_data/lowlight-object-detection/datasets_yolo/ExDark_YOLO/images/train/2015_05253.jpg,1,0.066912,1,0,1
/root/private_data/lowlight-object-detection/datasets_yolo/ExDark_YOLO/images/train/2015_05254.jpg,1,0.202431,2,0,1
/root/private_data/lowlight-object-detection/datasets_yolo/ExDark_YOLO/images/train/2015_05255.jpg,1,0.118862,1,0,1
/root/private_data/lowlight-object-detection/datasets_yolo/ExDark_YOLO/images/train/2015_05256.jpg,1,0.351687,2,0,0
/root/private_data/lowlight-object-detection/datasets_yolo/ExDark_YOLO/images/train/2015_05257.jpg,1,0.192187,1,0,1
/root/private_data/lowlight-object-detection/datasets_yolo/ExDark_YOLO/images/train/2015_05258.jpg,1,0.227138,2,0,1
/root/private_data/lowlight-object-detection/datasets_yolo/ExDark_YOLO/images/train/2015_05261.jpg,1,0.200048,3,0,1
/root/private_data/lowlight-object-detection/datasets_yolo/ExDark_YOLO/images/train/2015_05262.jpg,1,0.256078,2,0,1
/root/private_data/lowlight-object-detection/datasets_yolo/ExDark_YOLO/images/train/2015_05263.jpg,1,0.216726,6,0,1
/root/private_data/lowlight-object-detection/datasets_yolo/ExDark_YOLO/images/train/2015_05264.jpg,1,0.419358,1,0,0
/root/private_data/lowlight-object-detection/datasets_yolo/ExDark_YOLO/images/train/2015_05265.jpg,1,0.125233,1,0,1
/root/private_data/lowlight-object-detection/datasets_yolo/ExDark_YOLO/images/train/2015_05266.jpg,2,0.229039,3,1,1
/root/private_data/lowlight-object-detection/datasets_yolo/ExDark_YOLO/images/train/2015_05268.jpg,1,0.124375,2,0,1
/root/private_data/lowlight-object-detection/datasets_yolo/ExDark_YOLO/images/train/2015_05269.jpg,3,0.078185,1,1,1
/root/private_data/lowlight-object-detection/datasets_yolo/ExDark_YOLO/images/train/2015_05270.jpg,1,0.134367,1,0,1
/root/private_data/lowlight-object-detection/datasets_yolo/ExDark_YOLO/images/train/2015_05271.jpg,2,0.018650,1,1,1
/root/private_data/lowlight-object-detection/datasets_yolo/ExDark_YOLO/images/train/2015_05272.jpg,3,0.057442,2,1,1
/root/private_data/lowlight-object-detection/datasets_yolo/ExDark_YOLO/images/train/2015_05273.jpg,3,0.162050,1,1,1
/root/private_data/lowlight-object-detection/datasets_yolo/ExDark_YOLO/images/train/2015_05274.jpg,1,0.145419,2,0,1
/root/private_data/lowlight-object-detection/datasets_yolo/ExDark_YOLO/images/train/2015_05275.jpg,1,0.163681,4,0,1
/root/private_data/lowlight-object-detection/datasets_yolo/ExDark_YOLO/images/train/2015_05276.jpg,3,0.117093,4,1,1
/root/private_data/lowlight-object-detection/datasets_yolo/ExDark_YOLO/images/train/2015_05277.jpg,2,0.043392,3,1,1
/root/private_data/lowlight-object-detection/datasets_yolo/ExDark_YOLO/images/train/2015_05278.jpg,1,0.150204,1,0,1
/root/private_data/lowlight-object-detection/datasets_yolo/ExDark_YOLO/images/train/2015_05279.jpg,1,0.122552,2,0,1
/root/private_data/lowlight-object-detection/datasets_yolo/ExDark_YOLO/images/train/2015_05280.jpg,1,0.025413,1,0,1
/root/private_data/lowlight-object-detection/datasets_yolo/ExDark_YOLO/images/train/2015_05281.jpg,2,0.058911,2,1,1
/root/private_data/lowlight-object-detection/datasets_yolo/ExDark_YOLO/images/train/2015_05282.jpg,2,0.206993,7,1,1
/root/private_data/lowlight-object-detection/datasets_yolo/ExDark_YOLO/images/train/2015_05284.jpg,1,0.162444,1,0,1
/root/private_data/lowlight-object-detection/datasets_yolo/ExDark_YOLO/images/train/2015_05285.JPEG,1,0.147651,2,0,1
/root/private_data/lowlight-object-detection/datasets_yolo/ExDark_YOLO/images/train/2015_05286.jpg,1,0.155466,1,0,1
/root/private_data/lowlight-object-detection/datasets_yolo/ExDark_YOLO/images/train/2015_05290.jpg,1,0.144531,1,0,1
/root/private_data/lowlight-object-detection/datasets_yolo/ExDark_YOLO/images/train/2015_05291.jpg,1,0.189780,1,0,1
/root/private_data/lowlight-object-detection/datasets_yolo/ExDark_YOLO/images/train/2015_05292.jpg,1,0.230599,5,0,1
/root/private_data/lowlight-object-detection/datasets_yolo/ExDark_YOLO/images/train/2015_05293.jpg,1,0.099079,7,0,1
/root/private_data/lowlight-object-detection/datasets_yolo/ExDark_YOLO/images/train/2015_05294.jpg,1,0.225284,2,0,1
/root/private_data/lowlight-object-detection/datasets_yolo/ExDark_YOLO/images/train/2015_05298.jpg,1,0.167750,1,0,1
/root/private_data/lowlight-object-detection/datasets_yolo/ExDark_YOLO/images/train/2015_05299.jpg,1,0.285472,5,0,1
/root/private_data/lowlight-object-detection/datasets_yolo/ExDark_YOLO/images/train/2015_05300.jpg,2,0.164469,4,1,1
/root/private_data/lowlight-object-detection/datasets_yolo/ExDark_YOLO/images/train/2015_05301.jpg,2,0.154669,5,1,1
/root/private_data/lowlight-object-detection/datasets_yolo/ExDark_YOLO/images/train/2015_05302.jpg,1,0.177575,1,0,1
/root/private_data/lowlight-object-detection/datasets_yolo/ExDark_YOLO/images/train/2015_05303.jpg,1,0.398878,8,0,0
/root/private_data/lowlight-object-detection/datasets_yolo/ExDark_YOLO/images/train/2015_05304.jpg,1,0.264985,2,0,1
/root/private_data/lowlight-object-detection/datasets_yolo/ExDark_YOLO/images/train/2015_05305.jpg,1,0.196274,5,0,1
/root/private_data/lowlight-object-detection/datasets_yolo/ExDark_YOLO/images/train/2015_05306.jpg,1,0.125786,3,0,1
/root/private_data/lowlight-object-detection/datasets_yolo/ExDark_YOLO/images/train/2015_05307.jpg,1,0.155319,3,0,1
/root/private_data/lowlight-object-detection/datasets_yolo/ExDark_YOLO/images/train/2015_05308.jpg,2,0.116101,6,1,1
/root/private_data/lowlight-object-detection/datasets_yolo/ExDark_YOLO/images/train/2015_05310.jpg,1,0.224740,2,0,1
/root/private_data/lowlight-object-detection/datasets_yolo/ExDark_YOLO/images/train/2015_05312.jpg,1,0.142055,3,0,1
/root/private_data/lowlight-object-detection/datasets_yolo/ExDark_YOLO/images/train/2015_05313.jpg,1,0.283068,2,0,1
/root/private_data/lowlight-object-detection/datasets_yolo/ExDark_YOLO/images/train/2015_05316.jpg,1,0.181065,2,0,1
/root/private_data/lowlight-object-detection/datasets_yolo/ExDark_YOLO/images/train/2015_05317.jpg,1,0.216809,2,0,1
/root/private_data/lowlight-object-detection/datasets_yolo/ExDark_YOLO/images/train/2015_05318.jpg,1,0.178969,4,0,1
/root/private_data/lowlight-object-detection/datasets_yolo/ExDark_YOLO/images/train/2015_05319.jpg,1,0.177606,3,0,1
/root/private_data/lowlight-object-detection/datasets_yolo/ExDark_YOLO/images/train/2015_05320.jpg,2,0.148916,6,1,1
/root/private_data/lowlight-object-detection/datasets_yolo/ExDark_YOLO/images/train/2015_05322.jpg,1,0.261530,2,0,1
/root/private_data/lowlight-object-detection/datasets_yolo/ExDark_YOLO/images/train/2015_05323.jpg,1,0.351662,2,0,0
/root/private_data/lowlight-object-detection/datasets_yolo/ExDark_YOLO/images/train/2015_05324.JPEG,1,0.136627,1,0,1
/root/private_data/lowlight-object-detection/datasets_yolo/ExDark_YOLO/images/train/2015_05325.JPEG,1,0.220103,1,0,1
/root/private_data/lowlight-object-detection/datasets_yolo/ExDark_YOLO/images/train/2015_05326.JPEG,1,0.079723,2,0,1
/root/private_data/lowlight-object-detection/datasets_yolo/ExDark_YOLO/images/train/2015_05327.JPEG,1,0.224452,1,0,1
/root/private_data/lowlight-object-detection/datasets_yolo/ExDark_YOLO/images/train/2015_05328.JPEG,1,0.139982,1,0,1
/root/private_data/lowlight-object-detection/datasets_yolo/ExDark_YOLO/images/train/2015_05330.JPEG,1,0.164214,1,0,1
/root/private_data/lowlight-object-detection/datasets_yolo/ExDark_YOLO/images/train/2015_05331.JPEG,1,0.076057,1,0,1
/root/private_data/lowlight-object-detection/datasets_yolo/ExDark_YOLO/images/train/2015_05332.JPEG,1,0.157799,2,0,1
/root/private_data/lowlight-object-detection/datasets_yolo/ExDark_YOLO/images/train/2015_05333.JPEG,1,0.327239,1,0,0
/root/private_data/lowlight-object-detection/datasets_yolo/ExDark_YOLO/images/train/2015_05336.JPEG,1,0.076184,1,0,1
/root/private_data/lowlight-object-detection/datasets_yolo/ExDark_YOLO/images/train/2015_05337.jpeg,1,0.104428,1,0,1
/root/private_data/lowlight-object-detection/datasets_yolo/ExDark_YOLO/images/train/2015_05338.jpg,1,0.091288,2,0,1
/root/private_data/lowlight-object-detection/datasets_yolo/ExDark_YOLO/images/train/2015_05339.jpg,1,0.120885,1,0,1
/root/private_data/lowlight-object-detection/datasets_yolo/ExDark_YOLO/images/train/2015_05340.JPG,1,0.056104,1,0,1
/root/private_data/lowlight-object-detection/datasets_yolo/ExDark_YOLO/images/train/2015_05341.JPG,1,0.120566,3,0,1
/root/private_data/lowlight-object-detection/datasets_yolo/ExDark_YOLO/images/train/2015_05344.jpg,1,0.062538,1,0,1
/root/private_data/lowlight-object-detection/datasets_yolo/ExDark_YOLO/images/train/2015_05345.jpg,1,0.242236,1,0,1
/root/private_data/lowlight-object-detection/datasets_yolo/ExDark_YOLO/images/train/2015_05346.jpg,1,0.342685,1,0,0
/root/private_data/lowlight-object-detection/datasets_yolo/ExDark_YOLO/images/train/2015_05347.jpg,1,0.400970,1,0,0
/root/private_data/lowlight-object-detection/datasets_yolo/ExDark_YOLO/images/train/2015_05348.jpg,1,0.019232,1,0,1
/root/private_data/lowlight-object-detection/datasets_yolo/ExDark_YOLO/images/train/2015_05349.jpg,1,0.036984,3,0,1
/root/private_data/lowlight-object-detection/datasets_yolo/ExDark_YOLO/images/train/2015_05350.jpg,1,0.144604,1,0,1
/root/private_data/lowlight-object-detection/datasets_yolo/ExDark_YOLO/images/train/2015_05351.jpg,1,0.080257,1,0,1
/root/private_data/lowlight-object-detection/datasets_yolo/ExDark_YOLO/images/train/2015_05352.jpg,1,0.073425,1,0,1
/root/private_data/lowlight-object-detection/datasets_yolo/ExDark_YOLO/images/train/2015_05355.jpg,1,0.174577,1,0,1
/root/private_data/lowlight-object-detection/datasets_yolo/ExDark_YOLO/images/train/2015_05356.jpg,1,0.051853,1,0,1
/root/private_data/lowlight-object-detection/datasets_yolo/ExDark_YOLO/images/train/2015_05357.jpg,1,0.153111,1,0,1
/root/private_data/lowlight-object-detection/datasets_yolo/ExDark_YOLO/images/train/2015_05359.jpg,1,0.173889,1,0,1
/root/private_data/lowlight-object-detection/datasets_yolo/ExDark_YOLO/images/train/2015_05360.jpg,1,0.090102,1,0,1
/root/private_data/lowlight-object-detection/datasets_yolo/ExDark_YOLO/images/train/2015_05361.jpg,1,0.276541,3,0,1
/root/private_data/lowlight-object-detection/datasets_yolo/ExDark_YOLO/images/train/2015_05362.jpg,1,0.013626,1,0,1
/root/private_data/lowlight-object-detection/datasets_yolo/ExDark_YOLO/images/train/2015_05364.jpg,1,0.056768,1,0,1
/root/private_data/lowlight-object-detection/datasets_yolo/ExDark_YOLO/images/train/2015_05365.jpg,1,0.040977,1,0,1
/root/private_data/lowlight-object-detection/datasets_yolo/ExDark_YOLO/images/train/2015_05367.jpg,1,0.058430,2,0,1
/root/private_data/lowlight-object-detection/datasets_yolo/ExDark_YOLO/images/train/2015_05368.jpg,1,0.044080,2,0,1
/root/private_data/lowlight-object-detection/datasets_yolo/ExDark_YOLO/images/train/2015_05369.jpg,1,0.107195,1,0,1
/root/private_data/lowlight-object-detection/datasets_yolo/ExDark_YOLO/images/train/2015_05370.jpg,1,0.211253,1,0,1
/root/private_data/lowlight-object-detection/datasets_yolo/ExDark_YOLO/images/train/2015_05371.jpg,1,0.243079,1,0,1
/root/private_data/lowlight-object-detection/datasets_yolo/ExDark_YOLO/images/train/2015_05372.jpg,1,0.140777,1,0,1
/root/private_data/lowlight-object-detection/datasets_yolo/ExDark_YOLO/images/train/2015_05373.jpg,2,0.148540,2,1,1
/root/private_data/lowlight-object-detection/datasets_yolo/ExDark_YOLO/images/train/2015_05374.jpg,1,0.225893,1,0,1
/root/private_data/lowlight-object-detection/datasets_yolo/ExDark_YOLO/images/train/2015_05375.jpg,1,0.094058,1,0,1
/root/private_data/lowlight-object-detection/datasets_yolo/ExDark_YOLO/images/train/2015_05378.png,1,0.094878,1,0,1
/root/private_data/lowlight-object-detection/datasets_yolo/ExDark_YOLO/images/train/2015_05381.jpg,1,0.056687,1,0,1
/root/private_data/lowlight-object-detection/datasets_yolo/ExDark_YOLO/images/train/2015_05382.jpg,1,0.086056,1,0,1
/root/private_data/lowlight-object-detection/datasets_yolo/ExDark_YOLO/images/train/2015_05383.jpg,1,0.147479,1,0,1
/root/private_data/lowlight-object-detection/datasets_yolo/ExDark_YOLO/images/train/2015_05384.jpg,1,0.250602,1,0,1
/root/private_data/lowlight-object-detection/datasets_yolo/ExDark_YOLO/images/train/2015_05385.jpg,1,0.288485,3,0,1
/root/private_data/lowlight-object-detection/datasets_yolo/ExDark_YOLO/images/train/2015_05386.jpg,1,0.041025,1,0,1
/root/private_data/lowlight-object-detection/datasets_yolo/ExDark_YOLO/images/train/2015_05387.jpg,1,0.035097,4,0,1
/root/private_data/lowlight-object-detection/datasets_yolo/ExDark_YOLO/images/train/2015_05388.jpg,1,0.071200,1,0,1
/root/private_data/lowlight-object-detection/datasets_yolo/ExDark_YOLO/images/train/2015_05390.jpg,1,0.034114,2,0,1
/root/private_data/lowlight-object-detection/datasets_yolo/ExDark_YOLO/images/train/2015_05391.jpg,1,0.136713,6,0,1
/root/private_data/lowlight-object-detection/datasets_yolo/ExDark_YOLO/images/train/2015_05392.jpg,1,0.069894,1,0,1
/root/private_data/lowlight-object-detection/datasets_yolo/ExDark_YOLO/images/train/2015_05393.jpg,1,0.011006,1,0,1
/root/private_data/lowlight-object-detection/datasets_yolo/ExDark_YOLO/images/train/2015_05394.jpg,1,0.089224,1,0,1
/root/private_data/lowlight-object-detection/datasets_yolo/ExDark_YOLO/images/train/2015_05395.jpg,1,0.186862,1,0,1
/root/private_data/lowlight-object-detection/datasets_yolo/ExDark_YOLO/images/train/2015_05396.jpg,1,0.112640,1,0,1
/root/private_data/lowlight-object-detection/datasets_yolo/ExDark_YOLO/images/train/2015_05397.jpg,1,0.064114,2,0,1
/root/private_data/lowlight-object-detection/datasets_yolo/ExDark_YOLO/images/train/2015_05398.jpg,1,0.010495,1,0,1
/root/private_data/lowlight-object-detection/datasets_yolo/ExDark_YOLO/images/train/2015_05399.jpg,1,0.024885,1,0,1
/root/private_data/lowlight-object-detection/datasets_yolo/ExDark_YOLO/images/train/2015_05400.jpg,1,0.106090,1,0,1
/root/private_data/lowlight-object-detection/datasets_yolo/ExDark_YOLO/images/train/2015_05401.jpg,1,0.032932,1,0,1
/root/private_data/lowlight-object-detection/datasets_yolo/ExDark_YOLO/images/train/2015_05402.jpg,2,0.078092,2,1,1
/root/private_data/lowlight-object-detection/datasets_yolo/ExDark_YOLO/images/train/2015_05403.jpg,1,0.017677,1,0,1
/root/private_data/lowlight-object-detection/datasets_yolo/ExDark_YOLO/images/train/2015_05404.jpg,1,0.068832,1,0,1
/root/private_data/lowlight-object-detection/datasets_yolo/ExDark_YOLO/images/train/2015_05405.jpg,1,0.032523,1,0,1
/root/private_data/lowlight-object-detection/datasets_yolo/ExDark_YOLO/images/train/2015_05406.jpg,1,0.036774,1,0,1
/root/private_data/lowlight-object-detection/datasets_yolo/ExDark_YOLO/images/train/2015_05407.jpg,1,0.204179,1,0,1
/root/private_data/lowlight-object-detection/datasets_yolo/ExDark_YOLO/images/train/2015_05409.jpg,1,0.039354,1,0,1
/root/private_data/lowlight-object-detection/datasets_yolo/ExDark_YOLO/images/train/2015_05410.jpg,1,0.124972,1,0,1
/root/private_data/lowlight-object-detection/datasets_yolo/ExDark_YOLO/images/train/2015_05411.jpg,1,0.053260,8,0,1
/root/private_data/lowlight-object-detection/datasets_yolo/ExDark_YOLO/images/train/2015_05412.jpg,1,0.047103,2,0,1
/root/private_data/lowlight-object-detection/datasets_yolo/ExDark_YOLO/images/train/2015_05413.jpg,1,0.134793,2,0,1
/root/private_data/lowlight-object-detection/datasets_yolo/ExDark_YOLO/images/train/2015_05414.jpg,1,0.221035,1,0,1
/root/private_data/lowlight-object-detection/datasets_yolo/ExDark_YOLO/images/train/2015_05415.jpg,1,0.419484,1,0,0
/root/private_data/lowlight-object-detection/datasets_yolo/ExDark_YOLO/images/train/2015_05416.jpg,1,0.251373,1,0,1
/root/private_data/lowlight-object-detection/datasets_yolo/ExDark_YOLO/images/train/2015_05417.jpg,1,0.131080,3,0,1
/root/private_data/lowlight-object-detection/datasets_yolo/ExDark_YOLO/images/train/2015_05418.jpg,1,0.228155,3,0,1
/root/private_data/lowlight-object-detection/datasets_yolo/ExDark_YOLO/images/train/2015_05419.jpg,1,0.290468,1,0,1
/root/private_data/lowlight-object-detection/datasets_yolo/ExDark_YOLO/images/train/2015_05421.jpg,1,0.157328,1,0,1
/root/private_data/lowlight-object-detection/datasets_yolo/ExDark_YOLO/images/train/2015_05423.jpg,1,0.066109,1,0,1
/root/private_data/lowlight-object-detection/datasets_yolo/ExDark_YOLO/images/train/2015_05424.jpg,1,0.170109,1,0,1
/root/private_data/lowlight-object-detection/datasets_yolo/ExDark_YOLO/images/train/2015_05425.jpg,1,0.048538,2,0,1
/root/private_data/lowlight-object-detection/datasets_yolo/ExDark_YOLO/images/train/2015_05426.jpg,1,0.243438,2,0,1
/root/private_data/lowlight-object-detection/datasets_yolo/ExDark_YOLO/images/train/2015_05427.jpg,1,0.025171,1,0,1
/root/private_data/lowlight-object-detection/datasets_yolo/ExDark_YOLO/images/train/2015_05428.jpg,1,0.173631,2,0,1
/root/private_data/lowlight-object-detection/datasets_yolo/ExDark_YOLO/images/train/2015_05429.jpg,1,0.113269,2,0,1
/root/private_data/lowlight-object-detection/datasets_yolo/ExDark_YOLO/images/train/2015_05430.jpg,1,0.509204,2,0,0
/root/private_data/lowlight-object-detection/datasets_yolo/ExDark_YOLO/images/train/2015_05431.jpg,1,0.208545,1,0,1
/root/private_data/lowlight-object-detection/datasets_yolo/ExDark_YOLO/images/train/2015_05432.jpg,1,0.165558,2,0,1
/root/private_data/lowlight-object-detection/datasets_yolo/ExDark_YOLO/images/train/2015_05433.jpg,1,0.462655,1,0,0
/root/private_data/lowlight-object-detection/datasets_yolo/ExDark_YOLO/images/train/2015_05434.jpg,1,0.060465,1,0,1
/root/private_data/lowlight-object-detection/datasets_yolo/ExDark_YOLO/images/train/2015_05435.jpg,1,0.040966,1,0,1
/root/private_data/lowlight-object-detection/datasets_yolo/ExDark_YOLO/images/train/2015_05436.jpg,1,0.055444,1,0,1
/root/private_data/lowlight-object-detection/datasets_yolo/ExDark_YOLO/images/train/2015_05437.jpg,1,0.120460,1,0,1
/root/private_data/lowlight-object-detection/datasets_yolo/ExDark_YOLO/images/train/2015_05438.jpg,1,0.207540,1,0,1
/root/private_data/lowlight-object-detection/datasets_yolo/ExDark_YOLO/images/train/2015_05440.jpg,1,0.013307,1,0,1
/root/private_data/lowlight-object-detection/datasets_yolo/ExDark_YOLO/images/train/2015_05441.jpg,1,0.087042,1,0,1
/root/private_data/lowlight-object-detection/datasets_yolo/ExDark_YOLO/images/train/2015_05444.jpg,1,0.033868,1,0,1
/root/private_data/lowlight-object-detection/datasets_yolo/ExDark_YOLO/images/train/2015_05445.jpg,2,0.225327,1,1,1
/root/private_data/lowlight-object-detection/datasets_yolo/ExDark_YOLO/images/train/2015_05446.jpg,1,0.083270,1,0,1
/root/private_data/lowlight-object-detection/datasets_yolo/ExDark_YOLO/images/train/2015_05447.jpg,1,0.115944,1,0,1
/root/private_data/lowlight-object-detection/datasets_yolo/ExDark_YOLO/images/train/2015_05448.jpg,1,0.068749,2,0,1
/root/private_data/lowlight-object-detection/datasets_yolo/ExDark_YOLO/images/train/2015_05449.jpg,1,0.185239,2,0,1
/root/private_data/lowlight-object-detection/datasets_yolo/ExDark_YOLO/images/train/2015_05450.jpg,1,0.033876,2,0,1
/root/private_data/lowlight-object-detection/datasets_yolo/ExDark_YOLO/images/train/2015_05451.jpg,1,0.039049,1,0,1
/root/private_data/lowlight-object-detection/datasets_yolo/ExDark_YOLO/images/train/2015_05453.jpg,1,0.102815,1,0,1
/root/private_data/lowlight-object-detection/datasets_yolo/ExDark_YOLO/images/train/2015_05455.jpg,1,0.057711,2,0,1
/root/private_data/lowlight-object-detection/datasets_yolo/ExDark_YOLO/images/train/2015_05456.jpg,1,0.038840,1,0,1
/root/private_data/lowlight-object-detection/datasets_yolo/ExDark_YOLO/images/train/2015_05457.jpg,1,0.065851,1,0,1
/root/private_data/lowlight-object-detection/datasets_yolo/ExDark_YOLO/images/train/2015_05458.jpg,1,0.031631,1,0,1
/root/private_data/lowlight-object-detection/datasets_yolo/ExDark_YOLO/images/train/2015_05459.jpg,1,0.083483,2,0,1
/root/private_data/lowlight-object-detection/datasets_yolo/ExDark_YOLO/images/train/2015_05460.jpg,1,0.032714,1,0,1
/root/private_data/lowlight-object-detection/datasets_yolo/ExDark_YOLO/images/train/2015_05461.jpg,1,0.051792,1,0,1
/root/private_data/lowlight-object-detection/datasets_yolo/ExDark_YOLO/images/train/2015_05462.jpg,1,0.082038,1,0,1
/root/private_data/lowlight-object-detection/datasets_yolo/ExDark_YOLO/images/train/2015_05463.jpg,1,0.050402,1,0,1
/root/private_data/lowlight-object-detection/datasets_yolo/ExDark_YOLO/images/train/2015_05464.jpg,1,0.076825,1,0,1
/root/private_data/lowlight-object-detection/datasets_yolo/ExDark_YOLO/images/train/2015_05465.png,1,0.179566,2,0,1
/root/private_data/lowlight-object-detection/datasets_yolo/ExDark_YOLO/images/train/2015_05466.jpg,1,0.133119,1,0,1
/root/private_data/lowlight-object-detection/datasets_yolo/ExDark_YOLO/images/train/2015_05467.jpg,1,0.294181,1,0,1
/root/private_data/lowlight-object-detection/datasets_yolo/ExDark_YOLO/images/train/2015_05468.jpg,1,0.084017,1,0,1
/root/private_data/lowlight-object-detection/datasets_yolo/ExDark_YOLO/images/train/2015_05470.jpg,1,0.111046,1,0,1
/root/private_data/lowlight-object-detection/datasets_yolo/ExDark_YOLO/images/train/2015_05471.jpg,1,0.104358,1,0,1
/root/private_data/lowlight-object-detection/datasets_yolo/ExDark_YOLO/images/train/2015_05472.jpg,1,0.138057,3,0,1
/root/private_data/lowlight-object-detection/datasets_yolo/ExDark_YOLO/images/train/2015_05473.jpg,1,0.123683,2,0,1
/root/private_data/lowlight-object-detection/datasets_yolo/ExDark_YOLO/images/train/2015_05474.jpg,1,0.034833,1,0,1
/root/private_data/lowlight-object-detection/datasets_yolo/ExDark_YOLO/images/train/2015_05475.jpg,1,0.122711,1,0,1
/root/private_data/lowlight-object-detection/datasets_yolo/ExDark_YOLO/images/train/2015_05476.jpg,1,0.066945,1,0,1
/root/private_data/lowlight-object-detection/datasets_yolo/ExDark_YOLO/images/train/2015_05478.jpg,1,0.131823,1,0,1
/root/private_data/lowlight-object-detection/datasets_yolo/ExDark_YOLO/images/train/2015_05479.png,1,0.049858,1,0,1
/root/private_data/lowlight-object-detection/datasets_yolo/ExDark_YOLO/images/train/2015_05480.jpg,1,0.248182,3,0,1
/root/private_data/lowlight-object-detection/datasets_yolo/ExDark_YOLO/images/train/2015_05481.jpg,1,0.136842,1,0,1
/root/private_data/lowlight-object-detection/datasets_yolo/ExDark_YOLO/images/train/2015_05482.jpg,1,0.048940,1,0,1
/root/private_data/lowlight-object-detection/datasets_yolo/ExDark_YOLO/images/train/2015_05483.jpg,1,0.066979,1,0,1
/root/private_data/lowlight-object-detection/datasets_yolo/ExDark_YOLO/images/train/2015_05485.jpg,1,0.167774,1,0,1
/root/private_data/lowlight-object-detection/datasets_yolo/ExDark_YOLO/images/train/2015_05486.jpg,1,0.098486,1,0,1
/root/private_data/lowlight-object-detection/datasets_yolo/ExDark_YOLO/images/train/2015_05487.jpg,1,0.027615,1,0,1
/root/private_data/lowlight-object-detection/datasets_yolo/ExDark_YOLO/images/train/2015_05488.jpg,1,0.038662,1,0,1
/root/private_data/lowlight-object-detection/datasets_yolo/ExDark_YOLO/images/train/2015_05489.jpg,1,0.019585,1,0,1
/root/private_data/lowlight-object-detection/datasets_yolo/ExDark_YOLO/images/train/2015_05490.jpg,1,0.047303,1,0,1
/root/private_data/lowlight-object-detection/datasets_yolo/ExDark_YOLO/images/train/2015_05491.JPEG,1,0.144553,3,0,1
/root/private_data/lowlight-object-detection/datasets_yolo/ExDark_YOLO/images/train/2015_05492.JPEG,1,0.083351,1,0,1
/root/private_data/lowlight-object-detection/datasets_yolo/ExDark_YOLO/images/train/2015_05494.JPEG,1,0.089713,1,0,1
/root/private_data/lowlight-object-detection/datasets_yolo/ExDark_YOLO/images/train/2015_05495.JPEG,1,0.176308,2,0,1
/root/private_data/lowlight-object-detection/datasets_yolo/ExDark_YOLO/images/train/2015_05496.JPEG,2,0.162393,9,1,1
/root/private_data/lowlight-object-detection/datasets_yolo/ExDark_YOLO/images/train/2015_05497.JPEG,1,0.138658,1,0,1
/root/private_data/lowlight-object-detection/datasets_yolo/ExDark_YOLO/images/train/2015_05498.JPEG,1,0.195493,2,0,1
/root/private_data/lowlight-object-detection/datasets_yolo/ExDark_YOLO/images/train/2015_05499.JPEG,1,0.116343,1,0,1
/root/private_data/lowlight-object-detection/datasets_yolo/ExDark_YOLO/images/train/2015_05500.JPEG,1,0.113089,1,0,1
/root/private_data/lowlight-object-detection/datasets_yolo/ExDark_YOLO/images/train/2015_05501.JPEG,1,0.133409,2,0,1
/root/private_data/lowlight-object-detection/datasets_yolo/ExDark_YOLO/images/train/2015_05502.JPEG,1,0.081024,1,0,1
/root/private_data/lowlight-object-detection/datasets_yolo/ExDark_YOLO/images/train/2015_05504.JPEG,1,0.100514,1,0,1
/root/private_data/lowlight-object-detection/datasets_yolo/ExDark_YOLO/images/train/2015_05506.JPEG,1,0.105084,1,0,1
/root/private_data/lowlight-object-detection/datasets_yolo/ExDark_YOLO/images/train/2015_05507.jpg,1,0.243923,1,0,1
/root/private_data/lowlight-object-detection/datasets_yolo/ExDark_YOLO/images/train/2015_05508.JPEG,1,0.172241,1,0,1
/root/private_data/lowlight-object-detection/datasets_yolo/ExDark_YOLO/images/train/2015_05509.JPEG,1,0.235959,1,0,1
/root/private_data/lowlight-object-detection/datasets_yolo/ExDark_YOLO/images/train/2015_05510.jpg,1,0.202057,1,0,1
/root/private_data/lowlight-object-detection/datasets_yolo/ExDark_YOLO/images/train/2015_05511.jpg,1,0.163650,2,0,1
/root/private_data/lowlight-object-detection/datasets_yolo/ExDark_YOLO/images/train/2015_05514.JPEG,1,0.087463,1,0,1
/root/private_data/lowlight-object-detection/datasets_yolo/ExDark_YOLO/images/train/2015_05515.JPEG,1,0.200547,1,0,1
/root/private_data/lowlight-object-detection/datasets_yolo/ExDark_YOLO/images/train/2015_05517.JPEG,1,0.229261,1,0,1
/root/private_data/lowlight-object-detection/datasets_yolo/ExDark_YOLO/images/train/2015_05518.JPEG,1,0.151762,2,0,1
/root/private_data/lowlight-object-detection/datasets_yolo/ExDark_YOLO/images/train/2015_05519.JPEG,1,0.201566,1,0,1
/root/private_data/lowlight-object-detection/datasets_yolo/ExDark_YOLO/images/train/2015_05520.JPEG,1,0.165006,2,0,1
/root/private_data/lowlight-object-detection/datasets_yolo/ExDark_YOLO/images/train/2015_05521.JPEG,1,0.106025,1,0,1
/root/private_data/lowlight-object-detection/datasets_yolo/ExDark_YOLO/images/train/2015_05522.JPEG,1,0.251388,1,0,1
/root/private_data/lowlight-object-detection/datasets_yolo/ExDark_YOLO/images/train/2015_05523.JPEG,1,0.210199,2,0,1
/root/private_data/lowlight-object-detection/datasets_yolo/ExDark_YOLO/images/train/2015_05525.JPEG,1,0.138798,6,0,1
/root/private_data/lowlight-object-detection/datasets_yolo/ExDark_YOLO/images/train/2015_05526.JPEG,1,0.107299,1,0,1
/root/private_data/lowlight-object-detection/datasets_yolo/ExDark_YOLO/images/train/2015_05527.JPEG,1,0.120661,2,0,1
/root/private_data/lowlight-object-detection/datasets_yolo/ExDark_YOLO/images/train/2015_05528.JPEG,1,0.167978,1,0,1
/root/private_data/lowlight-object-detection/datasets_yolo/ExDark_YOLO/images/train/2015_05529.JPEG,1,0.336489,1,0,0
/root/private_data/lowlight-object-detection/datasets_yolo/ExDark_YOLO/images/train/2015_05530.JPEG,1,0.233552,2,0,1
/root/private_data/lowlight-object-detection/datasets_yolo/ExDark_YOLO/images/train/2015_05533.JPEG,1,0.064467,1,0,1
/root/private_data/lowlight-object-detection/datasets_yolo/ExDark_YOLO/images/train/2015_05536.JPEG,1,0.468526,2,0,0
/root/private_data/lowlight-object-detection/datasets_yolo/ExDark_YOLO/images/train/2015_05537.jpg,1,0.128449,1,0,1
/root/private_data/lowlight-object-detection/datasets_yolo/ExDark_YOLO/images/train/2015_05538.JPEG,1,0.217986,2,0,1
/root/private_data/lowlight-object-detection/datasets_yolo/ExDark_YOLO/images/train/2015_05539.JPEG,1,0.140989,3,0,1
/root/private_data/lowlight-object-detection/datasets_yolo/ExDark_YOLO/images/train/2015_05540.JPEG,1,0.144213,1,0,1
/root/private_data/lowlight-object-detection/datasets_yolo/ExDark_YOLO/images/train/2015_05541.JPEG,1,0.076425,1,0,1
/root/private_data/lowlight-object-detection/datasets_yolo/ExDark_YOLO/images/train/2015_05542.JPEG,1,0.160085,2,0,1
/root/private_data/lowlight-object-detection/datasets_yolo/ExDark_YOLO/images/train/2015_05543.JPEG,1,0.240739,1,0,1
/root/private_data/lowlight-object-detection/datasets_yolo/ExDark_YOLO/images/train/2015_05544.JPEG,1,0.156615,4,0,1
/root/private_data/lowlight-object-detection/datasets_yolo/ExDark_YOLO/images/train/2015_05546.JPEG,1,0.199895,1,0,1
/root/private_data/lowlight-object-detection/datasets_yolo/ExDark_YOLO/images/train/2015_05547.JPEG,1,0.091634,1,0,1
/root/private_data/lowlight-object-detection/datasets_yolo/ExDark_YOLO/images/train/2015_05548.JPEG,1,0.234388,5,0,1
/root/private_data/lowlight-object-detection/datasets_yolo/ExDark_YOLO/images/train/2015_05549.JPEG,1,0.418289,1,0,0
/root/private_data/lowlight-object-detection/datasets_yolo/ExDark_YOLO/images/train/2015_05550.JPEG,1,0.200935,3,0,1
/root/private_data/lowlight-object-detection/datasets_yolo/ExDark_YOLO/images/train/2015_05551.JPEG,1,0.093429,2,0,1
/root/private_data/lowlight-object-detection/datasets_yolo/ExDark_YOLO/images/train/2015_05553.JPEG,1,0.144295,1,0,1
/root/private_data/lowlight-object-detection/datasets_yolo/ExDark_YOLO/images/train/2015_05555.JPEG,1,0.154821,1,0,1
/root/private_data/lowlight-object-detection/datasets_yolo/ExDark_YOLO/images/train/2015_05556.JPEG,1,0.278980,1,0,1
/root/private_data/lowlight-object-detection/datasets_yolo/ExDark_YOLO/images/train/2015_05559.JPEG,1,0.240994,1,0,1
/root/private_data/lowlight-object-detection/datasets_yolo/ExDark_YOLO/images/train/2015_05560.JPEG,1,0.162489,1,0,1
/root/private_data/lowlight-object-detection/datasets_yolo/ExDark_YOLO/images/train/2015_05561.jpg,1,0.250836,1,0,1
/root/private_data/lowlight-object-detection/datasets_yolo/ExDark_YOLO/images/train/2015_05562.jpg,1,0.298859,1,0,1
/root/private_data/lowlight-object-detection/datasets_yolo/ExDark_YOLO/images/train/2015_05563.JPEG,1,0.059662,1,0,1
/root/private_data/lowlight-object-detection/datasets_yolo/ExDark_YOLO/images/train/2015_05564.JPEG,1,0.167750,1,0,1
/root/private_data/lowlight-object-detection/datasets_yolo/ExDark_YOLO/images/train/2015_05565.JPEG,1,0.091058,1,0,1
/root/private_data/lowlight-object-detection/datasets_yolo/ExDark_YOLO/images/train/2015_05566.jpg,1,0.104234,1,0,1
/root/private_data/lowlight-object-detection/datasets_yolo/ExDark_YOLO/images/train/2015_05567.jpg,1,0.171569,1,0,1
/root/private_data/lowlight-object-detection/datasets_yolo/ExDark_YOLO/images/train/2015_05568.JPEG,1,0.057093,1,0,1
/root/private_data/lowlight-object-detection/datasets_yolo/ExDark_YOLO/images/train/2015_05569.JPEG,1,0.092046,2,0,1
/root/private_data/lowlight-object-detection/datasets_yolo/ExDark_YOLO/images/train/2015_05570.JPEG,1,0.068653,1,0,1
/root/private_data/lowlight-object-detection/datasets_yolo/ExDark_YOLO/images/train/2015_05571.JPEG,1,0.224135,1,0,1
/root/private_data/lowlight-object-detection/datasets_yolo/ExDark_YOLO/images/train/2015_05572.JPEG,1,0.086237,1,0,1
/root/private_data/lowlight-object-detection/datasets_yolo/ExDark_YOLO/images/train/2015_05573.jpg,1,0.130485,1,0,1
/root/private_data/lowlight-object-detection/datasets_yolo/ExDark_YOLO/images/train/2015_05575.jpg,1,0.190097,2,0,1
/root/private_data/lowlight-object-detection/datasets_yolo/ExDark_YOLO/images/train/2015_05576.jpg,1,0.040554,1,0,1
/root/private_data/lowlight-object-detection/datasets_yolo/ExDark_YOLO/images/train/2015_05577.jpg,1,0.137831,2,0,1
/root/private_data/lowlight-object-detection/datasets_yolo/ExDark_YOLO/images/train/2015_05578.jpg,1,0.037673,1,0,1
/root/private_data/lowlight-object-detection/datasets_yolo/ExDark_YOLO/images/train/2015_05579.jpg,1,0.150206,2,0,1
/root/private_data/lowlight-object-detection/datasets_yolo/ExDark_YOLO/images/train/2015_05583.jpg,1,0.071467,1,0,1
/root/private_data/lowlight-object-detection/datasets_yolo/ExDark_YOLO/images/train/2015_05584.jpg,1,0.030949,1,0,1
/root/private_data/lowlight-object-detection/datasets_yolo/ExDark_YOLO/images/train/2015_05586.jpg,1,0.110336,1,0,1
/root/private_data/lowlight-object-detection/datasets_yolo/ExDark_YOLO/images/train/2015_05587.jpg,1,0.309420,1,0,0
/root/private_data/lowlight-object-detection/datasets_yolo/ExDark_YOLO/images/train/2015_05589.jpg,1,0.037771,1,0,1
/root/private_data/lowlight-object-detection/datasets_yolo/ExDark_YOLO/images/train/2015_05590.jpg,1,0.086846,3,0,1
/root/private_data/lowlight-object-detection/datasets_yolo/ExDark_YOLO/images/train/2015_05593.jpg,1,0.377255,2,0,0
/root/private_data/lowlight-object-detection/datasets_yolo/ExDark_YOLO/images/train/2015_05594.jpg,2,0.234977,2,1,1
/root/private_data/lowlight-object-detection/datasets_yolo/ExDark_YOLO/images/train/2015_05595.jpg,1,0.124109,1,0,1
/root/private_data/lowlight-object-detection/datasets_yolo/ExDark_YOLO/images/train/2015_05596.jpg,1,0.030147,1,0,1
/root/private_data/lowlight-object-detection/datasets_yolo/ExDark_YOLO/images/train/2015_05597.jpg,1,0.055944,1,0,1
/root/private_data/lowlight-object-detection/datasets_yolo/ExDark_YOLO/images/train/2015_05598.jpg,1,0.076220,1,0,1
/root/private_data/lowlight-object-detection/datasets_yolo/ExDark_YOLO/images/train/2015_05599.jpg,1,0.068944,1,0,1
/root/private_data/lowlight-object-detection/datasets_yolo/ExDark_YOLO/images/train/2015_05601.jpg,1,0.046711,1,0,1
/root/private_data/lowlight-object-detection/datasets_yolo/ExDark_YOLO/images/train/2015_05602.jpg,1,0.075978,1,0,1
/root/private_data/lowlight-object-detection/datasets_yolo/ExDark_YOLO/images/train/2015_05604.jpg,1,0.147714,1,0,1
/root/private_data/lowlight-object-detection/datasets_yolo/ExDark_YOLO/images/train/2015_05605.jpg,1,0.200348,2,0,1
/root/private_data/lowlight-object-detection/datasets_yolo/ExDark_YOLO/images/train/2015_05607.jpg,1,0.070163,1,0,1
/root/private_data/lowlight-object-detection/datasets_yolo/ExDark_YOLO/images/train/2015_05608.jpg,1,0.174021,3,0,1
/root/private_data/lowlight-object-detection/datasets_yolo/ExDark_YOLO/images/train/2015_05609.jpg,1,0.206257,1,0,1
/root/private_data/lowlight-object-detection/datasets_yolo/ExDark_YOLO/images/train/2015_05611.jpg,1,0.219437,2,0,1
/root/private_data/lowlight-object-detection/datasets_yolo/ExDark_YOLO/images/train/2015_05612.jpg,1,0.041124,1,0,1
/root/private_data/lowlight-object-detection/datasets_yolo/ExDark_YOLO/images/train/2015_05613.jpg,2,0.115141,7,1,1
/root/private_data/lowlight-object-detection/datasets_yolo/ExDark_YOLO/images/train/2015_05615.jpg,1,0.022150,1,0,1
/root/private_data/lowlight-object-detection/datasets_yolo/ExDark_YOLO/images/train/2015_05616.jpg,1,0.006953,1,0,1
/root/private_data/lowlight-object-detection/datasets_yolo/ExDark_YOLO/images/train/2015_05617.jpg,1,0.108093,1,0,1
/root/private_data/lowlight-object-detection/datasets_yolo/ExDark_YOLO/images/train/2015_05619.jpg,1,0.159800,1,0,1
/root/private_data/lowlight-object-detection/datasets_yolo/ExDark_YOLO/images/train/2015_05620.jpg,1,0.168924,2,0,1
/root/private_data/lowlight-object-detection/datasets_yolo/ExDark_YOLO/images/train/2015_05622.jpg,1,0.172007,2,0,1
/root/private_data/lowlight-object-detection/datasets_yolo/ExDark_YOLO/images/train/2015_05625.jpg,1,0.114909,1,0,1
/root/private_data/lowlight-object-detection/datasets_yolo/ExDark_YOLO/images/train/2015_05626.jpg,2,0.087768,6,1,1
/root/private_data/lowlight-object-detection/datasets_yolo/ExDark_YOLO/images/train/2015_05627.jpg,1,0.310201,1,0,0
/root/private_data/lowlight-object-detection/datasets_yolo/ExDark_YOLO/images/train/2015_05629.jpg,1,0.247698,2,0,1
/root/private_data/lowlight-object-detection/datasets_yolo/ExDark_YOLO/images/train/2015_05630.jpg,1,0.294013,1,0,1
/root/private_data/lowlight-object-detection/datasets_yolo/ExDark_YOLO/images/train/2015_05631.jpg,1,0.072530,1,0,1
/root/private_data/lowlight-object-detection/datasets_yolo/ExDark_YOLO/images/train/2015_05632.jpg,1,0.111695,1,0,1
/root/private_data/lowlight-object-detection/datasets_yolo/ExDark_YOLO/images/train/2015_05634.jpg,1,0.092442,1,0,1
/root/private_data/lowlight-object-detection/datasets_yolo/ExDark_YOLO/images/train/2015_05635.jpg,1,0.079639,1,0,1
/root/private_data/lowlight-object-detection/datasets_yolo/ExDark_YOLO/images/train/2015_05636.jpg,1,0.115793,1,0,1
/root/private_data/lowlight-object-detection/datasets_yolo/ExDark_YOLO/images/train/2015_05637.jpg,1,0.211667,1,0,1
/root/private_data/lowlight-object-detection/datasets_yolo/ExDark_YOLO/images/train/2015_05638.jpg,1,0.034723,1,0,1
/root/private_data/lowlight-object-detection/datasets_yolo/ExDark_YOLO/images/train/2015_05640.jpg,1,0.086709,1,0,1
/root/private_data/lowlight-object-detection/datasets_yolo/ExDark_YOLO/images/train/2015_05641.jpg,1,0.049770,3,0,1
/root/private_data/lowlight-object-detection/datasets_yolo/ExDark_YOLO/images/train/2015_05643.jpg,1,0.171130,1,0,1
/root/private_data/lowlight-object-detection/datasets_yolo/ExDark_YOLO/images/train/2015_05645.jpg,1,0.043813,3,0,1
/root/private_data/lowlight-object-detection/datasets_yolo/ExDark_YOLO/images/train/2015_05646.jpg,1,0.055773,1,0,1
/root/private_data/lowlight-object-detection/datasets_yolo/ExDark_YOLO/images/train/2015_05648.jpg,1,0.036532,1,0,1
/root/private_data/lowlight-object-detection/datasets_yolo/ExDark_YOLO/images/train/2015_05650.jpg,1,0.314536,3,0,0
/root/private_data/lowlight-object-detection/datasets_yolo/ExDark_YOLO/images/train/2015_05652.png,1,0.070586,1,0,1
/root/private_data/lowlight-object-detection/datasets_yolo/ExDark_YOLO/images/train/2015_05653.png,1,0.100094,2,0,1
/root/private_data/lowlight-object-detection/datasets_yolo/ExDark_YOLO/images/train/2015_05654.png,1,0.032200,2,0,1
/root/private_data/lowlight-object-detection/datasets_yolo/ExDark_YOLO/images/train/2015_05655.png,2,0.153219,10,1,1
/root/private_data/lowlight-object-detection/datasets_yolo/ExDark_YOLO/images/train/2015_05656.png,1,0.039418,1,0,1
/root/private_data/lowlight-object-detection/datasets_yolo/ExDark_YOLO/images/train/2015_05657.png,1,0.226939,1,0,1
/root/private_data/lowlight-object-detection/datasets_yolo/ExDark_YOLO/images/train/2015_05658.png,1,0.214942,1,0,1
/root/private_data/lowlight-object-detection/datasets_yolo/ExDark_YOLO/images/train/2015_05659.png,1,0.053153,1,0,1
/root/private_data/lowlight-object-detection/datasets_yolo/ExDark_YOLO/images/train/2015_05660.png,1,0.058998,1,0,1
/root/private_data/lowlight-object-detection/datasets_yolo/ExDark_YOLO/images/train/2015_05662.png,3,0.159866,2,1,1
/root/private_data/lowlight-object-detection/datasets_yolo/ExDark_YOLO/images/train/2015_05664.png,1,0.154937,1,0,1
/root/private_data/lowlight-object-detection/datasets_yolo/ExDark_YOLO/images/train/2015_05665.png,1,0.053609,1,0,1
/root/private_data/lowlight-object-detection/datasets_yolo/ExDark_YOLO/images/train/2015_05666.png,1,0.033432,2,0,1
/root/private_data/lowlight-object-detection/datasets_yolo/ExDark_YOLO/images/train/2015_05667.png,1,0.045680,2,0,1
/root/private_data/lowlight-object-detection/datasets_yolo/ExDark_YOLO/images/train/2015_05668.png,2,0.070866,2,1,1
/root/private_data/lowlight-object-detection/datasets_yolo/ExDark_YOLO/images/train/2015_05669.png,1,0.044136,2,0,1
/root/private_data/lowlight-object-detection/datasets_yolo/ExDark_YOLO/images/train/2015_05670.png,1,0.046868,1,0,1
/root/private_data/lowlight-object-detection/datasets_yolo/ExDark_YOLO/images/train/2015_05671.png,1,0.053361,1,0,1
/root/private_data/lowlight-object-detection/datasets_yolo/ExDark_YOLO/images/train/2015_05673.png,1,0.045252,1,0,1
/root/private_data/lowlight-object-detection/datasets_yolo/ExDark_YOLO/images/train/2015_05674.png,1,0.025410,1,0,1
/root/private_data/lowlight-object-detection/datasets_yolo/ExDark_YOLO/images/train/2015_05675.png,1,0.055351,2,0,1
/root/private_data/lowlight-object-detection/datasets_yolo/ExDark_YOLO/images/train/2015_05676.png,1,0.067820,1,0,1
/root/private_data/lowlight-object-detection/datasets_yolo/ExDark_YOLO/images/train/2015_05677.png,1,0.060060,1,0,1
/root/private_data/lowlight-object-detection/datasets_yolo/ExDark_YOLO/images/train/2015_05678.png,1,0.060240,1,0,1
/root/private_data/lowlight-object-detection/datasets_yolo/ExDark_YOLO/images/train/2015_05679.png,1,0.032319,2,0,1
/root/private_data/lowlight-object-detection/datasets_yolo/ExDark_YOLO/images/train/2015_05681.png,1,0.068303,1,0,1
/root/private_data/lowlight-object-detection/datasets_yolo/ExDark_YOLO/images/train/2015_05683.png,1,0.070162,1,0,1
/root/private_data/lowlight-object-detection/datasets_yolo/ExDark_YOLO/images/train/2015_05684.png,1,0.040384,4,0,1
/root/private_data/lowlight-object-detection/datasets_yolo/ExDark_YOLO/images/train/2015_05685.png,1,0.088440,1,0,1
/root/private_data/lowlight-object-detection/datasets_yolo/ExDark_YOLO/images/train/2015_05686.png,1,0.024569,1,0,1
/root/private_data/lowlight-object-detection/datasets_yolo/ExDark_YOLO/images/train/2015_05687.png,1,0.040475,1,0,1
/root/private_data/lowlight-object-detection/datasets_yolo/ExDark_YOLO/images/train/2015_05689.png,1,0.091931,1,0,1
/root/private_data/lowlight-object-detection/datasets_yolo/ExDark_YOLO/images/train/2015_05690.png,1,0.089476,1,0,1
/root/private_data/lowlight-object-detection/datasets_yolo/ExDark_YOLO/images/train/2015_05692.png,1,0.080759,1,0,1
/root/private_data/lowlight-object-detection/datasets_yolo/ExDark_YOLO/images/train/2015_05693.png,1,0.057473,5,0,1
/root/private_data/lowlight-object-detection/datasets_yolo/ExDark_YOLO/images/train/2015_05694.png,1,0.059165,5,0,1
/root/private_data/lowlight-object-detection/datasets_yolo/ExDark_YOLO/images/train/2015_05696.png,1,0.046195,7,0,1
/root/private_data/lowlight-object-detection/datasets_yolo/ExDark_YOLO/images/train/2015_05697.png,1,0.067871,1,0,1
/root/private_data/lowlight-object-detection/datasets_yolo/ExDark_YOLO/images/train/2015_05698.png,3,0.037621,3,1,1
/root/private_data/lowlight-object-detection/datasets_yolo/ExDark_YOLO/images/train/2015_05699.png,3,0.042717,7,1,1
/root/private_data/lowlight-object-detection/datasets_yolo/ExDark_YOLO/images/train/2015_05700.png,3,0.042335,3,1,1
/root/private_data/lowlight-object-detection/datasets_yolo/ExDark_YOLO/images/train/2015_05701.png,1,0.036879,1,0,1
/root/private_data/lowlight-object-detection/datasets_yolo/ExDark_YOLO/images/train/2015_05702.png,1,0.042375,1,0,1
/root/private_data/lowlight-object-detection/datasets_yolo/ExDark_YOLO/images/train/2015_05703.png,1,0.045450,1,0,1
/root/private_data/lowlight-object-detection/datasets_yolo/ExDark_YOLO/images/train/2015_05704.png,1,0.054407,9,0,1
/root/private_data/lowlight-object-detection/datasets_yolo/ExDark_YOLO/images/train/2015_05705.png,1,0.029246,1,0,1
/root/private_data/lowlight-object-detection/datasets_yolo/ExDark_YOLO/images/train/2015_05706.png,2,0.096696,4,1,1
/root/private_data/lowlight-object-detection/datasets_yolo/ExDark_YOLO/images/train/2015_05707.png,1,0.077833,3,0,1
/root/private_data/lowlight-object-detection/datasets_yolo/ExDark_YOLO/images/train/2015_05708.png,1,0.056017,2,0,1
/root/private_data/lowlight-object-detection/datasets_yolo/ExDark_YOLO/images/train/2015_05709.png,1,0.048915,2,0,1
/root/private_data/lowlight-object-detection/datasets_yolo/ExDark_YOLO/images/train/2015_05710.png,1,0.060388,3,0,1
/root/private_data/lowlight-object-detection/datasets_yolo/ExDark_YOLO/images/train/2015_05711.png,1,0.076359,2,0,1
/root/private_data/lowlight-object-detection/datasets_yolo/ExDark_YOLO/images/train/2015_05712.png,1,0.043569,2,0,1
/root/private_data/lowlight-object-detection/datasets_yolo/ExDark_YOLO/images/train/2015_05714.png,1,0.059289,2,0,1
/root/private_data/lowlight-object-detection/datasets_yolo/ExDark_YOLO/images/train/2015_05716.png,1,0.081133,3,0,1
/root/private_data/lowlight-object-detection/datasets_yolo/ExDark_YOLO/images/train/2015_05717.png,1,0.064226,3,0,1
/root/private_data/lowlight-object-detection/datasets_yolo/ExDark_YOLO/images/train/2015_05718.png,1,0.062455,3,0,1
/root/private_data/lowlight-object-detection/datasets_yolo/ExDark_YOLO/images/train/2015_05719.png,1,0.044405,2,0,1
/root/private_data/lowlight-object-detection/datasets_yolo/ExDark_YOLO/images/train/2015_05720.png,1,0.042631,2,0,1
/root/private_data/lowlight-object-detection/datasets_yolo/ExDark_YOLO/images/train/2015_05721.png,1,0.034633,2,0,1
/root/private_data/lowlight-object-detection/datasets_yolo/ExDark_YOLO/images/train/2015_05722.png,1,0.028883,2,0,1
/root/private_data/lowlight-object-detection/datasets_yolo/ExDark_YOLO/images/train/2015_05723.png,1,0.070689,1,0,1
/root/private_data/lowlight-object-detection/datasets_yolo/ExDark_YOLO/images/train/2015_05724.png,1,0.065673,1,0,1
/root/private_data/lowlight-object-detection/datasets_yolo/ExDark_YOLO/images/train/2015_05725.png,1,0.091289,1,0,1
/root/private_data/lowlight-object-detection/datasets_yolo/ExDark_YOLO/images/train/2015_05727.jpg,1,0.144454,2,0,1
/root/private_data/lowlight-object-detection/datasets_yolo/ExDark_YOLO/images/train/2015_05728.jpg,1,0.176032,1,0,1
/root/private_data/lowlight-object-detection/datasets_yolo/ExDark_YOLO/images/train/2015_05729.jpg,1,0.194924,1,0,1
/root/private_data/lowlight-object-detection/datasets_yolo/ExDark_YOLO/images/train/2015_05731.jpg,2,0.093106,2,1,1
/root/private_data/lowlight-object-detection/datasets_yolo/ExDark_YOLO/images/train/2015_05733.jpg,1,0.090919,1,0,1
/root/private_data/lowlight-object-detection/datasets_yolo/ExDark_YOLO/images/train/2015_05735.jpg,1,0.127884,1,0,1
/root/private_data/lowlight-object-detection/datasets_yolo/ExDark_YOLO/images/train/2015_05736.jpg,1,0.160033,1,0,1
/root/private_data/lowlight-object-detection/datasets_yolo/ExDark_YOLO/images/train/2015_05738.jpg,2,0.175085,5,1,1
/root/private_data/lowlight-object-detection/datasets_yolo/ExDark_YOLO/images/train/2015_05739.jpg,1,0.244747,3,0,1
/root/private_data/lowlight-object-detection/datasets_yolo/ExDark_YOLO/images/train/2015_05740.jpg,1,0.229995,4,0,1
/root/private_data/lowlight-object-detection/datasets_yolo/ExDark_YOLO/images/train/2015_05742.jpg,1,0.202800,1,0,1
/root/private_data/lowlight-object-detection/datasets_yolo/ExDark_YOLO/images/train/2015_05743.jpg,1,0.110833,2,0,1
/root/private_data/lowlight-object-detection/datasets_yolo/ExDark_YOLO/images/train/2015_05744.jpg,1,0.319987,1,0,0
/root/private_data/lowlight-object-detection/datasets_yolo/ExDark_YOLO/images/train/2015_05745.jpg,1,0.163452,2,0,1
/root/private_data/lowlight-object-detection/datasets_yolo/ExDark_YOLO/images/train/2015_05746.jpg,1,0.221162,2,0,1
/root/private_data/lowlight-object-detection/datasets_yolo/ExDark_YOLO/images/train/2015_05747.png,1,0.066823,1,0,1
/root/private_data/lowlight-object-detection/datasets_yolo/ExDark_YOLO/images/train/2015_05748.jpg,1,0.180128,5,0,1
/root/private_data/lowlight-object-detection/datasets_yolo/ExDark_YOLO/images/train/2015_05749.png,1,0.353397,4,0,0
/root/private_data/lowlight-object-detection/datasets_yolo/ExDark_YOLO/images/train/2015_05750.png,1,0.269288,1,0,1
/root/private_data/lowlight-object-detection/datasets_yolo/ExDark_YOLO/images/train/2015_05751.jpg,1,0.089699,1,0,1
/root/private_data/lowlight-object-detection/datasets_yolo/ExDark_YOLO/images/train/2015_05754.jpg,2,0.142545,5,1,1
/root/private_data/lowlight-object-detection/datasets_yolo/ExDark_YOLO/images/train/2015_05755.jpg,1,0.242180,1,0,1
/root/private_data/lowlight-object-detection/datasets_yolo/ExDark_YOLO/images/train/2015_05756.jpg,1,0.092816,1,0,1
/root/private_data/lowlight-object-detection/datasets_yolo/ExDark_YOLO/images/train/2015_05757.jpg,1,0.113787,2,0,1
/root/private_data/lowlight-object-detection/datasets_yolo/ExDark_YOLO/images/train/2015_05758.jpg,1,0.071101,2,0,1
/root/private_data/lowlight-object-detection/datasets_yolo/ExDark_YOLO/images/train/2015_05759.jpg,1,0.118815,3,0,1
/root/private_data/lowlight-object-detection/datasets_yolo/ExDark_YOLO/images/train/2015_05760.jpg,1,0.045371,3,0,1
/root/private_data/lowlight-object-detection/datasets_yolo/ExDark_YOLO/images/train/2015_05762.jpg,1,0.136204,16,0,1
/root/private_data/lowlight-object-detection/datasets_yolo/ExDark_YOLO/images/train/2015_05763.jpg,1,0.164555,3,0,1
/root/private_data/lowlight-object-detection/datasets_yolo/ExDark_YOLO/images/train/2015_05765.jpg,3,0.115709,10,1,1
/root/private_data/lowlight-object-detection/datasets_yolo/ExDark_YOLO/images/train/2015_05768.jpg,1,0.380374,1,0,0
/root/private_data/lowlight-object-detection/datasets_yolo/ExDark_YOLO/images/train/2015_05769.jpg,2,0.185762,6,1,1
/root/private_data/lowlight-object-detection/datasets_yolo/ExDark_YOLO/images/train/2015_05770.jpg,3,0.177856,5,1,1
/root/private_data/lowlight-object-detection/datasets_yolo/ExDark_YOLO/images/train/2015_05771.jpg,1,0.031250,2,0,1
/root/private_data/lowlight-object-detection/datasets_yolo/ExDark_YOLO/images/train/2015_05772.jpg,1,0.114462,1,0,1
/root/private_data/lowlight-object-detection/datasets_yolo/ExDark_YOLO/images/train/2015_05773.jpg,1,0.075684,2,0,1
/root/private_data/lowlight-object-detection/datasets_yolo/ExDark_YOLO/images/train/2015_05774.jpg,1,0.066413,2,0,1
/root/private_data/lowlight-object-detection/datasets_yolo/ExDark_YOLO/images/train/2015_05775.jpg,1,0.080086,3,0,1
/root/private_data/lowlight-object-detection/datasets_yolo/ExDark_YOLO/images/train/2015_05776.jpg,1,0.072185,3,0,1
/root/private_data/lowlight-object-detection/datasets_yolo/ExDark_YOLO/images/train/2015_05777.jpg,2,0.242636,8,1,1
/root/private_data/lowlight-object-detection/datasets_yolo/ExDark_YOLO/images/train/2015_05778.jpg,1,0.026221,4,0,1
/root/private_data/lowlight-object-detection/datasets_yolo/ExDark_YOLO/images/train/2015_05779.jpg,1,0.020350,5,0,1
/root/private_data/lowlight-object-detection/datasets_yolo/ExDark_YOLO/images/train/2015_05781.jpg,2,0.204486,16,1,1
/root/private_data/lowlight-object-detection/datasets_yolo/ExDark_YOLO/images/train/2015_05782.jpg,1,0.270827,2,0,1
/root/private_data/lowlight-object-detection/datasets_yolo/ExDark_YOLO/images/train/2015_05783.jpg,1,0.190483,1,0,1
/root/private_data/lowlight-object-detection/datasets_yolo/ExDark_YOLO/images/train/2015_05784.jpg,1,0.247856,6,0,1
/root/private_data/lowlight-object-detection/datasets_yolo/ExDark_YOLO/images/train/2015_05785.jpg,1,0.117398,5,0,1
/root/private_data/lowlight-object-detection/datasets_yolo/ExDark_YOLO/images/train/2015_05786.jpg,1,0.097731,1,0,1
/root/private_data/lowlight-object-detection/datasets_yolo/ExDark_YOLO/images/train/2015_05787.jpg,1,0.272588,3,0,1
/root/private_data/lowlight-object-detection/datasets_yolo/ExDark_YOLO/images/train/2015_05788.jpg,2,0.105782,5,1,1
/root/private_data/lowlight-object-detection/datasets_yolo/ExDark_YOLO/images/train/2015_05789.jpg,1,0.116110,8,0,1
/root/private_data/lowlight-object-detection/datasets_yolo/ExDark_YOLO/images/train/2015_05790.jpg,1,0.098003,2,0,1
/root/private_data/lowlight-object-detection/datasets_yolo/ExDark_YOLO/images/train/2015_05791.jpg,1,0.121969,3,0,1
/root/private_data/lowlight-object-detection/datasets_yolo/ExDark_YOLO/images/train/2015_05792.jpg,1,0.088891,2,0,1
/root/private_data/lowlight-object-detection/datasets_yolo/ExDark_YOLO/images/train/2015_05793.jpg,1,0.152120,2,0,1
/root/private_data/lowlight-object-detection/datasets_yolo/ExDark_YOLO/images/train/2015_05795.jpg,1,0.291472,2,0,1
/root/private_data/lowlight-object-detection/datasets_yolo/ExDark_YOLO/images/train/2015_05797.jpg,3,0.112328,10,1,1
/root/private_data/lowlight-object-detection/datasets_yolo/ExDark_YOLO/images/train/2015_05798.jpg,1,0.275622,4,0,1
/root/private_data/lowlight-object-detection/datasets_yolo/ExDark_YOLO/images/train/2015_05799.jpg,2,0.205772,17,1,1
/root/private_data/lowlight-object-detection/datasets_yolo/ExDark_YOLO/images/train/2015_05801.jpg,2,0.264007,8,1,1
/root/private_data/lowlight-object-detection/datasets_yolo/ExDark_YOLO/images/train/2015_05802.jpg,1,0.298540,1,0,1
/root/private_data/lowlight-object-detection/datasets_yolo/ExDark_YOLO/images/train/2015_05803.jpg,1,0.176184,4,0,1
/root/private_data/lowlight-object-detection/datasets_yolo/ExDark_YOLO/images/train/2015_05804.jpg,1,0.157339,3,0,1
/root/private_data/lowlight-object-detection/datasets_yolo/ExDark_YOLO/images/train/2015_05805.jpg,1,0.076210,2,0,1
/root/private_data/lowlight-object-detection/datasets_yolo/ExDark_YOLO/images/train/2015_05806.jpg,1,0.347756,8,1,0
/root/private_data/lowlight-object-detection/datasets_yolo/ExDark_YOLO/images/train/2015_05807.jpg,2,0.200361,17,1,1
/root/private_data/lowlight-object-detection/datasets_yolo/ExDark_YOLO/images/train/2015_05808.jpg,1,0.159076,2,0,1
/root/private_data/lowlight-object-detection/datasets_yolo/ExDark_YOLO/images/train/2015_05809.jpg,2,0.229504,13,1,1
/root/private_data/lowlight-object-detection/datasets_yolo/ExDark_YOLO/images/train/2015_05810.jpg,1,0.153592,3,0,1
/root/private_data/lowlight-object-detection/datasets_yolo/ExDark_YOLO/images/train/2015_05812.jpg,3,0.133504,10,1,1
/root/private_data/lowlight-object-detection/datasets_yolo/ExDark_YOLO/images/train/2015_05813.jpg,1,0.269131,4,0,1
/root/private_data/lowlight-object-detection/datasets_yolo/ExDark_YOLO/images/train/2015_05815.jpg,1,0.031920,1,0,1
/root/private_data/lowlight-object-detection/datasets_yolo/ExDark_YOLO/images/train/2015_05816.jpg,1,0.124753,1,0,1
/root/private_data/lowlight-object-detection/datasets_yolo/ExDark_YOLO/images/train/2015_05817.jpg,1,0.143328,1,0,1
/root/private_data/lowlight-object-detection/datasets_yolo/ExDark_YOLO/images/train/2015_05819.jpg,1,0.348753,9,1,0
/root/private_data/lowlight-object-detection/datasets_yolo/ExDark_YOLO/images/train/2015_05820.jpg,2,0.197680,9,1,1
/root/private_data/lowlight-object-detection/datasets_yolo/ExDark_YOLO/images/train/2015_05822.jpg,3,0.105089,4,1,1
/root/private_data/lowlight-object-detection/datasets_yolo/ExDark_YOLO/images/train/2015_05824.jpg,3,0.144679,9,1,1
/root/private_data/lowlight-object-detection/datasets_yolo/ExDark_YOLO/images/train/2015_05825.jpg,2,0.084564,7,1,1
/root/private_data/lowlight-object-detection/datasets_yolo/ExDark_YOLO/images/train/2015_05826.jpg,1,0.077703,4,0,1
/root/private_data/lowlight-object-detection/datasets_yolo/ExDark_YOLO/images/train/2015_05830.jpg,1,0.178730,8,0,1
/root/private_data/lowlight-object-detection/datasets_yolo/ExDark_YOLO/images/train/2015_05831.jpg,1,0.097904,2,0,1
/root/private_data/lowlight-object-detection/datasets_yolo/ExDark_YOLO/images/train/2015_05832.jpg,1,0.505337,2,0,0
/root/private_data/lowlight-object-detection/datasets_yolo/ExDark_YOLO/images/train/2015_05834.jpg,1,0.202337,4,0,1
/root/private_data/lowlight-object-detection/datasets_yolo/ExDark_YOLO/images/train/2015_05835.jpg,2,0.064098,7,1,1
/root/private_data/lowlight-object-detection/datasets_yolo/ExDark_YOLO/images/train/2015_05836.jpg,1,0.171600,3,0,1
/root/private_data/lowlight-object-detection/datasets_yolo/ExDark_YOLO/images/train/2015_05837.jpg,1,0.164352,2,0,1
/root/private_data/lowlight-object-detection/datasets_yolo/ExDark_YOLO/images/train/2015_05838.jpg,1,0.305760,6,0,0
/root/private_data/lowlight-object-detection/datasets_yolo/ExDark_YOLO/images/train/2015_05839.jpg,1,0.063200,1,0,1
/root/private_data/lowlight-object-detection/datasets_yolo/ExDark_YOLO/images/train/2015_05840.jpg,1,0.087740,4,0,1
/root/private_data/lowlight-object-detection/datasets_yolo/ExDark_YOLO/images/train/2015_05841.jpg,1,0.121939,2,0,1
/root/private_data/lowlight-object-detection/datasets_yolo/ExDark_YOLO/images/train/2015_05842.jpg,2,0.278563,13,1,1
/root/private_data/lowlight-object-detection/datasets_yolo/ExDark_YOLO/images/train/2015_05843.jpg,1,0.232290,7,0,1
/root/private_data/lowlight-object-detection/datasets_yolo/ExDark_YOLO/images/train/2015_05844.jpg,3,0.084135,11,1,1
/root/private_data/lowlight-object-detection/datasets_yolo/ExDark_YOLO/images/train/2015_05845.jpg,1,0.037881,2,0,1
/root/private_data/lowlight-object-detection/datasets_yolo/ExDark_YOLO/images/train/2015_05846.jpg,1,0.172422,2,0,1
/root/private_data/lowlight-object-detection/datasets_yolo/ExDark_YOLO/images/train/2015_05848.jpg,1,0.209768,3,0,1
/root/private_data/lowlight-object-detection/datasets_yolo/ExDark_YOLO/images/train/2015_05849.jpg,1,0.211585,2,0,1
/root/private_data/lowlight-object-detection/datasets_yolo/ExDark_YOLO/images/train/2015_05850.jpg,1,0.075336,2,0,1
/root/private_data/lowlight-object-detection/datasets_yolo/ExDark_YOLO/images/train/2015_05851.jpg,1,0.099651,2,0,1
/root/private_data/lowlight-object-detection/datasets_yolo/ExDark_YOLO/images/train/2015_05852.jpg,2,0.200287,15,1,1
/root/private_data/lowlight-object-detection/datasets_yolo/ExDark_YOLO/images/train/2015_05853.jpg,2,0.261349,23,1,1
/root/private_data/lowlight-object-detection/datasets_yolo/ExDark_YOLO/images/train/2015_05854.jpg,1,0.123219,2,0,1
/root/private_data/lowlight-object-detection/datasets_yolo/ExDark_YOLO/images/train/2015_05855.jpg,2,0.205612,9,1,1
/root/private_data/lowlight-object-detection/datasets_yolo/ExDark_YOLO/images/train/2015_05856.jpg,2,0.039454,5,1,1
/root/private_data/lowlight-object-detection/datasets_yolo/ExDark_YOLO/images/train/2015_05857.jpg,1,0.045048,1,0,1
/root/private_data/lowlight-object-detection/datasets_yolo/ExDark_YOLO/images/train/2015_05859.jpg,1,0.135139,1,0,1
/root/private_data/lowlight-object-detection/datasets_yolo/ExDark_YOLO/images/train/2015_05861.jpg,1,0.182520,1,0,1
/root/private_data/lowlight-object-detection/datasets_yolo/ExDark_YOLO/images/train/2015_05863.jpg,1,0.160226,2,0,1
/root/private_data/lowlight-object-detection/datasets_yolo/ExDark_YOLO/images/train/2015_05864.jpg,1,0.110666,1,0,1
/root/private_data/lowlight-object-detection/datasets_yolo/ExDark_YOLO/images/train/2015_05865.jpg,1,0.251888,2,0,1
/root/private_data/lowlight-object-detection/datasets_yolo/ExDark_YOLO/images/train/2015_05866.jpg,1,0.090171,1,0,1
/root/private_data/lowlight-object-detection/datasets_yolo/ExDark_YOLO/images/train/2015_05867.jpg,3,0.178304,7,1,1
/root/private_data/lowlight-object-detection/datasets_yolo/ExDark_YOLO/images/train/2015_05868.jpg,1,0.372955,1,0,0
/root/private_data/lowlight-object-detection/datasets_yolo/ExDark_YOLO/images/train/2015_05869.jpg,1,0.175061,1,0,1
/root/private_data/lowlight-object-detection/datasets_yolo/ExDark_YOLO/images/train/2015_05870.jpg,2,0.198249,8,1,1
/root/private_data/lowlight-object-detection/datasets_yolo/ExDark_YOLO/images/train/2015_05871.jpg,1,0.142756,2,0,1
/root/private_data/lowlight-object-detection/datasets_yolo/ExDark_YOLO/images/train/2015_05872.jpg,1,0.079426,1,0,1
/root/private_data/lowlight-object-detection/datasets_yolo/ExDark_YOLO/images/train/2015_05874.jpg,1,0.337531,5,0,0
/root/private_data/lowlight-object-detection/datasets_yolo/ExDark_YOLO/images/train/2015_05877.jpg,1,0.134873,2,0,1
/root/private_data/lowlight-object-detection/datasets_yolo/ExDark_YOLO/images/train/2015_05878.jpg,1,0.078955,2,0,1
/root/private_data/lowlight-object-detection/datasets_yolo/ExDark_YOLO/images/train/2015_05879.jpg,1,0.129447,2,0,1
/root/private_data/lowlight-object-detection/datasets_yolo/ExDark_YOLO/images/train/2015_05880.jpg,1,0.093089,2,0,1
/root/private_data/lowlight-object-detection/datasets_yolo/ExDark_YOLO/images/train/2015_05881.jpg,1,0.142302,5,0,1
/root/private_data/lowlight-object-detection/datasets_yolo/ExDark_YOLO/images/train/2015_05882.jpg,1,0.097749,2,0,1
/root/private_data/lowlight-object-detection/datasets_yolo/ExDark_YOLO/images/train/2015_05883.jpg,1,0.102757,2,0,1
/root/private_data/lowlight-object-detection/datasets_yolo/ExDark_YOLO/images/train/2015_05884.jpg,1,0.129187,2,0,1
/root/private_data/lowlight-object-detection/datasets_yolo/ExDark_YOLO/images/train/2015_05885.jpg,1,0.113989,2,0,1
/root/private_data/lowlight-object-detection/datasets_yolo/ExDark_YOLO/images/train/2015_05886.jpg,1,0.152845,2,0,1
/root/private_data/lowlight-object-detection/datasets_yolo/ExDark_YOLO/images/train/2015_05887.jpg,1,0.193953,2,0,1
/root/private_data/lowlight-object-detection/datasets_yolo/ExDark_YOLO/images/train/2015_05889.jpg,1,0.229077,2,0,1
/root/private_data/lowlight-object-detection/datasets_yolo/ExDark_YOLO/images/train/2015_05891.jpg,1,0.226729,2,0,1
/root/private_data/lowlight-object-detection/datasets_yolo/ExDark_YOLO/images/train/2015_05892.jpg,3,0.121782,5,1,1
/root/private_data/lowlight-object-detection/datasets_yolo/ExDark_YOLO/images/train/2015_05893.jpg,1,0.192577,3,0,1
/root/private_data/lowlight-object-detection/datasets_yolo/ExDark_YOLO/images/train/2015_05894.jpg,1,0.179176,0,0,1
/root/private_data/lowlight-object-detection/datasets_yolo/ExDark_YOLO/images/train/2015_05895.jpg,1,0.140046,2,0,1
/root/private_data/lowlight-object-detection/datasets_yolo/ExDark_YOLO/images/train/2015_05896.jpg,3,0.049972,10,1,1
/root/private_data/lowlight-object-detection/datasets_yolo/ExDark_YOLO/images/train/2015_05897.jpg,1,0.291162,4,0,1
/root/private_data/lowlight-object-detection/datasets_yolo/ExDark_YOLO/images/train/2015_05899.jpg,1,0.174381,1,0,1
/root/private_data/lowlight-object-detection/datasets_yolo/ExDark_YOLO/images/train/2015_05900.jpg,3,0.101481,8,1,1
/root/private_data/lowlight-object-detection/datasets_yolo/ExDark_YOLO/images/train/2015_05901.jpg,3,0.153084,21,1,1
/root/private_data/lowlight-object-detection/datasets_yolo/ExDark_YOLO/images/train/2015_05902.jpg,3,0.147495,10,1,1
/root/private_data/lowlight-object-detection/datasets_yolo/ExDark_YOLO/images/train/2015_05903.jpg,1,0.180537,6,0,1
/root/private_data/lowlight-object-detection/datasets_yolo/ExDark_YOLO/images/train/2015_05905.jpg,1,0.225310,3,0,1
/root/private_data/lowlight-object-detection/datasets_yolo/ExDark_YOLO/images/train/2015_05906.jpg,1,0.157146,5,0,1
/root/private_data/lowlight-object-detection/datasets_yolo/ExDark_YOLO/images/train/2015_05907.jpg,2,0.203774,2,1,1
/root/private_data/lowlight-object-detection/datasets_yolo/ExDark_YOLO/images/train/2015_05908.jpg,1,0.097028,2,0,1
/root/private_data/lowlight-object-detection/datasets_yolo/ExDark_YOLO/images/train/2015_05910.jpg,1,0.175032,1,0,1
/root/private_data/lowlight-object-detection/datasets_yolo/ExDark_YOLO/images/train/2015_05911.jpg,1,0.164591,1,0,1
/root/private_data/lowlight-object-detection/datasets_yolo/ExDark_YOLO/images/train/2015_05912.jpg,3,0.133492,14,1,1
/root/private_data/lowlight-object-detection/datasets_yolo/ExDark_YOLO/images/train/2015_05913.jpg,1,0.145092,2,0,1
/root/private_data/lowlight-object-detection/datasets_yolo/ExDark_YOLO/images/train/2015_05914.jpg,1,0.142682,1,0,1
/root/private_data/lowlight-object-detection/datasets_yolo/ExDark_YOLO/images/train/2015_05915.jpg,3,0.122853,10,1,1
/root/private_data/lowlight-object-detection/datasets_yolo/ExDark_YOLO/images/train/2015_05917.jpg,2,0.115742,6,1,1
/root/private_data/lowlight-object-detection/datasets_yolo/ExDark_YOLO/images/train/2015_05918.jpg,3,0.105145,5,1,1
/root/private_data/lowlight-object-detection/datasets_yolo/ExDark_YOLO/images/train/2015_05919.jpg,2,0.231437,9,1,1
/root/private_data/lowlight-object-detection/datasets_yolo/ExDark_YOLO/images/train/2015_05920.jpg,2,0.222383,13,1,1
/root/private_data/lowlight-object-detection/datasets_yolo/ExDark_YOLO/images/train/2015_05921.jpg,1,0.260021,7,0,1
/root/private_data/lowlight-object-detection/datasets_yolo/ExDark_YOLO/images/train/2015_05922.jpg,3,0.173378,17,1,1
/root/private_data/lowlight-object-detection/datasets_yolo/ExDark_YOLO/images/train/2015_05924.jpg,1,0.083040,2,0,1
/root/private_data/lowlight-object-detection/datasets_yolo/ExDark_YOLO/images/train/2015_05925.jpg,1,0.225861,1,0,1
/root/private_data/lowlight-object-detection/datasets_yolo/ExDark_YOLO/images/train/2015_05926.jpg,1,0.071236,6,0,1
/root/private_data/lowlight-object-detection/datasets_yolo/ExDark_YOLO/images/train/2015_05927.jpg,1,0.163574,4,0,1
/root/private_data/lowlight-object-detection/datasets_yolo/ExDark_YOLO/images/train/2015_05928.jpg,1,0.179506,3,0,1
/root/private_data/lowlight-object-detection/datasets_yolo/ExDark_YOLO/images/train/2015_05929.jpg,1,0.271972,2,0,1
/root/private_data/lowlight-object-detection/datasets_yolo/ExDark_YOLO/images/train/2015_05931.jpg,2,0.113515,11,1,1
/root/private_data/lowlight-object-detection/datasets_yolo/ExDark_YOLO/images/train/2015_05932.jpg,1,0.010312,3,0,1
/root/private_data/lowlight-object-detection/datasets_yolo/ExDark_YOLO/images/train/2015_05934.jpg,2,0.204291,6,1,1
/root/private_data/lowlight-object-detection/datasets_yolo/ExDark_YOLO/images/train/2015_05935.jpg,1,0.079714,3,0,1
/root/private_data/lowlight-object-detection/datasets_yolo/ExDark_YOLO/images/train/2015_05937.jpg,1,0.150189,3,0,1
/root/private_data/lowlight-object-detection/datasets_yolo/ExDark_YOLO/images/train/2015_05939.jpg,1,0.052723,1,0,1
/root/private_data/lowlight-object-detection/datasets_yolo/ExDark_YOLO/images/train/2015_05940.jpg,1,0.157596,1,0,1
/root/private_data/lowlight-object-detection/datasets_yolo/ExDark_YOLO/images/train/2015_05941.jpg,1,0.080466,1,0,1
/root/private_data/lowlight-object-detection/datasets_yolo/ExDark_YOLO/images/train/2015_05942.jpg,3,0.128892,4,1,1
/root/private_data/lowlight-object-detection/datasets_yolo/ExDark_YOLO/images/train/2015_05944.jpg,1,0.090479,2,0,1
/root/private_data/lowlight-object-detection/datasets_yolo/ExDark_YOLO/images/train/2015_05945.jpg,1,0.066595,4,0,1
/root/private_data/lowlight-object-detection/datasets_yolo/ExDark_YOLO/images/train/2015_05946.jpg,1,0.077390,2,0,1
/root/private_data/lowlight-object-detection/datasets_yolo/ExDark_YOLO/images/train/2015_05947.jpg,2,0.149955,9,1,1
/root/private_data/lowlight-object-detection/datasets_yolo/ExDark_YOLO/images/train/2015_05948.jpg,1,0.194283,2,0,1
/root/private_data/lowlight-object-detection/datasets_yolo/ExDark_YOLO/images/train/2015_05950.jpg,1,0.100802,1,0,1
/root/private_data/lowlight-object-detection/datasets_yolo/ExDark_YOLO/images/train/2015_05951.jpg,1,0.120666,2,0,1
/root/private_data/lowlight-object-detection/datasets_yolo/ExDark_YOLO/images/train/2015_05953.jpg,2,0.202996,16,1,1
/root/private_data/lowlight-object-detection/datasets_yolo/ExDark_YOLO/images/train/2015_05954.jpg,3,0.127785,21,1,1
/root/private_data/lowlight-object-detection/datasets_yolo/ExDark_YOLO/images/train/2015_05955.jpg,3,0.108675,9,1,1
/root/private_data/lowlight-object-detection/datasets_yolo/ExDark_YOLO/images/train/2015_05956.jpg,3,0.158972,19,1,1
/root/private_data/lowlight-object-detection/datasets_yolo/ExDark_YOLO/images/train/2015_05957.jpg,1,0.083788,4,0,1
/root/private_data/lowlight-object-detection/datasets_yolo/ExDark_YOLO/images/train/2015_05961.jpg,1,0.176600,3,0,1
/root/private_data/lowlight-object-detection/datasets_yolo/ExDark_YOLO/images/train/2015_05962.jpg,2,0.221762,20,1,1
/root/private_data/lowlight-object-detection/datasets_yolo/ExDark_YOLO/images/train/2015_05963.jpg,1,0.179982,1,0,1
/root/private_data/lowlight-object-detection/datasets_yolo/ExDark_YOLO/images/train/2015_05964.jpg,1,0.174031,6,0,1
/root/private_data/lowlight-object-detection/datasets_yolo/ExDark_YOLO/images/train/2015_05965.jpg,1,0.198380,1,0,1
/root/private_data/lowlight-object-detection/datasets_yolo/ExDark_YOLO/images/train/2015_05966.jpg,1,0.236834,1,0,1
/root/private_data/lowlight-object-detection/datasets_yolo/ExDark_YOLO/images/train/2015_05967.jpg,1,0.154433,2,0,1
/root/private_data/lowlight-object-detection/datasets_yolo/ExDark_YOLO/images/train/2015_05970.jpg,1,0.287869,2,0,1
/root/private_data/lowlight-object-detection/datasets_yolo/ExDark_YOLO/images/train/2015_05971.jpg,1,0.161535,1,0,1
/root/private_data/lowlight-object-detection/datasets_yolo/ExDark_YOLO/images/train/2015_05972.jpg,2,0.241255,12,1,1
/root/private_data/lowlight-object-detection/datasets_yolo/ExDark_YOLO/images/train/2015_05974.jpg,1,0.089705,1,0,1
/root/private_data/lowlight-object-detection/datasets_yolo/ExDark_YOLO/images/train/2015_05976.jpg,2,0.198771,8,1,1
/root/private_data/lowlight-object-detection/datasets_yolo/ExDark_YOLO/images/train/2015_05978.jpg,3,0.097198,3,1,1
/root/private_data/lowlight-object-detection/datasets_yolo/ExDark_YOLO/images/train/2015_05979.jpg,2,0.122201,2,1,1
/root/private_data/lowlight-object-detection/datasets_yolo/ExDark_YOLO/images/train/2015_05980.jpg,1,0.237726,3,0,1
/root/private_data/lowlight-object-detection/datasets_yolo/ExDark_YOLO/images/train/2015_05981.jpg,1,0.069059,2,0,1
/root/private_data/lowlight-object-detection/datasets_yolo/ExDark_YOLO/images/train/2015_05982.jpg,1,0.198854,2,0,1
/root/private_data/lowlight-object-detection/datasets_yolo/ExDark_YOLO/images/train/2015_05983.jpg,1,0.133135,2,0,1
/root/private_data/lowlight-object-detection/datasets_yolo/ExDark_YOLO/images/train/2015_05986.jpg,1,0.109903,2,0,1
/root/private_data/lowlight-object-detection/datasets_yolo/ExDark_YOLO/images/train/2015_05987.jpg,1,0.083579,2,0,1
/root/private_data/lowlight-object-detection/datasets_yolo/ExDark_YOLO/images/train/2015_05988.jpg,1,0.232754,3,0,1
/root/private_data/lowlight-object-detection/datasets_yolo/ExDark_YOLO/images/train/2015_05989.jpg,1,0.200649,3,0,1
/root/private_data/lowlight-object-detection/datasets_yolo/ExDark_YOLO/images/train/2015_05990.jpg,3,0.123018,6,1,1
/root/private_data/lowlight-object-detection/datasets_yolo/ExDark_YOLO/images/train/2015_05991.jpg,1,0.131040,2,0,1
/root/private_data/lowlight-object-detection/datasets_yolo/ExDark_YOLO/images/train/2015_05992.jpg,2,0.168327,6,1,1
/root/private_data/lowlight-object-detection/datasets_yolo/ExDark_YOLO/images/train/2015_05993.jpg,1,0.166235,1,0,1
/root/private_data/lowlight-object-detection/datasets_yolo/ExDark_YOLO/images/train/2015_05994.jpg,1,0.157481,2,0,1
/root/private_data/lowlight-object-detection/datasets_yolo/ExDark_YOLO/images/train/2015_05995.jpg,1,0.158506,2,0,1
/root/private_data/lowlight-object-detection/datasets_yolo/ExDark_YOLO/images/train/2015_05997.jpg,1,0.234004,6,0,1
/root/private_data/lowlight-object-detection/datasets_yolo/ExDark_YOLO/images/train/2015_05998.jpg,1,0.173441,2,0,1
/root/private_data/lowlight-object-detection/datasets_yolo/ExDark_YOLO/images/train/2015_05999.jpg,1,0.245521,5,0,1
/root/private_data/lowlight-object-detection/datasets_yolo/ExDark_YOLO/images/train/2015_06000.jpg,1,0.253287,2,0,1
/root/private_data/lowlight-object-detection/datasets_yolo/ExDark_YOLO/images/train/2015_06002.jpg,1,0.173586,2,0,1
/root/private_data/lowlight-object-detection/datasets_yolo/ExDark_YOLO/images/train/2015_06003.jpg,3,0.025484,15,1,1
/root/private_data/lowlight-object-detection/datasets_yolo/ExDark_YOLO/images/train/2015_06005.jpg,3,0.038803,3,1,1
/root/private_data/lowlight-object-detection/datasets_yolo/ExDark_YOLO/images/train/2015_06006.jpg,1,0.227712,1,0,1
/root/private_data/lowlight-object-detection/datasets_yolo/ExDark_YOLO/images/train/2015_06009.jpg,1,0.134324,4,0,1
/root/private_data/lowlight-object-detection/datasets_yolo/ExDark_YOLO/images/train/2015_06010.jpg,1,0.132819,4,0,1
/root/private_data/lowlight-object-detection/datasets_yolo/ExDark_YOLO/images/train/2015_06011.jpg,2,0.197800,2,1,1
/root/private_data/lowlight-object-detection/datasets_yolo/ExDark_YOLO/images/train/2015_06012.jpg,1,0.077376,4,0,1
/root/private_data/lowlight-object-detection/datasets_yolo/ExDark_YOLO/images/train/2015_06013.jpg,3,0.129708,14,1,1
/root/private_data/lowlight-object-detection/datasets_yolo/ExDark_YOLO/images/train/2015_06014.jpg,1,0.206277,1,0,1
/root/private_data/lowlight-object-detection/datasets_yolo/ExDark_YOLO/images/train/2015_06015.jpg,3,0.113778,17,1,1
/root/private_data/lowlight-object-detection/datasets_yolo/ExDark_YOLO/images/train/2015_06016.jpg,2,0.233259,15,1,1
/root/private_data/lowlight-object-detection/datasets_yolo/ExDark_YOLO/images/train/2015_06017.jpg,1,0.277841,1,0,1
/root/private_data/lowlight-object-detection/datasets_yolo/ExDark_YOLO/images/train/2015_06018.jpg,2,0.185713,21,1,1
/root/private_data/lowlight-object-detection/datasets_yolo/ExDark_YOLO/images/train/2015_06019.jpg,3,0.160073,23,1,1
/root/private_data/lowlight-object-detection/datasets_yolo/ExDark_YOLO/images/train/2015_06020.jpg,2,0.272648,9,1,1
/root/private_data/lowlight-object-detection/datasets_yolo/ExDark_YOLO/images/train/2015_06021.jpg,1,0.234010,3,0,1
/root/private_data/lowlight-object-detection/datasets_yolo/ExDark_YOLO/images/train/2015_06023.jpg,1,0.211106,5,0,1
/root/private_data/lowlight-object-detection/datasets_yolo/ExDark_YOLO/images/train/2015_06024.jpg,1,0.146571,1,0,1
/root/private_data/lowlight-object-detection/datasets_yolo/ExDark_YOLO/images/train/2015_06025.jpg,2,0.272430,29,1,1
/root/private_data/lowlight-object-detection/datasets_yolo/ExDark_YOLO/images/train/2015_06026.jpg,3,0.145420,7,1,1
/root/private_data/lowlight-object-detection/datasets_yolo/ExDark_YOLO/images/train/2015_06027.jpg,1,0.168717,2,0,1
/root/private_data/lowlight-object-detection/datasets_yolo/ExDark_YOLO/images/train/2015_06029.jpg,1,0.126269,4,0,1
/root/private_data/lowlight-object-detection/datasets_yolo/ExDark_YOLO/images/train/2015_06030.jpg,2,0.190250,21,1,1
/root/private_data/lowlight-object-detection/datasets_yolo/ExDark_YOLO/images/train/2015_06032.jpg,1,0.256952,2,0,1
/root/private_data/lowlight-object-detection/datasets_yolo/ExDark_YOLO/images/train/2015_06033.jpg,2,0.240315,4,1,1
/root/private_data/lowlight-object-detection/datasets_yolo/ExDark_YOLO/images/train/2015_06034.jpg,1,0.084924,1,0,1
/root/private_data/lowlight-object-detection/datasets_yolo/ExDark_YOLO/images/train/2015_06035.jpg,2,0.127083,9,1,1
/root/private_data/lowlight-object-detection/datasets_yolo/ExDark_YOLO/images/train/2015_06036.jpg,1,0.123341,7,0,1
/root/private_data/lowlight-object-detection/datasets_yolo/ExDark_YOLO/images/train/2015_06038.jpg,1,0.141258,3,0,1
/root/private_data/lowlight-object-detection/datasets_yolo/ExDark_YOLO/images/train/2015_06039.jpg,1,0.100020,1,0,1
/root/private_data/lowlight-object-detection/datasets_yolo/ExDark_YOLO/images/train/2015_06040.JPEG,1,0.114351,8,0,1
/root/private_data/lowlight-object-detection/datasets_yolo/ExDark_YOLO/images/train/2015_06041.JPEG,1,0.291020,2,0,1
/root/private_data/lowlight-object-detection/datasets_yolo/ExDark_YOLO/images/train/2015_06042.JPEG,1,0.146897,1,0,1
/root/private_data/lowlight-object-detection/datasets_yolo/ExDark_YOLO/images/train/2015_06043.JPEG,2,0.236748,5,1,1
/root/private_data/lowlight-object-detection/datasets_yolo/ExDark_YOLO/images/train/2015_06045.JPG,1,0.168198,4,0,1
/root/private_data/lowlight-object-detection/datasets_yolo/ExDark_YOLO/images/train/2015_06049.JPG,2,0.191443,4,1,1
/root/private_data/lowlight-object-detection/datasets_yolo/ExDark_YOLO/images/train/2015_06050.JPG,2,0.140526,6,1,1
/root/private_data/lowlight-object-detection/datasets_yolo/ExDark_YOLO/images/train/2015_06051.JPG,2,0.251729,6,1,1
/root/private_data/lowlight-object-detection/datasets_yolo/ExDark_YOLO/images/train/2015_06052.JPG,3,0.176352,4,1,1
/root/private_data/lowlight-object-detection/datasets_yolo/ExDark_YOLO/images/train/2015_06053.JPG,1,0.322341,6,0,0
/root/private_data/lowlight-object-detection/datasets_yolo/ExDark_YOLO/images/train/2015_06054.JPG,1,0.280270,3,0,1
/root/private_data/lowlight-object-detection/datasets_yolo/ExDark_YOLO/images/train/2015_06055.JPG,1,0.313538,1,0,0
/root/private_data/lowlight-object-detection/datasets_yolo/ExDark_YOLO/images/train/2015_06057.JPG,2,0.190099,7,1,1
/root/private_data/lowlight-object-detection/datasets_yolo/ExDark_YOLO/images/train/2015_06058.JPG,1,0.148153,5,0,1
/root/private_data/lowlight-object-detection/datasets_yolo/ExDark_YOLO/images/train/2015_06059.JPG,2,0.247770,5,1,1
/root/private_data/lowlight-object-detection/datasets_yolo/ExDark_YOLO/images/train/2015_06060.JPG,2,0.198303,4,1,1
/root/private_data/lowlight-object-detection/datasets_yolo/ExDark_YOLO/images/train/2015_06061.JPG,2,0.263084,8,1,1
/root/private_data/lowlight-object-detection/datasets_yolo/ExDark_YOLO/images/train/2015_06063.JPG,1,0.226978,1,0,1
/root/private_data/lowlight-object-detection/datasets_yolo/ExDark_YOLO/images/train/2015_06064.JPG,1,0.155300,2,0,1
/root/private_data/lowlight-object-detection/datasets_yolo/ExDark_YOLO/images/train/2015_06065.JPG,1,0.388844,2,0,0
/root/private_data/lowlight-object-detection/datasets_yolo/ExDark_YOLO/images/train/2015_06066.JPG,1,0.296989,3,0,1
/root/private_data/lowlight-object-detection/datasets_yolo/ExDark_YOLO/images/train/2015_06068.JPG,2,0.208352,4,1,1
/root/private_data/lowlight-object-detection/datasets_yolo/ExDark_YOLO/images/train/2015_06071.jpg,1,0.096719,1,0,1
/root/private_data/lowlight-object-detection/datasets_yolo/ExDark_YOLO/images/train/2015_06073.jpg,1,0.050184,2,0,1
/root/private_data/lowlight-object-detection/datasets_yolo/ExDark_YOLO/images/train/2015_06074.jpg,1,0.081615,1,0,1
/root/private_data/lowlight-object-detection/datasets_yolo/ExDark_YOLO/images/train/2015_06076.jpg,1,0.165874,1,0,1
/root/private_data/lowlight-object-detection/datasets_yolo/ExDark_YOLO/images/train/2015_06077.jpg,1,0.136113,3,0,1
/root/private_data/lowlight-object-detection/datasets_yolo/ExDark_YOLO/images/train/2015_06080.jpg,1,0.071638,2,0,1
/root/private_data/lowlight-object-detection/datasets_yolo/ExDark_YOLO/images/train/2015_06081.jpg,1,0.281754,2,0,1
/root/private_data/lowlight-object-detection/datasets_yolo/ExDark_YOLO/images/train/2015_06082.jpg,1,0.185105,2,0,1
/root/private_data/lowlight-object-detection/datasets_yolo/ExDark_YOLO/images/train/2015_06084.jpg,1,0.157206,1,0,1
/root/private_data/lowlight-object-detection/datasets_yolo/ExDark_YOLO/images/train/2015_06086.jpg,1,0.172056,3,0,1
/root/private_data/lowlight-object-detection/datasets_yolo/ExDark_YOLO/images/train/2015_06087.jpg,1,0.188096,1,0,1
/root/private_data/lowlight-object-detection/datasets_yolo/ExDark_YOLO/images/train/2015_06089.jpg,2,0.257534,6,1,1
/root/private_data/lowlight-object-detection/datasets_yolo/ExDark_YOLO/images/train/2015_06090.jpg,3,0.102510,3,1,1
/root/private_data/lowlight-object-detection/datasets_yolo/ExDark_YOLO/images/train/2015_06091.jpg,1,0.063718,1,0,1
/root/private_data/lowlight-object-detection/datasets_yolo/ExDark_YOLO/images/train/2015_06092.png,1,0.036487,2,0,1
/root/private_data/lowlight-object-detection/datasets_yolo/ExDark_YOLO/images/train/2015_06093.jpg,1,0.112219,1,0,1
/root/private_data/lowlight-object-detection/datasets_yolo/ExDark_YOLO/images/train/2015_06094.jpg,1,0.063063,2,0,1
/root/private_data/lowlight-object-detection/datasets_yolo/ExDark_YOLO/images/train/2015_06095.jpg,1,0.305202,1,0,0
/root/private_data/lowlight-object-detection/datasets_yolo/ExDark_YOLO/images/train/2015_06096.jpg,1,0.032215,2,0,1
/root/private_data/lowlight-object-detection/datasets_yolo/ExDark_YOLO/images/train/2015_06097.jpg,1,0.116915,1,0,1
/root/private_data/lowlight-object-detection/datasets_yolo/ExDark_YOLO/images/train/2015_06098.jpg,1,0.138797,2,0,1
/root/private_data/lowlight-object-detection/datasets_yolo/ExDark_YOLO/images/train/2015_06100.jpg,1,0.101909,2,0,1
/root/private_data/lowlight-object-detection/datasets_yolo/ExDark_YOLO/images/train/2015_06101.jpg,1,0.151348,1,0,1
/root/private_data/lowlight-object-detection/datasets_yolo/ExDark_YOLO/images/train/2015_06103.jpg,1,0.193526,1,0,1
/root/private_data/lowlight-object-detection/datasets_yolo/ExDark_YOLO/images/train/2015_06104.jpg,1,0.357116,2,0,0
/root/private_data/lowlight-object-detection/datasets_yolo/ExDark_YOLO/images/train/2015_06105.jpg,2,0.285038,6,1,1
/root/private_data/lowlight-object-detection/datasets_yolo/ExDark_YOLO/images/train/2015_06106.jpg,2,0.112611,2,1,1
/root/private_data/lowlight-object-detection/datasets_yolo/ExDark_YOLO/images/train/2015_06107.jpg,2,0.076505,3,1,1
/root/private_data/lowlight-object-detection/datasets_yolo/ExDark_YOLO/images/train/2015_06108.jpg,2,0.183514,4,1,1
/root/private_data/lowlight-object-detection/datasets_yolo/ExDark_YOLO/images/train/2015_06109.jpg,3,0.132045,8,1,1
/root/private_data/lowlight-object-detection/datasets_yolo/ExDark_YOLO/images/train/2015_06110.jpg,2,0.115892,3,1,1
/root/private_data/lowlight-object-detection/datasets_yolo/ExDark_YOLO/images/train/2015_06111.jpg,3,0.122872,13,1,1
/root/private_data/lowlight-object-detection/datasets_yolo/ExDark_YOLO/images/train/2015_06112.jpg,1,0.066596,3,0,1
/root/private_data/lowlight-object-detection/datasets_yolo/ExDark_YOLO/images/train/2015_06113.jpg,1,0.069034,3,0,1
/root/private_data/lowlight-object-detection/datasets_yolo/ExDark_YOLO/images/train/2015_06114.jpg,2,0.160448,1,1,1
/root/private_data/lowlight-object-detection/datasets_yolo/ExDark_YOLO/images/train/2015_06116.jpg,1,0.026837,1,0,1
/root/private_data/lowlight-object-detection/datasets_yolo/ExDark_YOLO/images/train/2015_06117.jpg,3,0.095134,16,1,1
/root/private_data/lowlight-object-detection/datasets_yolo/ExDark_YOLO/images/train/2015_06118.jpg,1,0.077510,1,0,1
/root/private_data/lowlight-object-detection/datasets_yolo/ExDark_YOLO/images/train/2015_06120.jpg,1,0.226819,2,0,1
/root/private_data/lowlight-object-detection/datasets_yolo/ExDark_YOLO/images/train/2015_06122.jpg,1,0.298219,1,0,1
/root/private_data/lowlight-object-detection/datasets_yolo/ExDark_YOLO/images/train/2015_06125.jpg,1,0.119868,2,0,1
/root/private_data/lowlight-object-detection/datasets_yolo/ExDark_YOLO/images/train/2015_06126.jpg,2,0.104385,5,1,1
/root/private_data/lowlight-object-detection/datasets_yolo/ExDark_YOLO/images/train/2015_06127.jpg,1,0.106779,2,0,1
/root/private_data/lowlight-object-detection/datasets_yolo/ExDark_YOLO/images/train/2015_06128.jpg,1,0.118618,5,0,1
/root/private_data/lowlight-object-detection/datasets_yolo/ExDark_YOLO/images/train/2015_06129.jpg,1,0.111406,1,0,1
/root/private_data/lowlight-object-detection/datasets_yolo/ExDark_YOLO/images/train/2015_06130.jpg,1,0.059470,1,0,1
/root/private_data/lowlight-object-detection/datasets_yolo/ExDark_YOLO/images/train/2015_06131.jpg,1,0.340601,1,0,0
/root/private_data/lowlight-object-detection/datasets_yolo/ExDark_YOLO/images/train/2015_06132.jpg,1,0.175413,3,0,1
/root/private_data/lowlight-object-detection/datasets_yolo/ExDark_YOLO/images/train/2015_06133.jpg,3,0.053209,12,1,1
/root/private_data/lowlight-object-detection/datasets_yolo/ExDark_YOLO/images/train/2015_06134.jpg,1,0.287069,9,0,1
/root/private_data/lowlight-object-detection/datasets_yolo/ExDark_YOLO/images/train/2015_06135.jpg,3,0.171656,9,1,1
/root/private_data/lowlight-object-detection/datasets_yolo/ExDark_YOLO/images/train/2015_06136.jpg,1,0.036907,1,0,1
/root/private_data/lowlight-object-detection/datasets_yolo/ExDark_YOLO/images/train/2015_06138.jpg,1,0.202024,1,0,1
/root/private_data/lowlight-object-detection/datasets_yolo/ExDark_YOLO/images/train/2015_06139.JPEG,1,0.206717,6,0,1
/root/private_data/lowlight-object-detection/datasets_yolo/ExDark_YOLO/images/train/2015_06140.JPEG,1,0.100452,9,0,1
/root/private_data/lowlight-object-detection/datasets_yolo/ExDark_YOLO/images/train/2015_06141.JPEG,1,0.136669,8,0,1
/root/private_data/lowlight-object-detection/datasets_yolo/ExDark_YOLO/images/train/2015_06142.JPEG,2,0.104399,15,1,1
/root/private_data/lowlight-object-detection/datasets_yolo/ExDark_YOLO/images/train/2015_06143.JPEG,2,0.084142,10,1,1
/root/private_data/lowlight-object-detection/datasets_yolo/ExDark_YOLO/images/train/2015_06144.JPEG,3,0.175138,7,1,1
/root/private_data/lowlight-object-detection/datasets_yolo/ExDark_YOLO/images/train/2015_06145.JPEG,2,0.212494,10,1,1
/root/private_data/lowlight-object-detection/datasets_yolo/ExDark_YOLO/images/train/2015_06146.JPEG,1,0.111092,8,0,1
/root/private_data/lowlight-object-detection/datasets_yolo/ExDark_YOLO/images/train/2015_06148.JPEG,1,0.140301,14,0,1
/root/private_data/lowlight-object-detection/datasets_yolo/ExDark_YOLO/images/train/2015_06149.JPEG,1,0.112928,1,0,1
/root/private_data/lowlight-object-detection/datasets_yolo/ExDark_YOLO/images/train/2015_06150.JPEG,1,0.090001,10,0,1
/root/private_data/lowlight-object-detection/datasets_yolo/ExDark_YOLO/images/train/2015_06151.JPEG,1,0.146170,6,0,1
/root/private_data/lowlight-object-detection/datasets_yolo/ExDark_YOLO/images/train/2015_06152.JPEG,1,0.114044,7,0,1
/root/private_data/lowlight-object-detection/datasets_yolo/ExDark_YOLO/images/train/2015_06153.JPEG,1,0.168964,9,0,1
/root/private_data/lowlight-object-detection/datasets_yolo/ExDark_YOLO/images/train/2015_06154.JPEG,2,0.226433,6,1,1
/root/private_data/lowlight-object-detection/datasets_yolo/ExDark_YOLO/images/train/2015_06156.JPEG,1,0.086021,10,0,1
/root/private_data/lowlight-object-detection/datasets_yolo/ExDark_YOLO/images/train/2015_06157.jpg,1,0.018886,1,0,1
/root/private_data/lowlight-object-detection/datasets_yolo/ExDark_YOLO/images/train/2015_06158.jpg,1,0.056985,1,0,1
/root/private_data/lowlight-object-detection/datasets_yolo/ExDark_YOLO/images/train/2015_06159.jpg,1,0.044631,2,0,1
/root/private_data/lowlight-object-detection/datasets_yolo/ExDark_YOLO/images/train/2015_06161.jpg,1,0.013312,2,0,1
/root/private_data/lowlight-object-detection/datasets_yolo/ExDark_YOLO/images/train/2015_06163.jpg,1,0.140737,2,0,1
/root/private_data/lowlight-object-detection/datasets_yolo/ExDark_YOLO/images/train/2015_06164.jpg,1,0.140933,3,0,1
/root/private_data/lowlight-object-detection/datasets_yolo/ExDark_YOLO/images/train/2015_06165.jpg,1,0.176912,1,0,1
/root/private_data/lowlight-object-detection/datasets_yolo/ExDark_YOLO/images/train/2015_06166.jpg,1,0.074715,3,0,1
/root/private_data/lowlight-object-detection/datasets_yolo/ExDark_YOLO/images/train/2015_06167.png,1,0.135796,2,0,1
/root/private_data/lowlight-object-detection/datasets_yolo/ExDark_YOLO/images/train/2015_06168.png,1,0.162581,2,0,1
/root/private_data/lowlight-object-detection/datasets_yolo/ExDark_YOLO/images/train/2015_06169.jpg,1,0.331621,18,1,0
/root/private_data/lowlight-object-detection/datasets_yolo/ExDark_YOLO/images/train/2015_06170.jpg,2,0.068290,5,1,1
/root/private_data/lowlight-object-detection/datasets_yolo/ExDark_YOLO/images/train/2015_06171.jpg,1,0.027023,2,0,1
/root/private_data/lowlight-object-detection/datasets_yolo/ExDark_YOLO/images/train/2015_06172.jpg,3,0.131138,17,1,1
/root/private_data/lowlight-object-detection/datasets_yolo/ExDark_YOLO/images/train/2015_06173.jpg,2,0.177270,13,1,1
/root/private_data/lowlight-object-detection/datasets_yolo/ExDark_YOLO/images/train/2015_06174.jpg,1,0.109305,1,0,1
/root/private_data/lowlight-object-detection/datasets_yolo/ExDark_YOLO/images/train/2015_06175.jpeg,3,0.089031,7,1,1
/root/private_data/lowlight-object-detection/datasets_yolo/ExDark_YOLO/images/train/2015_06177.jpg,3,0.065013,2,1,1
/root/private_data/lowlight-object-detection/datasets_yolo/ExDark_YOLO/images/train/2015_06178.jpg,1,0.173362,10,0,1
/root/private_data/lowlight-object-detection/datasets_yolo/ExDark_YOLO/images/train/2015_06180.jpg,1,0.179169,1,0,1
/root/private_data/lowlight-object-detection/datasets_yolo/ExDark_YOLO/images/train/2015_06181.jpg,1,0.118084,2,0,1
/root/private_data/lowlight-object-detection/datasets_yolo/ExDark_YOLO/images/train/2015_06182.jpg,1,0.077999,1,0,1
/root/private_data/lowlight-object-detection/datasets_yolo/ExDark_YOLO/images/train/2015_06184.jpg,1,0.214551,2,0,1
/root/private_data/lowlight-object-detection/datasets_yolo/ExDark_YOLO/images/train/2015_06185.jpg,2,0.127555,5,1,1
/root/private_data/lowlight-object-detection/datasets_yolo/ExDark_YOLO/images/train/2015_06186.jpg,1,0.021404,1,0,1
/root/private_data/lowlight-object-detection/datasets_yolo/ExDark_YOLO/images/train/2015_06187.jpg,1,0.139116,1,0,1
/root/private_data/lowlight-object-detection/datasets_yolo/ExDark_YOLO/images/train/2015_06189.jpg,1,0.224004,1,0,1
/root/private_data/lowlight-object-detection/datasets_yolo/ExDark_YOLO/images/train/2015_06190.jpg,1,0.223259,3,0,1
/root/private_data/lowlight-object-detection/datasets_yolo/ExDark_YOLO/images/train/2015_06191.jpg,1,0.120131,1,0,1
/root/private_data/lowlight-object-detection/datasets_yolo/ExDark_YOLO/images/train/2015_06192.jpg,1,0.205994,1,0,1
/root/private_data/lowlight-object-detection/datasets_yolo/ExDark_YOLO/images/train/2015_06194.jpg,1,0.055463,1,0,1
/root/private_data/lowlight-object-detection/datasets_yolo/ExDark_YOLO/images/train/2015_06195.jpg,2,0.203831,20,1,1
/root/private_data/lowlight-object-detection/datasets_yolo/ExDark_YOLO/images/train/2015_06199.png,2,0.084286,15,1,1
/root/private_data/lowlight-object-detection/datasets_yolo/ExDark_YOLO/images/train/2015_06200.png,2,0.090426,13,1,1
/root/private_data/lowlight-object-detection/datasets_yolo/ExDark_YOLO/images/train/2015_06201.png,1,0.083883,4,0,1
/root/private_data/lowlight-object-detection/datasets_yolo/ExDark_YOLO/images/train/2015_06202.png,1,0.090873,11,0,1
/root/private_data/lowlight-object-detection/datasets_yolo/ExDark_YOLO/images/train/2015_06204.png,1,0.104893,3,0,1
/root/private_data/lowlight-object-detection/datasets_yolo/ExDark_YOLO/images/train/2015_06205.png,1,0.150587,3,0,1
/root/private_data/lowlight-object-detection/datasets_yolo/ExDark_YOLO/images/train/2015_06207.png,2,0.139951,9,1,1
/root/private_data/lowlight-object-detection/datasets_yolo/ExDark_YOLO/images/train/2015_06209.png,2,0.154768,10,1,1
/root/private_data/lowlight-object-detection/datasets_yolo/ExDark_YOLO/images/train/2015_06211.png,1,0.068393,2,0,1
/root/private_data/lowlight-object-detection/datasets_yolo/ExDark_YOLO/images/train/2015_06212.png,1,0.110737,4,0,1
/root/private_data/lowlight-object-detection/datasets_yolo/ExDark_YOLO/images/train/2015_06213.png,1,0.108294,3,0,1
/root/private_data/lowlight-object-detection/datasets_yolo/ExDark_YOLO/images/train/2015_06214.png,1,0.155738,5,0,1
/root/private_data/lowlight-object-detection/datasets_yolo/ExDark_YOLO/images/train/2015_06215.png,1,0.127165,2,0,1
/root/private_data/lowlight-object-detection/datasets_yolo/ExDark_YOLO/images/train/2015_06216.png,1,0.152101,3,0,1
/root/private_data/lowlight-object-detection/datasets_yolo/ExDark_YOLO/images/train/2015_06217.png,1,0.294718,4,0,1
/root/private_data/lowlight-object-detection/datasets_yolo/ExDark_YOLO/images/train/2015_06219.png,1,0.139007,2,0,1
/root/private_data/lowlight-object-detection/datasets_yolo/ExDark_YOLO/images/train/2015_06220.png,3,0.090482,3,1,1
/root/private_data/lowlight-object-detection/datasets_yolo/ExDark_YOLO/images/train/2015_06221.png,2,0.082896,6,1,1
/root/private_data/lowlight-object-detection/datasets_yolo/ExDark_YOLO/images/train/2015_06222.png,1,0.125167,4,0,1
/root/private_data/lowlight-object-detection/datasets_yolo/ExDark_YOLO/images/train/2015_06224.png,2,0.091507,3,1,1
/root/private_data/lowlight-object-detection/datasets_yolo/ExDark_YOLO/images/train/2015_06225.png,1,0.019752,5,0,1
/root/private_data/lowlight-object-detection/datasets_yolo/ExDark_YOLO/images/train/2015_06226.png,1,0.012722,4,0,1
/root/private_data/lowlight-object-detection/datasets_yolo/ExDark_YOLO/images/train/2015_06227.png,3,0.057354,6,1,1
/root/private_data/lowlight-object-detection/datasets_yolo/ExDark_YOLO/images/train/2015_06228.png,1,0.038988,2,0,1
/root/private_data/lowlight-object-detection/datasets_yolo/ExDark_YOLO/images/train/2015_06229.png,1,0.014384,3,0,1
/root/private_data/lowlight-object-detection/datasets_yolo/ExDark_YOLO/images/train/2015_06231.png,1,0.041005,2,0,1
/root/private_data/lowlight-object-detection/datasets_yolo/ExDark_YOLO/images/train/2015_06232.png,1,0.064060,2,0,1
/root/private_data/lowlight-object-detection/datasets_yolo/ExDark_YOLO/images/train/2015_06233.png,1,0.072919,6,0,1
/root/private_data/lowlight-object-detection/datasets_yolo/ExDark_YOLO/images/train/2015_06234.png,1,0.075707,3,0,1
/root/private_data/lowlight-object-detection/datasets_yolo/ExDark_YOLO/images/train/2015_06235.png,1,0.073055,5,0,1
/root/private_data/lowlight-object-detection/datasets_yolo/ExDark_YOLO/images/train/2015_06237.png,1,0.107055,4,0,1
/root/private_data/lowlight-object-detection/datasets_yolo/ExDark_YOLO/images/train/2015_06238.png,1,0.060269,6,0,1
/root/private_data/lowlight-object-detection/datasets_yolo/ExDark_YOLO/images/train/2015_06239.png,1,0.087488,5,0,1
/root/private_data/lowlight-object-detection/datasets_yolo/ExDark_YOLO/images/train/2015_06240.png,1,0.089092,5,0,1
/root/private_data/lowlight-object-detection/datasets_yolo/ExDark_YOLO/images/train/2015_06241.jpg,1,0.100693,2,0,1
/root/private_data/lowlight-object-detection/datasets_yolo/ExDark_YOLO/images/train/2015_06242.jpg,1,0.240991,2,0,1
/root/private_data/lowlight-object-detection/datasets_yolo/ExDark_YOLO/images/train/2015_06243.jpg,2,0.217667,6,1,1
/root/private_data/lowlight-object-detection/datasets_yolo/ExDark_YOLO/images/train/2015_06244.jpg,1,0.291432,1,0,1
/root/private_data/lowlight-object-detection/datasets_yolo/ExDark_YOLO/images/train/2015_06245.jpg,1,0.354458,1,0,0
/root/private_data/lowlight-object-detection/datasets_yolo/ExDark_YOLO/images/train/2015_06247.jpg,2,0.042219,4,1,1
/root/private_data/lowlight-object-detection/datasets_yolo/ExDark_YOLO/images/train/2015_06248.jpg,1,0.223578,3,0,1
/root/private_data/lowlight-object-detection/datasets_yolo/ExDark_YOLO/images/train/2015_06250.jpg,2,0.083616,6,1,1
/root/private_data/lowlight-object-detection/datasets_yolo/ExDark_YOLO/images/train/2015_06251.jpg,3,0.109886,4,1,1
/root/private_data/lowlight-object-detection/datasets_yolo/ExDark_YOLO/images/train/2015_06253.jpg,1,0.027419,2,0,1
/root/private_data/lowlight-object-detection/datasets_yolo/ExDark_YOLO/images/train/2015_06254.jpg,1,0.046112,1,0,1
/root/private_data/lowlight-object-detection/datasets_yolo/ExDark_YOLO/images/train/2015_06255.jpg,2,0.122456,5,1,1
/root/private_data/lowlight-object-detection/datasets_yolo/ExDark_YOLO/images/train/2015_06256.jpg,2,0.128910,8,1,1
/root/private_data/lowlight-object-detection/datasets_yolo/ExDark_YOLO/images/train/2015_06257.jpg,1,0.186575,1,0,1
/root/private_data/lowlight-object-detection/datasets_yolo/ExDark_YOLO/images/train/2015_06258.jpg,1,0.226091,5,0,1
/root/private_data/lowlight-object-detection/datasets_yolo/ExDark_YOLO/images/train/2015_06260.jpg,2,0.125296,5,1,1
/root/private_data/lowlight-object-detection/datasets_yolo/ExDark_YOLO/images/train/2015_06261.jpg,1,0.074708,2,0,1
/root/private_data/lowlight-object-detection/datasets_yolo/ExDark_YOLO/images/train/2015_06262.jpg,3,0.093433,3,1,1
/root/private_data/lowlight-object-detection/datasets_yolo/ExDark_YOLO/images/train/2015_06263.jpg,1,0.043989,1,0,1
/root/private_data/lowlight-object-detection/datasets_yolo/ExDark_YOLO/images/train/2015_06264.jpg,1,0.121169,2,0,1
/root/private_data/lowlight-object-detection/datasets_yolo/ExDark_YOLO/images/train/2015_06266.jpg,3,0.028801,2,1,1
/root/private_data/lowlight-object-detection/datasets_yolo/ExDark_YOLO/images/train/2015_06267.jpg,1,0.147855,2,0,1
/root/private_data/lowlight-object-detection/datasets_yolo/ExDark_YOLO/images/train/2015_06268.jpg,1,0.101361,1,0,1
/root/private_data/lowlight-object-detection/datasets_yolo/ExDark_YOLO/images/train/2015_06269.jpg,1,0.185013,2,0,1
/root/private_data/lowlight-object-detection/datasets_yolo/ExDark_YOLO/images/train/2015_06270.jpg,2,0.106085,2,1,1
/root/private_data/lowlight-object-detection/datasets_yolo/ExDark_YOLO/images/train/2015_06271.jpg,1,0.129958,1,0,1
/root/private_data/lowlight-object-detection/datasets_yolo/ExDark_YOLO/images/train/2015_06272.jpg,2,0.048742,3,1,1
/root/private_data/lowlight-object-detection/datasets_yolo/ExDark_YOLO/images/train/2015_06273.jpg,1,0.150508,2,0,1
/root/private_data/lowlight-object-detection/datasets_yolo/ExDark_YOLO/images/train/2015_06274.jpg,1,0.086610,1,0,1
/root/private_data/lowlight-object-detection/datasets_yolo/ExDark_YOLO/images/train/2015_06275.jpg,2,0.062696,2,1,1
/root/private_data/lowlight-object-detection/datasets_yolo/ExDark_YOLO/images/train/2015_06278.jpg,1,0.101428,2,0,1
/root/private_data/lowlight-object-detection/datasets_yolo/ExDark_YOLO/images/train/2015_06279.jpg,3,0.125215,9,1,1
/root/private_data/lowlight-object-detection/datasets_yolo/ExDark_YOLO/images/train/2015_06280.jpg,1,0.107511,2,0,1
/root/private_data/lowlight-object-detection/datasets_yolo/ExDark_YOLO/images/train/2015_06281.jpg,1,0.028657,4,0,1
/root/private_data/lowlight-object-detection/datasets_yolo/ExDark_YOLO/images/train/2015_06284.jpg,3,0.139726,4,1,1
/root/private_data/lowlight-object-detection/datasets_yolo/ExDark_YOLO/images/train/2015_06285.jpg,3,0.052213,2,1,1
/root/private_data/lowlight-object-detection/datasets_yolo/ExDark_YOLO/images/train/2015_06286.jpg,2,0.162645,11,1,1
/root/private_data/lowlight-object-detection/datasets_yolo/ExDark_YOLO/images/train/2015_06287.jpg,3,0.046148,4,1,1
/root/private_data/lowlight-object-detection/datasets_yolo/ExDark_YOLO/images/train/2015_06288.jpg,1,0.078799,1,0,1
/root/private_data/lowlight-object-detection/datasets_yolo/ExDark_YOLO/images/train/2015_06289.jpg,1,0.091181,3,0,1
/root/private_data/lowlight-object-detection/datasets_yolo/ExDark_YOLO/images/train/2015_06290.jpg,1,0.124214,3,0,1
/root/private_data/lowlight-object-detection/datasets_yolo/ExDark_YOLO/images/train/2015_06291.jpg,1,0.104578,2,0,1
/root/private_data/lowlight-object-detection/datasets_yolo/ExDark_YOLO/images/train/2015_06292.jpg,1,0.031933,2,0,1
/root/private_data/lowlight-object-detection/datasets_yolo/ExDark_YOLO/images/train/2015_06293.jpg,2,0.089187,4,1,1
/root/private_data/lowlight-object-detection/datasets_yolo/ExDark_YOLO/images/train/2015_06294.jpg,3,0.138020,3,1,1
/root/private_data/lowlight-object-detection/datasets_yolo/ExDark_YOLO/images/train/2015_06295.jpg,2,0.148315,5,1,1
/root/private_data/lowlight-object-detection/datasets_yolo/ExDark_YOLO/images/train/2015_06296.jpg,3,0.134590,9,1,1
/root/private_data/lowlight-object-detection/datasets_yolo/ExDark_YOLO/images/train/2015_06297.jpg,1,0.092954,7,0,1
/root/private_data/lowlight-object-detection/datasets_yolo/ExDark_YOLO/images/train/2015_06298.jpg,1,0.071695,5,0,1
/root/private_data/lowlight-object-detection/datasets_yolo/ExDark_YOLO/images/train/2015_06300.jpg,3,0.065296,9,1,1
/root/private_data/lowlight-object-detection/datasets_yolo/ExDark_YOLO/images/train/2015_06301.jpg,1,0.092409,5,0,1
/root/private_data/lowlight-object-detection/datasets_yolo/ExDark_YOLO/images/train/2015_06302.jpg,1,0.083500,2,0,1
/root/private_data/lowlight-object-detection/datasets_yolo/ExDark_YOLO/images/train/2015_06303.jpg,1,0.134053,2,0,1
/root/private_data/lowlight-object-detection/datasets_yolo/ExDark_YOLO/images/train/2015_06304.jpg,2,0.141703,2,1,1
/root/private_data/lowlight-object-detection/datasets_yolo/ExDark_YOLO/images/train/2015_06305.jpg,3,0.073296,11,1,1
/root/private_data/lowlight-object-detection/datasets_yolo/ExDark_YOLO/images/train/2015_06306.jpg,1,0.068563,5,0,1
/root/private_data/lowlight-object-detection/datasets_yolo/ExDark_YOLO/images/train/2015_06307.jpg,1,0.068044,5,0,1
/root/private_data/lowlight-object-detection/datasets_yolo/ExDark_YOLO/images/train/2015_06308.jpg,1,0.146094,1,0,1
/root/private_data/lowlight-object-detection/datasets_yolo/ExDark_YOLO/images/train/2015_06309.jpg,3,0.113385,4,1,1
/root/private_data/lowlight-object-detection/datasets_yolo/ExDark_YOLO/images/train/2015_06310.jpg,1,0.141740,10,0,1
/root/private_data/lowlight-object-detection/datasets_yolo/ExDark_YOLO/images/train/2015_06312.jpg,2,0.086304,8,1,1
/root/private_data/lowlight-object-detection/datasets_yolo/ExDark_YOLO/images/train/2015_06313.jpg,3,0.147166,9,1,1
/root/private_data/lowlight-object-detection/datasets_yolo/ExDark_YOLO/images/train/2015_06314.jpg,1,0.108196,3,0,1
/root/private_data/lowlight-object-detection/datasets_yolo/ExDark_YOLO/images/train/2015_06315.jpg,1,0.123093,3,0,1
/root/private_data/lowlight-object-detection/datasets_yolo/ExDark_YOLO/images/train/2015_06316.jpg,1,0.092303,1,0,1
/root/private_data/lowlight-object-detection/datasets_yolo/ExDark_YOLO/images/train/2015_06318.jpg,1,0.143217,2,0,1
/root/private_data/lowlight-object-detection/datasets_yolo/ExDark_YOLO/images/train/2015_06319.jpg,1,0.115124,5,0,1
/root/private_data/lowlight-object-detection/datasets_yolo/ExDark_YOLO/images/train/2015_06321.jpg,3,0.125478,6,1,1
/root/private_data/lowlight-object-detection/datasets_yolo/ExDark_YOLO/images/train/2015_06323.jpg,1,0.101213,11,0,1
/root/private_data/lowlight-object-detection/datasets_yolo/ExDark_YOLO/images/train/2015_06325.jpg,2,0.109649,6,1,1
/root/private_data/lowlight-object-detection/datasets_yolo/ExDark_YOLO/images/train/2015_06326.jpg,1,0.038004,1,0,1
/root/private_data/lowlight-object-detection/datasets_yolo/ExDark_YOLO/images/train/2015_06327.jpg,1,0.088034,3,0,1
/root/private_data/lowlight-object-detection/datasets_yolo/ExDark_YOLO/images/train/2015_06328.jpg,1,0.099782,6,0,1
/root/private_data/lowlight-object-detection/datasets_yolo/ExDark_YOLO/images/train/2015_06329.jpg,1,0.117027,6,0,1
/root/private_data/lowlight-object-detection/datasets_yolo/ExDark_YOLO/images/train/2015_06330.jpg,1,0.110762,1,0,1
/root/private_data/lowlight-object-detection/datasets_yolo/ExDark_YOLO/images/train/2015_06331.jpg,1,0.087543,4,0,1
/root/private_data/lowlight-object-detection/datasets_yolo/ExDark_YOLO/images/train/2015_06332.jpg,2,0.206366,1,1,1
/root/private_data/lowlight-object-detection/datasets_yolo/ExDark_YOLO/images/train/2015_06333.jpg,2,0.175698,7,1,1
/root/private_data/lowlight-object-detection/datasets_yolo/ExDark_YOLO/images/train/2015_06335.jpg,1,0.045632,6,0,1
/root/private_data/lowlight-object-detection/datasets_yolo/ExDark_YOLO/images/train/2015_06336.jpg,1,0.045462,11,0,1
/root/private_data/lowlight-object-detection/datasets_yolo/ExDark_YOLO/images/train/2015_06337.jpg,2,0.061695,7,1,1
/root/private_data/lowlight-object-detection/datasets_yolo/ExDark_YOLO/images/train/2015_06338.jpg,1,0.091092,2,0,1
/root/private_data/lowlight-object-detection/datasets_yolo/ExDark_YOLO/images/train/2015_06341.jpg,1,0.136640,1,0,1
/root/private_data/lowlight-object-detection/datasets_yolo/ExDark_YOLO/images/train/2015_06342.jpg,1,0.233834,1,0,1
/root/private_data/lowlight-object-detection/datasets_yolo/ExDark_YOLO/images/train/2015_06344.jpg,1,0.144148,1,0,1
/root/private_data/lowlight-object-detection/datasets_yolo/ExDark_YOLO/images/train/2015_06345.jpg,3,0.100090,5,1,1
/root/private_data/lowlight-object-detection/datasets_yolo/ExDark_YOLO/images/train/2015_06346.jpg,3,0.061370,5,1,1
/root/private_data/lowlight-object-detection/datasets_yolo/ExDark_YOLO/images/train/2015_06349.jpg,1,0.054674,2,0,1
/root/private_data/lowlight-object-detection/datasets_yolo/ExDark_YOLO/images/train/2015_06351.jpg,1,0.072242,1,0,1
/root/private_data/lowlight-object-detection/datasets_yolo/ExDark_YOLO/images/train/2015_06352.jpg,2,0.122505,2,1,1
/root/private_data/lowlight-object-detection/datasets_yolo/ExDark_YOLO/images/train/2015_06353.jpg,1,0.205149,4,0,1
/root/private_data/lowlight-object-detection/datasets_yolo/ExDark_YOLO/images/train/2015_06355.jpg,3,0.148441,3,1,1
/root/private_data/lowlight-object-detection/datasets_yolo/ExDark_YOLO/images/train/2015_06357.jpg,1,0.070364,1,0,1
/root/private_data/lowlight-object-detection/datasets_yolo/ExDark_YOLO/images/train/2015_06358.jpg,2,0.143558,3,1,1
/root/private_data/lowlight-object-detection/datasets_yolo/ExDark_YOLO/images/train/2015_06359.jpg,1,0.171873,1,0,1
/root/private_data/lowlight-object-detection/datasets_yolo/ExDark_YOLO/images/train/2015_06361.jpg,1,0.117169,3,0,1
/root/private_data/lowlight-object-detection/datasets_yolo/ExDark_YOLO/images/train/2015_06362.jpg,3,0.027346,8,1,1
/root/private_data/lowlight-object-detection/datasets_yolo/ExDark_YOLO/images/train/2015_06364.jpg,1,0.098955,2,0,1
/root/private_data/lowlight-object-detection/datasets_yolo/ExDark_YOLO/images/train/2015_06365.jpg,2,0.126852,9,1,1
/root/private_data/lowlight-object-detection/datasets_yolo/ExDark_YOLO/images/train/2015_06366.jpg,1,0.135995,4,0,1
/root/private_data/lowlight-object-detection/datasets_yolo/ExDark_YOLO/images/train/2015_06367.jpg,1,0.117019,1,0,1
/root/private_data/lowlight-object-detection/datasets_yolo/ExDark_YOLO/images/train/2015_06368.jpg,1,0.074607,6,0,1
/root/private_data/lowlight-object-detection/datasets_yolo/ExDark_YOLO/images/train/2015_06371.jpg,2,0.074472,3,1,1
/root/private_data/lowlight-object-detection/datasets_yolo/ExDark_YOLO/images/train/2015_06372.jpg,1,0.112227,6,0,1
/root/private_data/lowlight-object-detection/datasets_yolo/ExDark_YOLO/images/train/2015_06373.jpg,1,0.078794,1,0,1
/root/private_data/lowlight-object-detection/datasets_yolo/ExDark_YOLO/images/train/2015_06375.jpg,2,0.167479,8,1,1
/root/private_data/lowlight-object-detection/datasets_yolo/ExDark_YOLO/images/train/2015_06376.jpg,1,0.156138,7,0,1
/root/private_data/lowlight-object-detection/datasets_yolo/ExDark_YOLO/images/train/2015_06377.jpg,1,0.087099,5,0,1
/root/private_data/lowlight-object-detection/datasets_yolo/ExDark_YOLO/images/train/2015_06378.jpg,1,0.077471,6,0,1
/root/private_data/lowlight-object-detection/datasets_yolo/ExDark_YOLO/images/train/2015_06379.jpg,3,0.160567,7,1,1
/root/private_data/lowlight-object-detection/datasets_yolo/ExDark_YOLO/images/train/2015_06380.jpg,1,0.134332,1,0,1
/root/private_data/lowlight-object-detection/datasets_yolo/ExDark_YOLO/images/train/2015_06381.jpg,1,0.087018,3,0,1
/root/private_data/lowlight-object-detection/datasets_yolo/ExDark_YOLO/images/train/2015_06384.jpg,2,0.045890,1,1,1
/root/private_data/lowlight-object-detection/datasets_yolo/ExDark_YOLO/images/train/2015_06386.jpg,1,0.075263,1,0,1
/root/private_data/lowlight-object-detection/datasets_yolo/ExDark_YOLO/images/train/2015_06387.jpg,1,0.102988,1,0,1
/root/private_data/lowlight-object-detection/datasets_yolo/ExDark_YOLO/images/train/2015_06389.jpg,2,0.025443,5,1,1
/root/private_data/lowlight-object-detection/datasets_yolo/ExDark_YOLO/images/train/2015_06390.jpg,1,0.074805,1,0,1
/root/private_data/lowlight-object-detection/datasets_yolo/ExDark_YOLO/images/train/2015_06391.jpg,1,0.049715,4,0,1
/root/private_data/lowlight-object-detection/datasets_yolo/ExDark_YOLO/images/train/2015_06394.jpg,3,0.070315,6,1,1
/root/private_data/lowlight-object-detection/datasets_yolo/ExDark_YOLO/images/train/2015_06396.jpg,2,0.119823,3,1,1
/root/private_data/lowlight-object-detection/datasets_yolo/ExDark_YOLO/images/train/2015_06397.jpg,3,0.057687,1,1,1
/root/private_data/lowlight-object-detection/datasets_yolo/ExDark_YOLO/images/train/2015_06398.jpg,1,0.166638,1,0,1
/root/private_data/lowlight-object-detection/datasets_yolo/ExDark_YOLO/images/train/2015_06399.jpg,2,0.049573,14,1,1
/root/private_data/lowlight-object-detection/datasets_yolo/ExDark_YOLO/images/train/2015_06401.jpg,1,0.109301,1,0,1
/root/private_data/lowlight-object-detection/datasets_yolo/ExDark_YOLO/images/train/2015_06402.jpg,1,0.098435,6,0,1
/root/private_data/lowlight-object-detection/datasets_yolo/ExDark_YOLO/images/train/2015_06403.jpg,1,0.049982,1,0,1
/root/private_data/lowlight-object-detection/datasets_yolo/ExDark_YOLO/images/train/2015_06404.jpg,1,0.069719,1,0,1
/root/private_data/lowlight-object-detection/datasets_yolo/ExDark_YOLO/images/train/2015_06406.jpg,1,0.106718,1,0,1
/root/private_data/lowlight-object-detection/datasets_yolo/ExDark_YOLO/images/train/2015_06407.jpg,1,0.076083,1,0,1
/root/private_data/lowlight-object-detection/datasets_yolo/ExDark_YOLO/images/train/2015_06408.jpg,1,0.096743,4,0,1
/root/private_data/lowlight-object-detection/datasets_yolo/ExDark_YOLO/images/train/2015_06409.jpg,1,0.291564,2,0,1
/root/private_data/lowlight-object-detection/datasets_yolo/ExDark_YOLO/images/train/2015_06410.jpg,1,0.036974,3,0,1
/root/private_data/lowlight-object-detection/datasets_yolo/ExDark_YOLO/images/train/2015_06411.jpg,1,0.036671,5,0,1
/root/private_data/lowlight-object-detection/datasets_yolo/ExDark_YOLO/images/train/2015_06412.jpg,2,0.071127,1,1,1
/root/private_data/lowlight-object-detection/datasets_yolo/ExDark_YOLO/images/train/2015_06413.jpg,1,0.048318,5,0,1
/root/private_data/lowlight-object-detection/datasets_yolo/ExDark_YOLO/images/train/2015_06414.jpg,1,0.107981,3,0,1
/root/private_data/lowlight-object-detection/datasets_yolo/ExDark_YOLO/images/train/2015_06415.jpg,2,0.057782,1,1,1
/root/private_data/lowlight-object-detection/datasets_yolo/ExDark_YOLO/images/train/2015_06416.jpg,2,0.061573,4,1,1
/root/private_data/lowlight-object-detection/datasets_yolo/ExDark_YOLO/images/train/2015_06417.jpg,1,0.070257,5,0,1
/root/private_data/lowlight-object-detection/datasets_yolo/ExDark_YOLO/images/train/2015_06419.jpg,2,0.104131,2,1,1
/root/private_data/lowlight-object-detection/datasets_yolo/ExDark_YOLO/images/train/2015_06420.jpg,1,0.066890,1,0,1
/root/private_data/lowlight-object-detection/datasets_yolo/ExDark_YOLO/images/train/2015_06421.jpg,1,0.176344,3,0,1
/root/private_data/lowlight-object-detection/datasets_yolo/ExDark_YOLO/images/train/2015_06422.jpg,1,0.301609,1,0,0
/root/private_data/lowlight-object-detection/datasets_yolo/ExDark_YOLO/images/train/2015_06423.jpg,1,0.072444,1,0,1
/root/private_data/lowlight-object-detection/datasets_yolo/ExDark_YOLO/images/train/2015_06424.jpg,1,0.111984,1,0,1
/root/private_data/lowlight-object-detection/datasets_yolo/ExDark_YOLO/images/train/2015_06425.jpg,1,0.055964,1,0,1
/root/private_data/lowlight-object-detection/datasets_yolo/ExDark_YOLO/images/train/2015_06426.jpg,1,0.179129,5,0,1
/root/private_data/lowlight-object-detection/datasets_yolo/ExDark_YOLO/images/train/2015_06427.jpg,1,0.122614,2,0,1
/root/private_data/lowlight-object-detection/datasets_yolo/ExDark_YOLO/images/train/2015_06428.jpg,2,0.222065,9,1,1
/root/private_data/lowlight-object-detection/datasets_yolo/ExDark_YOLO/images/train/2015_06430.jpg,1,0.130784,2,0,1
/root/private_data/lowlight-object-detection/datasets_yolo/ExDark_YOLO/images/train/2015_06431.jpg,1,0.069064,1,0,1
/root/private_data/lowlight-object-detection/datasets_yolo/ExDark_YOLO/images/train/2015_06432.jpg,1,0.050938,2,0,1
/root/private_data/lowlight-object-detection/datasets_yolo/ExDark_YOLO/images/train/2015_06433.jpg,1,0.123031,4,0,1
/root/private_data/lowlight-object-detection/datasets_yolo/ExDark_YOLO/images/train/2015_06435.jpg,1,0.119480,7,0,1
/root/private_data/lowlight-object-detection/datasets_yolo/ExDark_YOLO/images/train/2015_06437.jpg,1,0.264060,6,0,1
/root/private_data/lowlight-object-detection/datasets_yolo/ExDark_YOLO/images/train/2015_06439.jpg,1,0.343334,6,1,0
/root/private_data/lowlight-object-detection/datasets_yolo/ExDark_YOLO/images/train/2015_06441.jpg,1,0.038865,1,0,1
/root/private_data/lowlight-object-detection/datasets_yolo/ExDark_YOLO/images/train/2015_06442.jpg,1,0.309949,4,0,0
/root/private_data/lowlight-object-detection/datasets_yolo/ExDark_YOLO/images/train/2015_06443.jpg,1,0.138381,3,0,1
/root/private_data/lowlight-object-detection/datasets_yolo/ExDark_YOLO/images/train/2015_06444.jpg,1,0.242059,2,0,1
/root/private_data/lowlight-object-detection/datasets_yolo/ExDark_YOLO/images/train/2015_06445.jpg,2,0.120508,2,1,1
/root/private_data/lowlight-object-detection/datasets_yolo/ExDark_YOLO/images/train/2015_06447.jpg,1,0.229194,7,0,1
/root/private_data/lowlight-object-detection/datasets_yolo/ExDark_YOLO/images/train/2015_06448.jpg,1,0.384053,15,1,0
/root/private_data/lowlight-object-detection/datasets_yolo/ExDark_YOLO/images/train/2015_06449.jpg,1,0.146349,7,0,1
/root/private_data/lowlight-object-detection/datasets_yolo/ExDark_YOLO/images/train/2015_06450.jpg,2,0.278413,23,1,1
/root/private_data/lowlight-object-detection/datasets_yolo/ExDark_YOLO/images/train/2015_06451.jpg,1,0.063814,1,0,1
/root/private_data/lowlight-object-detection/datasets_yolo/ExDark_YOLO/images/train/2015_06452.jpg,1,0.059050,2,0,1
/root/private_data/lowlight-object-detection/datasets_yolo/ExDark_YOLO/images/train/2015_06456.jpg,2,0.291130,6,1,1
/root/private_data/lowlight-object-detection/datasets_yolo/ExDark_YOLO/images/train/2015_06457.jpg,2,0.246187,8,1,1
/root/private_data/lowlight-object-detection/datasets_yolo/ExDark_YOLO/images/train/2015_06458.jpg,2,0.095064,7,1,1
/root/private_data/lowlight-object-detection/datasets_yolo/ExDark_YOLO/images/train/2015_06460.jpg,1,0.336204,4,0,0
/root/private_data/lowlight-object-detection/datasets_yolo/ExDark_YOLO/images/train/2015_06461.jpg,1,0.171334,4,0,1
/root/private_data/lowlight-object-detection/datasets_yolo/ExDark_YOLO/images/train/2015_06462.jpg,1,0.182023,2,0,1
/root/private_data/lowlight-object-detection/datasets_yolo/ExDark_YOLO/images/train/2015_06464.jpg,1,0.063259,2,0,1
/root/private_data/lowlight-object-detection/datasets_yolo/ExDark_YOLO/images/train/2015_06465.jpg,1,0.190115,3,0,1
/root/private_data/lowlight-object-detection/datasets_yolo/ExDark_YOLO/images/train/2015_06466.jpg,1,0.090169,5,0,1
/root/private_data/lowlight-object-detection/datasets_yolo/ExDark_YOLO/images/train/2015_06469.jpg,1,0.141275,1,0,1
/root/private_data/lowlight-object-detection/datasets_yolo/ExDark_YOLO/images/train/2015_06470.jpg,1,0.079254,5,0,1
/root/private_data/lowlight-object-detection/datasets_yolo/ExDark_YOLO/images/train/2015_06471.jpg,2,0.165546,8,1,1
/root/private_data/lowlight-object-detection/datasets_yolo/ExDark_YOLO/images/train/2015_06472.jpg,1,0.218772,11,0,1
/root/private_data/lowlight-object-detection/datasets_yolo/ExDark_YOLO/images/train/2015_06473.jpg,2,0.283527,7,1,1
/root/private_data/lowlight-object-detection/datasets_yolo/ExDark_YOLO/images/train/2015_06474.jpeg,3,0.102665,8,1,1
/root/private_data/lowlight-object-detection/datasets_yolo/ExDark_YOLO/images/train/2015_06475.jpg,1,0.022863,10,0,1
/root/private_data/lowlight-object-detection/datasets_yolo/ExDark_YOLO/images/train/2015_06477.jpg,2,0.035798,13,1,1
/root/private_data/lowlight-object-detection/datasets_yolo/ExDark_YOLO/images/train/2015_06479.jpg,2,0.063368,14,1,1
/root/private_data/lowlight-object-detection/datasets_yolo/ExDark_YOLO/images/train/2015_06480.jpg,1,0.053739,3,0,1
/root/private_data/lowlight-object-detection/datasets_yolo/ExDark_YOLO/images/train/2015_06482.jpg,1,0.306383,4,1,0
/root/private_data/lowlight-object-detection/datasets_yolo/ExDark_YOLO/images/train/2015_06483.jpg,1,0.117205,5,0,1
/root/private_data/lowlight-object-detection/datasets_yolo/ExDark_YOLO/images/train/2015_06484.jpg,1,0.078609,2,0,1
/root/private_data/lowlight-object-detection/datasets_yolo/ExDark_YOLO/images/train/2015_06485.jpg,1,0.214964,6,0,1
/root/private_data/lowlight-object-detection/datasets_yolo/ExDark_YOLO/images/train/2015_06486.jpg,1,0.248088,3,0,1
/root/private_data/lowlight-object-detection/datasets_yolo/ExDark_YOLO/images/train/2015_06487.jpg,1,0.127933,1,0,1
/root/private_data/lowlight-object-detection/datasets_yolo/ExDark_YOLO/images/train/2015_06488.jpg,2,0.280469,6,1,1
/root/private_data/lowlight-object-detection/datasets_yolo/ExDark_YOLO/images/train/2015_06489.jpg,2,0.122523,8,1,1
/root/private_data/lowlight-object-detection/datasets_yolo/ExDark_YOLO/images/train/2015_06491.jpg,1,0.072476,4,0,1
/root/private_data/lowlight-object-detection/datasets_yolo/ExDark_YOLO/images/train/2015_06492.jpg,2,0.099567,9,1,1
/root/private_data/lowlight-object-detection/datasets_yolo/ExDark_YOLO/images/train/2015_06493.jpg,1,0.044199,4,0,1
/root/private_data/lowlight-object-detection/datasets_yolo/ExDark_YOLO/images/train/2015_06494.jpg,1,0.049361,2,0,1
/root/private_data/lowlight-object-detection/datasets_yolo/ExDark_YOLO/images/train/2015_06496.jpg,1,0.073483,8,0,1
/root/private_data/lowlight-object-detection/datasets_yolo/ExDark_YOLO/images/train/2015_06497.jpg,1,0.094826,1,0,1
/root/private_data/lowlight-object-detection/datasets_yolo/ExDark_YOLO/images/train/2015_06498.jpg,2,0.114203,8,1,1
/root/private_data/lowlight-object-detection/datasets_yolo/ExDark_YOLO/images/train/2015_06499.jpg,1,0.067482,1,0,1
/root/private_data/lowlight-object-detection/datasets_yolo/ExDark_YOLO/images/train/2015_06502.jpg,1,0.071056,5,0,1
/root/private_data/lowlight-object-detection/datasets_yolo/ExDark_YOLO/images/train/2015_06503.jpg,1,0.013912,2,0,1
/root/private_data/lowlight-object-detection/datasets_yolo/ExDark_YOLO/images/train/2015_06504.jpg,1,0.119936,7,0,1
/root/private_data/lowlight-object-detection/datasets_yolo/ExDark_YOLO/images/train/2015_06505.jpg,1,0.093274,4,0,1
/root/private_data/lowlight-object-detection/datasets_yolo/ExDark_YOLO/images/train/2015_06507.jpg,3,0.030545,4,1,1
/root/private_data/lowlight-object-detection/datasets_yolo/ExDark_YOLO/images/train/2015_06508.jpg,1,0.048807,2,0,1
/root/private_data/lowlight-object-detection/datasets_yolo/ExDark_YOLO/images/train/2015_06509.jpg,2,0.026142,8,1,1
/root/private_data/lowlight-object-detection/datasets_yolo/ExDark_YOLO/images/train/2015_06510.jpg,1,0.095655,3,0,1
/root/private_data/lowlight-object-detection/datasets_yolo/ExDark_YOLO/images/train/2015_06511.jpg,2,0.069153,14,1,1
/root/private_data/lowlight-object-detection/datasets_yolo/ExDark_YOLO/images/train/2015_06512.jpg,1,0.018747,2,0,1
/root/private_data/lowlight-object-detection/datasets_yolo/ExDark_YOLO/images/train/2015_06513.jpg,1,0.123159,3,0,1
/root/private_data/lowlight-object-detection/datasets_yolo/ExDark_YOLO/images/train/2015_06514.jpg,1,0.060597,2,0,1
/root/private_data/lowlight-object-detection/datasets_yolo/ExDark_YOLO/images/train/2015_06516.jpg,2,0.137974,5,1,1
/root/private_data/lowlight-object-detection/datasets_yolo/ExDark_YOLO/images/train/2015_06517.jpg,1,0.176610,5,0,1
/root/private_data/lowlight-object-detection/datasets_yolo/ExDark_YOLO/images/train/2015_06518.jpg,1,0.058151,9,0,1
/root/private_data/lowlight-object-detection/datasets_yolo/ExDark_YOLO/images/train/2015_06519.jpg,1,0.145239,2,0,1
/root/private_data/lowlight-object-detection/datasets_yolo/ExDark_YOLO/images/train/2015_06520.jpg,1,0.086098,9,0,1
/root/private_data/lowlight-object-detection/datasets_yolo/ExDark_YOLO/images/train/2015_06521.jpg,1,0.149947,1,0,1
/root/private_data/lowlight-object-detection/datasets_yolo/ExDark_YOLO/images/train/2015_06522.jpg,1,0.100440,1,0,1
/root/private_data/lowlight-object-detection/datasets_yolo/ExDark_YOLO/images/train/2015_06523.jpg,2,0.171927,3,1,1
/root/private_data/lowlight-object-detection/datasets_yolo/ExDark_YOLO/images/train/2015_06525.jpg,1,0.096340,1,0,1
/root/private_data/lowlight-object-detection/datasets_yolo/ExDark_YOLO/images/train/2015_06526.jpg,1,0.245011,1,0,1
/root/private_data/lowlight-object-detection/datasets_yolo/ExDark_YOLO/images/train/2015_06529.jpg,1,0.044652,1,0,1
/root/private_data/lowlight-object-detection/datasets_yolo/ExDark_YOLO/images/train/2015_06530.jpg,1,0.059382,1,0,1
/root/private_data/lowlight-object-detection/datasets_yolo/ExDark_YOLO/images/train/2015_06531.jpg,1,0.090964,1,0,1
/root/private_data/lowlight-object-detection/datasets_yolo/ExDark_YOLO/images/train/2015_06533.jpg,1,0.064293,4,0,1
/root/private_data/lowlight-object-detection/datasets_yolo/ExDark_YOLO/images/train/2015_06534.jpg,1,0.044514,1,0,1
/root/private_data/lowlight-object-detection/datasets_yolo/ExDark_YOLO/images/train/2015_06535.jpg,3,0.076103,2,1,1
/root/private_data/lowlight-object-detection/datasets_yolo/ExDark_YOLO/images/train/2015_06536.jpg,1,0.113096,1,0,1
/root/private_data/lowlight-object-detection/datasets_yolo/ExDark_YOLO/images/train/2015_06537.jpg,1,0.050221,1,0,1
/root/private_data/lowlight-object-detection/datasets_yolo/ExDark_YOLO/images/train/2015_06538.jpg,1,0.185793,3,0,1
/root/private_data/lowlight-object-detection/datasets_yolo/ExDark_YOLO/images/train/2015_06539.jpg,1,0.187599,1,0,1
/root/private_data/lowlight-object-detection/datasets_yolo/ExDark_YOLO/images/train/2015_06540.jpg,1,0.157455,3,0,1
/root/private_data/lowlight-object-detection/datasets_yolo/ExDark_YOLO/images/train/2015_06542.jpg,1,0.023296,5,0,1
/root/private_data/lowlight-object-detection/datasets_yolo/ExDark_YOLO/images/train/2015_06543.jpg,1,0.032246,3,0,1
/root/private_data/lowlight-object-detection/datasets_yolo/ExDark_YOLO/images/train/2015_06544.jpg,1,0.121951,1,0,1
/root/private_data/lowlight-object-detection/datasets_yolo/ExDark_YOLO/images/train/2015_06545.jpg,1,0.153994,2,0,1
/root/private_data/lowlight-object-detection/datasets_yolo/ExDark_YOLO/images/train/2015_06546.jpg,3,0.097223,7,1,1
/root/private_data/lowlight-object-detection/datasets_yolo/ExDark_YOLO/images/train/2015_06547.jpg,1,0.120995,6,0,1
/root/private_data/lowlight-object-detection/datasets_yolo/ExDark_YOLO/images/train/2015_06548.jpg,1,0.172417,1,0,1
/root/private_data/lowlight-object-detection/datasets_yolo/ExDark_YOLO/images/train/2015_06549.jpg,1,0.099044,4,0,1
/root/private_data/lowlight-object-detection/datasets_yolo/ExDark_YOLO/images/train/2015_06550.jpg,1,0.146094,1,0,1
/root/private_data/lowlight-object-detection/datasets_yolo/ExDark_YOLO/images/train/2015_06551.jpg,3,0.110402,2,1,1
/root/private_data/lowlight-object-detection/datasets_yolo/ExDark_YOLO/images/train/2015_06553.jpg,1,0.151529,1,0,1
/root/private_data/lowlight-object-detection/datasets_yolo/ExDark_YOLO/images/train/2015_06554.jpg,1,0.030332,1,0,1
/root/private_data/lowlight-object-detection/datasets_yolo/ExDark_YOLO/images/train/2015_06555.jpg,1,0.128115,7,0,1
/root/private_data/lowlight-object-detection/datasets_yolo/ExDark_YOLO/images/train/2015_06556.jpg,1,0.131195,2,0,1
/root/private_data/lowlight-object-detection/datasets_yolo/ExDark_YOLO/images/train/2015_06558.jpg,1,0.065669,3,0,1
/root/private_data/lowlight-object-detection/datasets_yolo/ExDark_YOLO/images/train/2015_06559.jpg,2,0.161032,2,1,1
/root/private_data/lowlight-object-detection/datasets_yolo/ExDark_YOLO/images/train/2015_06560.jpg,1,0.182225,4,0,1
/root/private_data/lowlight-object-detection/datasets_yolo/ExDark_YOLO/images/train/2015_06561.jpg,3,0.058585,4,1,1
/root/private_data/lowlight-object-detection/datasets_yolo/ExDark_YOLO/images/train/2015_06562.jpg,2,0.234534,6,1,1
/root/private_data/lowlight-object-detection/datasets_yolo/ExDark_YOLO/images/train/2015_06563.jpg,1,0.211433,1,0,1
/root/private_data/lowlight-object-detection/datasets_yolo/ExDark_YOLO/images/train/2015_06564.jpg,1,0.207114,7,0,1
/root/private_data/lowlight-object-detection/datasets_yolo/ExDark_YOLO/images/train/2015_06565.jpg,3,0.179002,5,1,1
/root/private_data/lowlight-object-detection/datasets_yolo/ExDark_YOLO/images/train/2015_06566.jpg,1,0.140207,2,0,1
/root/private_data/lowlight-object-detection/datasets_yolo/ExDark_YOLO/images/train/2015_06568.jpg,1,0.041971,2,0,1
/root/private_data/lowlight-object-detection/datasets_yolo/ExDark_YOLO/images/train/2015_06569.jpg,1,0.344247,4,1,0
/root/private_data/lowlight-object-detection/datasets_yolo/ExDark_YOLO/images/train/2015_06571.jpg,3,0.127071,5,1,1
/root/private_data/lowlight-object-detection/datasets_yolo/ExDark_YOLO/images/train/2015_06572.jpg,1,0.170674,2,0,1
/root/private_data/lowlight-object-detection/datasets_yolo/ExDark_YOLO/images/train/2015_06573.jpg,2,0.139431,3,1,1
/root/private_data/lowlight-object-detection/datasets_yolo/ExDark_YOLO/images/train/2015_06574.jpg,2,0.283441,6,1,1
/root/private_data/lowlight-object-detection/datasets_yolo/ExDark_YOLO/images/train/2015_06575.jpg,2,0.249148,5,1,1
/root/private_data/lowlight-object-detection/datasets_yolo/ExDark_YOLO/images/train/2015_06576.jpg,1,0.162781,1,0,1
/root/private_data/lowlight-object-detection/datasets_yolo/ExDark_YOLO/images/train/2015_06577.jpg,2,0.138204,4,1,1
/root/private_data/lowlight-object-detection/datasets_yolo/ExDark_YOLO/images/train/2015_06578.jpg,2,0.168718,3,1,1
/root/private_data/lowlight-object-detection/datasets_yolo/ExDark_YOLO/images/train/2015_06579.jpg,1,0.159576,9,0,1
/root/private_data/lowlight-object-detection/datasets_yolo/ExDark_YOLO/images/train/2015_06581.jpg,1,0.164592,3,0,1
/root/private_data/lowlight-object-detection/datasets_yolo/ExDark_YOLO/images/train/2015_06582.jpg,2,0.224113,5,1,1
/root/private_data/lowlight-object-detection/datasets_yolo/ExDark_YOLO/images/train/2015_06583.jpg,1,0.088007,4,0,1
/root/private_data/lowlight-object-detection/datasets_yolo/ExDark_YOLO/images/train/2015_06584.jpg,1,0.183409,2,0,1
/root/private_data/lowlight-object-detection/datasets_yolo/ExDark_YOLO/images/train/2015_06585.jpg,1,0.325222,8,0,0
/root/private_data/lowlight-object-detection/datasets_yolo/ExDark_YOLO/images/train/2015_06586.jpg,1,0.319631,5,0,0
/root/private_data/lowlight-object-detection/datasets_yolo/ExDark_YOLO/images/train/2015_06587.jpg,1,0.091997,1,0,1
/root/private_data/lowlight-object-detection/datasets_yolo/ExDark_YOLO/images/train/2015_06588.jpg,2,0.268404,3,1,1
/root/private_data/lowlight-object-detection/datasets_yolo/ExDark_YOLO/images/train/2015_06589.jpg,1,0.096800,7,0,1
/root/private_data/lowlight-object-detection/datasets_yolo/ExDark_YOLO/images/train/2015_06590.jpg,2,0.192252,1,1,1
/root/private_data/lowlight-object-detection/datasets_yolo/ExDark_YOLO/images/train/2015_06591.jpg,3,0.158464,4,1,1
/root/private_data/lowlight-object-detection/datasets_yolo/ExDark_YOLO/images/train/2015_06593.jpg,1,0.116198,3,0,1
/root/private_data/lowlight-object-detection/datasets_yolo/ExDark_YOLO/images/train/2015_06594.jpg,1,0.272330,2,0,1
/root/private_data/lowlight-object-detection/datasets_yolo/ExDark_YOLO/images/train/2015_06595.jpg,2,0.253381,9,1,1
/root/private_data/lowlight-object-detection/datasets_yolo/ExDark_YOLO/images/train/2015_06596.jpg,1,0.401033,3,1,0
/root/private_data/lowlight-object-detection/datasets_yolo/ExDark_YOLO/images/train/2015_06598.jpg,1,0.236532,3,0,1
/root/private_data/lowlight-object-detection/datasets_yolo/ExDark_YOLO/images/train/2015_06599.jpg,3,0.114871,5,1,1
/root/private_data/lowlight-object-detection/datasets_yolo/ExDark_YOLO/images/train/2015_06601.jpg,1,0.113475,1,0,1
/root/private_data/lowlight-object-detection/datasets_yolo/ExDark_YOLO/images/train/2015_06603.jpg,1,0.135706,7,0,1
/root/private_data/lowlight-object-detection/datasets_yolo/ExDark_YOLO/images/train/2015_06604.jpg,1,0.181550,4,0,1
/root/private_data/lowlight-object-detection/datasets_yolo/ExDark_YOLO/images/train/2015_06605.jpg,1,0.104204,4,0,1
/root/private_data/lowlight-object-detection/datasets_yolo/ExDark_YOLO/images/train/2015_06606.jpg,3,0.134231,7,1,1
/root/private_data/lowlight-object-detection/datasets_yolo/ExDark_YOLO/images/train/2015_06607.jpg,1,0.073741,2,0,1
/root/private_data/lowlight-object-detection/datasets_yolo/ExDark_YOLO/images/train/2015_06608.jpg,1,0.083741,1,0,1
/root/private_data/lowlight-object-detection/datasets_yolo/ExDark_YOLO/images/train/2015_06609.jpg,1,0.124312,3,0,1
/root/private_data/lowlight-object-detection/datasets_yolo/ExDark_YOLO/images/train/2015_06611.jpg,2,0.175175,5,1,1
/root/private_data/lowlight-object-detection/datasets_yolo/ExDark_YOLO/images/train/2015_06612.jpg,1,0.220725,3,0,1
/root/private_data/lowlight-object-detection/datasets_yolo/ExDark_YOLO/images/train/2015_06614.JPG,1,0.206292,6,0,1
/root/private_data/lowlight-object-detection/datasets_yolo/ExDark_YOLO/images/train/2015_06615.JPG,1,0.054333,2,0,1
/root/private_data/lowlight-object-detection/datasets_yolo/ExDark_YOLO/images/train/2015_06616.JPG,1,0.048550,2,0,1
/root/private_data/lowlight-object-detection/datasets_yolo/ExDark_YOLO/images/train/2015_06618.JPG,1,0.073489,2,0,1
/root/private_data/lowlight-object-detection/datasets_yolo/ExDark_YOLO/images/train/2015_06619.JPG,1,0.074105,2,0,1
/root/private_data/lowlight-object-detection/datasets_yolo/ExDark_YOLO/images/train/2015_06620.JPG,1,0.091587,2,0,1
/root/private_data/lowlight-object-detection/datasets_yolo/ExDark_YOLO/images/train/2015_06621.jpg,1,0.126242,3,0,1
/root/private_data/lowlight-object-detection/datasets_yolo/ExDark_YOLO/images/train/2015_06622.JPG,1,0.067919,2,0,1
/root/private_data/lowlight-object-detection/datasets_yolo/ExDark_YOLO/images/train/2015_06623.JPG,1,0.116423,1,0,1
/root/private_data/lowlight-object-detection/datasets_yolo/ExDark_YOLO/images/train/2015_06625.JPG,1,0.040206,3,0,1
/root/private_data/lowlight-object-detection/datasets_yolo/ExDark_YOLO/images/train/2015_06626.jpg,2,0.198367,3,1,1
/root/private_data/lowlight-object-detection/datasets_yolo/ExDark_YOLO/images/train/2015_06627.JPEG,1,0.131347,2,0,1
/root/private_data/lowlight-object-detection/datasets_yolo/ExDark_YOLO/images/train/2015_06628.JPEG,1,0.105561,5,0,1
/root/private_data/lowlight-object-detection/datasets_yolo/ExDark_YOLO/images/train/2015_06630.JPEG,1,0.163803,1,0,1
/root/private_data/lowlight-object-detection/datasets_yolo/ExDark_YOLO/images/train/2015_06631.JPEG,1,0.208527,4,0,1
/root/private_data/lowlight-object-detection/datasets_yolo/ExDark_YOLO/images/train/2015_06632.JPEG,1,0.104958,9,0,1
/root/private_data/lowlight-object-detection/datasets_yolo/ExDark_YOLO/images/train/2015_06633.JPEG,1,0.159117,1,0,1
/root/private_data/lowlight-object-detection/datasets_yolo/ExDark_YOLO/images/train/2015_06634.JPEG,1,0.124103,1,0,1
/root/private_data/lowlight-object-detection/datasets_yolo/ExDark_YOLO/images/train/2015_06635.JPEG,1,0.054412,4,0,1
/root/private_data/lowlight-object-detection/datasets_yolo/ExDark_YOLO/images/train/2015_06636.JPEG,1,0.125257,4,0,1
/root/private_data/lowlight-object-detection/datasets_yolo/ExDark_YOLO/images/train/2015_06637.JPEG,3,0.171991,6,1,1
/root/private_data/lowlight-object-detection/datasets_yolo/ExDark_YOLO/images/train/2015_06638.JPEG,1,0.153566,4,0,1
/root/private_data/lowlight-object-detection/datasets_yolo/ExDark_YOLO/images/train/2015_06640.JPEG,3,0.067533,8,1,1
/root/private_data/lowlight-object-detection/datasets_yolo/ExDark_YOLO/images/train/2015_06641.JPEG,1,0.082295,2,0,1
/root/private_data/lowlight-object-detection/datasets_yolo/ExDark_YOLO/images/train/2015_06642.JPEG,1,0.114696,2,0,1
/root/private_data/lowlight-object-detection/datasets_yolo/ExDark_YOLO/images/train/2015_06643.JPEG,1,0.132818,5,0,1
/root/private_data/lowlight-object-detection/datasets_yolo/ExDark_YOLO/images/train/2015_06644.JPEG,1,0.029755,5,0,1
/root/private_data/lowlight-object-detection/datasets_yolo/ExDark_YOLO/images/train/2015_06646.JPEG,1,0.048264,1,0,1
/root/private_data/lowlight-object-detection/datasets_yolo/ExDark_YOLO/images/train/2015_06647.JPEG,2,0.125050,9,1,1
/root/private_data/lowlight-object-detection/datasets_yolo/ExDark_YOLO/images/train/2015_06651.JPEG,1,0.169092,4,0,1
/root/private_data/lowlight-object-detection/datasets_yolo/ExDark_YOLO/images/train/2015_06652.JPEG,1,0.105967,1,0,1
/root/private_data/lowlight-object-detection/datasets_yolo/ExDark_YOLO/images/train/2015_06653.JPEG,1,0.186838,1,0,1
/root/private_data/lowlight-object-detection/datasets_yolo/ExDark_YOLO/images/train/2015_06656.JPEG,2,0.051117,10,1,1
/root/private_data/lowlight-object-detection/datasets_yolo/ExDark_YOLO/images/train/2015_06658.JPEG,1,0.125810,5,0,1
/root/private_data/lowlight-object-detection/datasets_yolo/ExDark_YOLO/images/train/2015_06659.JPEG,2,0.069522,9,1,1
/root/private_data/lowlight-object-detection/datasets_yolo/ExDark_YOLO/images/train/2015_06660.JPEG,3,0.156014,12,1,1
/root/private_data/lowlight-object-detection/datasets_yolo/ExDark_YOLO/images/train/2015_06661.JPEG,1,0.216523,1,0,1
/root/private_data/lowlight-object-detection/datasets_yolo/ExDark_YOLO/images/train/2015_06662.JPEG,1,0.162224,1,0,1
/root/private_data/lowlight-object-detection/datasets_yolo/ExDark_YOLO/images/train/2015_06663.JPEG,1,0.174247,7,0,1
/root/private_data/lowlight-object-detection/datasets_yolo/ExDark_YOLO/images/train/2015_06664.JPEG,1,0.133179,2,0,1
/root/private_data/lowlight-object-detection/datasets_yolo/ExDark_YOLO/images/train/2015_06665.JPEG,1,0.227732,4,0,1
/root/private_data/lowlight-object-detection/datasets_yolo/ExDark_YOLO/images/train/2015_06666.JPEG,1,0.052190,3,0,1
/root/private_data/lowlight-object-detection/datasets_yolo/ExDark_YOLO/images/train/2015_06667.JPEG,1,0.236792,1,0,1
/root/private_data/lowlight-object-detection/datasets_yolo/ExDark_YOLO/images/train/2015_06668.JPEG,1,0.135683,2,0,1
/root/private_data/lowlight-object-detection/datasets_yolo/ExDark_YOLO/images/train/2015_06670.JPEG,1,0.024451,3,0,1
/root/private_data/lowlight-object-detection/datasets_yolo/ExDark_YOLO/images/train/2015_06671.JPEG,1,0.130113,1,0,1
/root/private_data/lowlight-object-detection/datasets_yolo/ExDark_YOLO/images/train/2015_06672.JPEG,1,0.076681,3,0,1
/root/private_data/lowlight-object-detection/datasets_yolo/ExDark_YOLO/images/train/2015_06673.JPEG,2,0.031420,5,1,1
/root/private_data/lowlight-object-detection/datasets_yolo/ExDark_YOLO/images/train/2015_06674.JPEG,1,0.043573,2,0,1
/root/private_data/lowlight-object-detection/datasets_yolo/ExDark_YOLO/images/train/2015_06675.jpg,1,0.086417,9,0,1
/root/private_data/lowlight-object-detection/datasets_yolo/ExDark_YOLO/images/train/2015_06678.jpg,1,0.011902,1,0,1
/root/private_data/lowlight-object-detection/datasets_yolo/ExDark_YOLO/images/train/2015_06679.jpg,1,0.114659,4,0,1
/root/private_data/lowlight-object-detection/datasets_yolo/ExDark_YOLO/images/train/2015_06680.jpg,1,0.115774,4,0,1
/root/private_data/lowlight-object-detection/datasets_yolo/ExDark_YOLO/images/train/2015_06681.jpg,1,0.153136,1,0,1
/root/private_data/lowlight-object-detection/datasets_yolo/ExDark_YOLO/images/train/2015_06682.jpg,1,0.117872,2,0,1
/root/private_data/lowlight-object-detection/datasets_yolo/ExDark_YOLO/images/train/2015_06683.jpg,1,0.071773,2,0,1
/root/private_data/lowlight-object-detection/datasets_yolo/ExDark_YOLO/images/train/2015_06684.jpg,1,0.034624,2,0,1
/root/private_data/lowlight-object-detection/datasets_yolo/ExDark_YOLO/images/train/2015_06685.jpg,1,0.020009,8,0,1
/root/private_data/lowlight-object-detection/datasets_yolo/ExDark_YOLO/images/train/2015_06686.jpg,1,0.023522,4,0,1
/root/private_data/lowlight-object-detection/datasets_yolo/ExDark_YOLO/images/train/2015_06688.JPG,1,0.137910,1,0,1
/root/private_data/lowlight-object-detection/datasets_yolo/ExDark_YOLO/images/train/2015_06689.JPG,3,0.115468,4,1,1
/root/private_data/lowlight-object-detection/datasets_yolo/ExDark_YOLO/images/train/2015_06690.JPG,1,0.092198,1,0,1
/root/private_data/lowlight-object-detection/datasets_yolo/ExDark_YOLO/images/train/2015_06691.JPG,3,0.081206,3,1,1
/root/private_data/lowlight-object-detection/datasets_yolo/ExDark_YOLO/images/train/2015_06692.JPG,2,0.069280,2,1,1
/root/private_data/lowlight-object-detection/datasets_yolo/ExDark_YOLO/images/train/2015_06694.jpg,1,0.121775,2,0,1
/root/private_data/lowlight-object-detection/datasets_yolo/ExDark_YOLO/images/train/2015_06695.jpg,1,0.142632,2,0,1
/root/private_data/lowlight-object-detection/datasets_yolo/ExDark_YOLO/images/train/2015_06697.png,1,0.064638,1,0,1
/root/private_data/lowlight-object-detection/datasets_yolo/ExDark_YOLO/images/train/2015_06698.png,1,0.065272,1,0,1
/root/private_data/lowlight-object-detection/datasets_yolo/ExDark_YOLO/images/train/2015_06700.png,1,0.051160,1,0,1
/root/private_data/lowlight-object-detection/datasets_yolo/ExDark_YOLO/images/train/2015_06701.png,1,0.056000,1,0,1
/root/private_data/lowlight-object-detection/datasets_yolo/ExDark_YOLO/images/train/2015_06702.png,1,0.036737,2,0,1
/root/private_data/lowlight-object-detection/datasets_yolo/ExDark_YOLO/images/train/2015_06703.jpg,1,0.103445,1,0,1
/root/private_data/lowlight-object-detection/datasets_yolo/ExDark_YOLO/images/train/2015_06704.jpg,1,0.118140,2,0,1
/root/private_data/lowlight-object-detection/datasets_yolo/ExDark_YOLO/images/train/2015_06705.jpg,1,0.039778,2,0,1
/root/private_data/lowlight-object-detection/datasets_yolo/ExDark_YOLO/images/train/2015_06706.jpg,1,0.150453,1,0,1
/root/private_data/lowlight-object-detection/datasets_yolo/ExDark_YOLO/images/train/2015_06708.jpg,1,0.101646,1,0,1
/root/private_data/lowlight-object-detection/datasets_yolo/ExDark_YOLO/images/train/2015_06710.jpg,1,0.052907,2,0,1
/root/private_data/lowlight-object-detection/datasets_yolo/ExDark_YOLO/images/train/2015_06712.jpg,3,0.077337,6,1,1
/root/private_data/lowlight-object-detection/datasets_yolo/ExDark_YOLO/images/train/2015_06713.jpg,1,0.090774,1,0,1
/root/private_data/lowlight-object-detection/datasets_yolo/ExDark_YOLO/images/train/2015_06715.jpg,1,0.029251,1,0,1
/root/private_data/lowlight-object-detection/datasets_yolo/ExDark_YOLO/images/train/2015_06716.jpg,1,0.034717,1,0,1
/root/private_data/lowlight-object-detection/datasets_yolo/ExDark_YOLO/images/train/2015_06717.jpg,1,0.037832,2,0,1
/root/private_data/lowlight-object-detection/datasets_yolo/ExDark_YOLO/images/train/2015_06718.jpg,1,0.166939,1,0,1
/root/private_data/lowlight-object-detection/datasets_yolo/ExDark_YOLO/images/train/2015_06721.jpg,1,0.122069,1,0,1
/root/private_data/lowlight-object-detection/datasets_yolo/ExDark_YOLO/images/train/2015_06723.jpg,1,0.041508,1,0,1
/root/private_data/lowlight-object-detection/datasets_yolo/ExDark_YOLO/images/train/2015_06724.jpg,3,0.123689,6,1,1
/root/private_data/lowlight-object-detection/datasets_yolo/ExDark_YOLO/images/train/2015_06726.jpg,1,0.157853,2,0,1
/root/private_data/lowlight-object-detection/datasets_yolo/ExDark_YOLO/images/train/2015_06727.jpg,1,0.272370,1,0,1
/root/private_data/lowlight-object-detection/datasets_yolo/ExDark_YOLO/images/train/2015_06729.jpg,1,0.066950,2,0,1
/root/private_data/lowlight-object-detection/datasets_yolo/ExDark_YOLO/images/train/2015_06730.jpg,1,0.073597,3,0,1
/root/private_data/lowlight-object-detection/datasets_yolo/ExDark_YOLO/images/train/2015_06731.jpg,2,0.184013,6,1,1
/root/private_data/lowlight-object-detection/datasets_yolo/ExDark_YOLO/images/train/2015_06732.jpg,1,0.133849,1,0,1
/root/private_data/lowlight-object-detection/datasets_yolo/ExDark_YOLO/images/train/2015_06733.jpg,1,0.037269,1,0,1
/root/private_data/lowlight-object-detection/datasets_yolo/ExDark_YOLO/images/train/2015_06734.jpg,1,0.092117,1,0,1
/root/private_data/lowlight-object-detection/datasets_yolo/ExDark_YOLO/images/train/2015_06735.jpg,1,0.060954,1,0,1
/root/private_data/lowlight-object-detection/datasets_yolo/ExDark_YOLO/images/train/2015_06736.jpg,1,0.102767,1,0,1
/root/private_data/lowlight-object-detection/datasets_yolo/ExDark_YOLO/images/train/2015_06737.jpg,1,0.035503,1,0,1
/root/private_data/lowlight-object-detection/datasets_yolo/ExDark_YOLO/images/train/2015_06738.jpg,1,0.130704,1,0,1
/root/private_data/lowlight-object-detection/datasets_yolo/ExDark_YOLO/images/train/2015_06739.jpg,1,0.100692,1,0,1
/root/private_data/lowlight-object-detection/datasets_yolo/ExDark_YOLO/images/train/2015_06740.jpg,1,0.145409,2,0,1
/root/private_data/lowlight-object-detection/datasets_yolo/ExDark_YOLO/images/train/2015_06741.jpg,1,0.237234,3,0,1
/root/private_data/lowlight-object-detection/datasets_yolo/ExDark_YOLO/images/train/2015_06742.jpg,1,0.098214,4,0,1
/root/private_data/lowlight-object-detection/datasets_yolo/ExDark_YOLO/images/train/2015_06744.jpg,2,0.166216,2,1,1
/root/private_data/lowlight-object-detection/datasets_yolo/ExDark_YOLO/images/train/2015_06745.jpg,1,0.135423,1,0,1
/root/private_data/lowlight-object-detection/datasets_yolo/ExDark_YOLO/images/train/2015_06746.jpg,1,0.017742,1,0,1
/root/private_data/lowlight-object-detection/datasets_yolo/ExDark_YOLO/images/train/2015_06749.jpg,1,0.330643,8,1,0
/root/private_data/lowlight-object-detection/datasets_yolo/ExDark_YOLO/images/train/2015_06750.jpg,2,0.255486,10,1,1
/root/private_data/lowlight-object-detection/datasets_yolo/ExDark_YOLO/images/train/2015_06751.jpg,3,0.085236,8,1,1
/root/private_data/lowlight-object-detection/datasets_yolo/ExDark_YOLO/images/train/2015_06752.jpg,3,0.084754,10,1,1
/root/private_data/lowlight-object-detection/datasets_yolo/ExDark_YOLO/images/train/2015_06753.jpg,3,0.054817,5,1,1
/root/private_data/lowlight-object-detection/datasets_yolo/ExDark_YOLO/images/train/2015_06754.jpg,1,0.209505,6,0,1
/root/private_data/lowlight-object-detection/datasets_yolo/ExDark_YOLO/images/train/2015_06755.jpg,1,0.269608,6,0,1
/root/private_data/lowlight-object-detection/datasets_yolo/ExDark_YOLO/images/train/2015_06756.jpg,1,0.369929,1,0,0
/root/private_data/lowlight-object-detection/datasets_yolo/ExDark_YOLO/images/train/2015_06758.jpg,1,0.066362,1,0,1
/root/private_data/lowlight-object-detection/datasets_yolo/ExDark_YOLO/images/train/2015_06760.jpg,1,0.169672,2,0,1
/root/private_data/lowlight-object-detection/datasets_yolo/ExDark_YOLO/images/train/2015_06761.jpg,3,0.156562,10,1,1
/root/private_data/lowlight-object-detection/datasets_yolo/ExDark_YOLO/images/train/2015_06765.jpg,2,0.255552,6,1,1
/root/private_data/lowlight-object-detection/datasets_yolo/ExDark_YOLO/images/train/2015_06767.jpg,2,0.098807,3,1,1
/root/private_data/lowlight-object-detection/datasets_yolo/ExDark_YOLO/images/train/2015_06769.jpg,1,0.350326,5,1,0
/root/private_data/lowlight-object-detection/datasets_yolo/ExDark_YOLO/images/train/2015_06770.jpg,2,0.203571,4,1,1
/root/private_data/lowlight-object-detection/datasets_yolo/ExDark_YOLO/images/train/2015_06771.jpg,2,0.084382,7,1,1
/root/private_data/lowlight-object-detection/datasets_yolo/ExDark_YOLO/images/train/2015_06772.jpg,1,0.169988,2,0,1
/root/private_data/lowlight-object-detection/datasets_yolo/ExDark_YOLO/images/train/2015_06773.jpg,3,0.062593,14,1,1
/root/private_data/lowlight-object-detection/datasets_yolo/ExDark_YOLO/images/train/2015_06775.jpg,1,0.369473,6,1,0
/root/private_data/lowlight-object-detection/datasets_yolo/ExDark_YOLO/images/train/2015_06776.jpg,1,0.126233,1,0,1
/root/private_data/lowlight-object-detection/datasets_yolo/ExDark_YOLO/images/train/2015_06777.jpg,1,0.081706,2,0,1
/root/private_data/lowlight-object-detection/datasets_yolo/ExDark_YOLO/images/train/2015_06778.jpg,1,0.157679,1,0,1
/root/private_data/lowlight-object-detection/datasets_yolo/ExDark_YOLO/images/train/2015_06779.jpg,3,0.082248,2,1,1
/root/private_data/lowlight-object-detection/datasets_yolo/ExDark_YOLO/images/train/2015_06781.jpg,2,0.183328,3,1,1
/root/private_data/lowlight-object-detection/datasets_yolo/ExDark_YOLO/images/train/2015_06782.jpg,2,0.202403,6,1,1
/root/private_data/lowlight-object-detection/datasets_yolo/ExDark_YOLO/images/train/2015_06783.jpg,1,0.052823,1,0,1
/root/private_data/lowlight-object-detection/datasets_yolo/ExDark_YOLO/images/train/2015_06784.jpg,1,0.189884,1,0,1
/root/private_data/lowlight-object-detection/datasets_yolo/ExDark_YOLO/images/train/2015_06785.jpg,1,0.187847,1,0,1
/root/private_data/lowlight-object-detection/datasets_yolo/ExDark_YOLO/images/train/2015_06786.png,1,0.267413,4,0,1
/root/private_data/lowlight-object-detection/datasets_yolo/ExDark_YOLO/images/train/2015_06787.png,2,0.199365,11,1,1
/root/private_data/lowlight-object-detection/datasets_yolo/ExDark_YOLO/images/train/2015_06788.png,1,0.166682,6,0,1
/root/private_data/lowlight-object-detection/datasets_yolo/ExDark_YOLO/images/train/2015_06789.png,1,0.189187,3,0,1
/root/private_data/lowlight-object-detection/datasets_yolo/ExDark_YOLO/images/train/2015_06790.jpg,1,0.099662,1,0,1
/root/private_data/lowlight-object-detection/datasets_yolo/ExDark_YOLO/images/train/2015_06791.jpg,1,0.112127,1,0,1
/root/private_data/lowlight-object-detection/datasets_yolo/ExDark_YOLO/images/train/2015_06793.png,2,0.102806,3,1,1
/root/private_data/lowlight-object-detection/datasets_yolo/ExDark_YOLO/images/train/2015_06794.jpg,1,0.115683,1,0,1
/root/private_data/lowlight-object-detection/datasets_yolo/ExDark_YOLO/images/train/2015_06795.jpg,1,0.143023,1,0,1
/root/private_data/lowlight-object-detection/datasets_yolo/ExDark_YOLO/images/train/2015_06796.jpg,1,0.178421,1,0,1
/root/private_data/lowlight-object-detection/datasets_yolo/ExDark_YOLO/images/train/2015_06798.jpg,1,0.061704,1,0,1
/root/private_data/lowlight-object-detection/datasets_yolo/ExDark_YOLO/images/train/2015_06799.jpg,1,0.176798,6,0,1
/root/private_data/lowlight-object-detection/datasets_yolo/ExDark_YOLO/images/train/2015_06800.jpg,2,0.034357,13,1,1
/root/private_data/lowlight-object-detection/datasets_yolo/ExDark_YOLO/images/train/2015_06801.jpg,3,0.098561,5,1,1
/root/private_data/lowlight-object-detection/datasets_yolo/ExDark_YOLO/images/train/2015_06802.jpg,1,0.124249,3,0,1
/root/private_data/lowlight-object-detection/datasets_yolo/ExDark_YOLO/images/train/2015_06803.jpg,1,0.131465,4,0,1
/root/private_data/lowlight-object-detection/datasets_yolo/ExDark_YOLO/images/train/2015_06804.png,1,0.060766,1,0,1
/root/private_data/lowlight-object-detection/datasets_yolo/ExDark_YOLO/images/train/2015_06805.png,1,0.021069,1,0,1
/root/private_data/lowlight-object-detection/datasets_yolo/ExDark_YOLO/images/train/2015_06806.png,1,0.011515,1,0,1
/root/private_data/lowlight-object-detection/datasets_yolo/ExDark_YOLO/images/train/2015_06807.png,1,0.067831,5,0,1
/root/private_data/lowlight-object-detection/datasets_yolo/ExDark_YOLO/images/train/2015_06808.png,1,0.066381,4,0,1
/root/private_data/lowlight-object-detection/datasets_yolo/ExDark_YOLO/images/train/2015_06809.png,2,0.043126,2,1,1
/root/private_data/lowlight-object-detection/datasets_yolo/ExDark_YOLO/images/train/2015_06810.png,1,0.008227,3,0,1
/root/private_data/lowlight-object-detection/datasets_yolo/ExDark_YOLO/images/train/2015_06812.png,1,0.062071,4,0,1
/root/private_data/lowlight-object-detection/datasets_yolo/ExDark_YOLO/images/train/2015_06814.png,1,0.074575,2,0,1
/root/private_data/lowlight-object-detection/datasets_yolo/ExDark_YOLO/images/train/2015_06815.png,1,0.022123,2,0,1
/root/private_data/lowlight-object-detection/datasets_yolo/ExDark_YOLO/images/train/2015_06816.png,1,0.022777,3,0,1
/root/private_data/lowlight-object-detection/datasets_yolo/ExDark_YOLO/images/train/2015_06817.png,1,0.078641,1,0,1
/root/private_data/lowlight-object-detection/datasets_yolo/ExDark_YOLO/images/train/2015_06818.png,1,0.078507,1,0,1
/root/private_data/lowlight-object-detection/datasets_yolo/ExDark_YOLO/images/train/2015_06819.png,1,0.042813,1,0,1
/root/private_data/lowlight-object-detection/datasets_yolo/ExDark_YOLO/images/train/2015_06820.png,1,0.074656,1,0,1
/root/private_data/lowlight-object-detection/datasets_yolo/ExDark_YOLO/images/train/2015_06821.png,1,0.105002,1,0,1
/root/private_data/lowlight-object-detection/datasets_yolo/ExDark_YOLO/images/train/2015_06823.png,1,0.111461,1,0,1
/root/private_data/lowlight-object-detection/datasets_yolo/ExDark_YOLO/images/train/2015_06824.png,1,0.054184,1,0,1
/root/private_data/lowlight-object-detection/datasets_yolo/ExDark_YOLO/images/train/2015_06825.png,1,0.016165,2,0,1
/root/private_data/lowlight-object-detection/datasets_yolo/ExDark_YOLO/images/train/2015_06827.png,1,0.108865,2,0,1
/root/private_data/lowlight-object-detection/datasets_yolo/ExDark_YOLO/images/train/2015_06829.png,1,0.036851,4,0,1
/root/private_data/lowlight-object-detection/datasets_yolo/ExDark_YOLO/images/train/2015_06830.png,1,0.036983,3,0,1
/root/private_data/lowlight-object-detection/datasets_yolo/ExDark_YOLO/images/train/2015_06831.png,1,0.062470,1,0,1
/root/private_data/lowlight-object-detection/datasets_yolo/ExDark_YOLO/images/train/2015_06832.png,1,0.066760,2,0,1
/root/private_data/lowlight-object-detection/datasets_yolo/ExDark_YOLO/images/train/2015_06833.png,1,0.095911,2,0,1
/root/private_data/lowlight-object-detection/datasets_yolo/ExDark_YOLO/images/train/2015_06834.png,1,0.087702,1,0,1
/root/private_data/lowlight-object-detection/datasets_yolo/ExDark_YOLO/images/train/2015_06835.png,1,0.075722,1,0,1
/root/private_data/lowlight-object-detection/datasets_yolo/ExDark_YOLO/images/train/2015_06836.png,1,0.096481,2,0,1
/root/private_data/lowlight-object-detection/datasets_yolo/ExDark_YOLO/images/train/2015_06837.png,1,0.081879,1,0,1
/root/private_data/lowlight-object-detection/datasets_yolo/ExDark_YOLO/images/train/2015_06838.png,1,0.064625,2,0,1
/root/private_data/lowlight-object-detection/datasets_yolo/ExDark_YOLO/images/train/2015_06840.png,1,0.110603,3,0,1
/root/private_data/lowlight-object-detection/datasets_yolo/ExDark_YOLO/images/train/2015_06841.png,1,0.013990,4,0,1
/root/private_data/lowlight-object-detection/datasets_yolo/ExDark_YOLO/images/train/2015_06842.png,1,0.068119,4,0,1
/root/private_data/lowlight-object-detection/datasets_yolo/ExDark_YOLO/images/train/2015_06843.png,1,0.051971,2,0,1
/root/private_data/lowlight-object-detection/datasets_yolo/ExDark_YOLO/images/train/2015_06844.png,1,0.145611,3,0,1
/root/private_data/lowlight-object-detection/datasets_yolo/ExDark_YOLO/images/train/2015_06845.png,1,0.102714,1,0,1
/root/private_data/lowlight-object-detection/datasets_yolo/ExDark_YOLO/images/train/2015_06846.png,1,0.123880,1,0,1
/root/private_data/lowlight-object-detection/datasets_yolo/ExDark_YOLO/images/train/2015_06847.png,1,0.084016,1,0,1
/root/private_data/lowlight-object-detection/datasets_yolo/ExDark_YOLO/images/train/2015_06848.png,1,0.079275,1,0,1
/root/private_data/lowlight-object-detection/datasets_yolo/ExDark_YOLO/images/train/2015_06849.jpg,3,0.070520,5,1,1
/root/private_data/lowlight-object-detection/datasets_yolo/ExDark_YOLO/images/train/2015_06851.jpg,2,0.047425,4,1,1
/root/private_data/lowlight-object-detection/datasets_yolo/ExDark_YOLO/images/train/2015_06852.jpg,1,0.161355,2,0,1
/root/private_data/lowlight-object-detection/datasets_yolo/ExDark_YOLO/images/train/2015_06853.jpg,1,0.231434,2,0,1
/root/private_data/lowlight-object-detection/datasets_yolo/ExDark_YOLO/images/train/2015_06854.jpg,1,0.147554,2,0,1
/root/private_data/lowlight-object-detection/datasets_yolo/ExDark_YOLO/images/train/2015_06855.jpg,1,0.228504,4,0,1
/root/private_data/lowlight-object-detection/datasets_yolo/ExDark_YOLO/images/train/2015_06856.jpg,2,0.222118,17,1,1
/root/private_data/lowlight-object-detection/datasets_yolo/ExDark_YOLO/images/train/2015_06859.jpg,1,0.240115,3,0,1
/root/private_data/lowlight-object-detection/datasets_yolo/ExDark_YOLO/images/train/2015_06860.jpg,1,0.173680,3,0,1
/root/private_data/lowlight-object-detection/datasets_yolo/ExDark_YOLO/images/train/2015_06861.jpg,1,0.201554,3,0,1
/root/private_data/lowlight-object-detection/datasets_yolo/ExDark_YOLO/images/train/2015_06863.jpg,1,0.184122,4,0,1
/root/private_data/lowlight-object-detection/datasets_yolo/ExDark_YOLO/images/train/2015_06865.jpg,1,0.119820,3,0,1
/root/private_data/lowlight-object-detection/datasets_yolo/ExDark_YOLO/images/train/2015_06866.jpg,1,0.047412,14,0,1
/root/private_data/lowlight-object-detection/datasets_yolo/ExDark_YOLO/images/train/2015_06867.jpg,1,0.167039,7,0,1
/root/private_data/lowlight-object-detection/datasets_yolo/ExDark_YOLO/images/train/2015_06869.jpg,1,0.164796,2,0,1
/root/private_data/lowlight-object-detection/datasets_yolo/ExDark_YOLO/images/train/2015_06870.jpg,1,0.101649,1,0,1
/root/private_data/lowlight-object-detection/datasets_yolo/ExDark_YOLO/images/train/2015_06871.jpg,1,0.104578,5,0,1
/root/private_data/lowlight-object-detection/datasets_yolo/ExDark_YOLO/images/train/2015_06873.jpg,3,0.175010,3,1,1
/root/private_data/lowlight-object-detection/datasets_yolo/ExDark_YOLO/images/train/2015_06875.jpg,1,0.115813,5,0,1
/root/private_data/lowlight-object-detection/datasets_yolo/ExDark_YOLO/images/train/2015_06876.jpg,1,0.250468,1,0,1
/root/private_data/lowlight-object-detection/datasets_yolo/ExDark_YOLO/images/train/2015_06878.jpg,3,0.066699,4,1,1
/root/private_data/lowlight-object-detection/datasets_yolo/ExDark_YOLO/images/train/2015_06879.jpg,1,0.195327,1,0,1
/root/private_data/lowlight-object-detection/datasets_yolo/ExDark_YOLO/images/train/2015_06881.jpg,2,0.204032,9,1,1
/root/private_data/lowlight-object-detection/datasets_yolo/ExDark_YOLO/images/train/2015_06883.jpg,1,0.136935,1,0,1
/root/private_data/lowlight-object-detection/datasets_yolo/ExDark_YOLO/images/train/2015_06884.jpg,1,0.132245,1,0,1
/root/private_data/lowlight-object-detection/datasets_yolo/ExDark_YOLO/images/train/2015_06885.jpg,1,0.127971,6,0,1
/root/private_data/lowlight-object-detection/datasets_yolo/ExDark_YOLO/images/train/2015_06886.jpg,1,0.173141,3,0,1
/root/private_data/lowlight-object-detection/datasets_yolo/ExDark_YOLO/images/train/2015_06887.jpg,2,0.060660,5,1,1
/root/private_data/lowlight-object-detection/datasets_yolo/ExDark_YOLO/images/train/2015_06888.jpg,2,0.269412,29,1,1
/root/private_data/lowlight-object-detection/datasets_yolo/ExDark_YOLO/images/train/2015_06889.jpg,2,0.142495,5,1,1
/root/private_data/lowlight-object-detection/datasets_yolo/ExDark_YOLO/images/train/2015_06892.jpg,3,0.124042,7,1,1
/root/private_data/lowlight-object-detection/datasets_yolo/ExDark_YOLO/images/train/2015_06893.jpg,1,0.253756,4,0,1
/root/private_data/lowlight-object-detection/datasets_yolo/ExDark_YOLO/images/train/2015_06894.jpg,3,0.135001,11,1,1
/root/private_data/lowlight-object-detection/datasets_yolo/ExDark_YOLO/images/train/2015_06895.jpg,1,0.179763,3,0,1
/root/private_data/lowlight-object-detection/datasets_yolo/ExDark_YOLO/images/train/2015_06896.jpg,1,0.163293,1,0,1
/root/private_data/lowlight-object-detection/datasets_yolo/ExDark_YOLO/images/train/2015_06897.jpg,2,0.247128,14,1,1
/root/private_data/lowlight-object-detection/datasets_yolo/ExDark_YOLO/images/train/2015_06898.jpg,1,0.252325,4,0,1
/root/private_data/lowlight-object-detection/datasets_yolo/ExDark_YOLO/images/train/2015_06899.jpg,1,0.267446,4,0,1
/root/private_data/lowlight-object-detection/datasets_yolo/ExDark_YOLO/images/train/2015_06900.jpg,1,0.085747,3,0,1
/root/private_data/lowlight-object-detection/datasets_yolo/ExDark_YOLO/images/train/2015_06902.jpg,1,0.116989,5,0,1
/root/private_data/lowlight-object-detection/datasets_yolo/ExDark_YOLO/images/train/2015_06903.jpg,3,0.064119,21,1,1
/root/private_data/lowlight-object-detection/datasets_yolo/ExDark_YOLO/images/train/2015_06904.jpg,2,0.058253,3,1,1
/root/private_data/lowlight-object-detection/datasets_yolo/ExDark_YOLO/images/train/2015_06906.jpg,1,0.180479,3,0,1
/root/private_data/lowlight-object-detection/datasets_yolo/ExDark_YOLO/images/train/2015_06907.jpg,2,0.140802,6,1,1
/root/private_data/lowlight-object-detection/datasets_yolo/ExDark_YOLO/images/train/2015_06908.jpg,1,0.145877,3,0,1
/root/private_data/lowlight-object-detection/datasets_yolo/ExDark_YOLO/images/train/2015_06909.jpg,1,0.157001,3,0,1
/root/private_data/lowlight-object-detection/datasets_yolo/ExDark_YOLO/images/train/2015_06911.jpg,2,0.232094,7,1,1
/root/private_data/lowlight-object-detection/datasets_yolo/ExDark_YOLO/images/train/2015_06914.jpg,3,0.059693,3,1,1
/root/private_data/lowlight-object-detection/datasets_yolo/ExDark_YOLO/images/train/2015_06916.jpg,1,0.319273,1,0,0
/root/private_data/lowlight-object-detection/datasets_yolo/ExDark_YOLO/images/train/2015_06917.jpg,1,0.118521,2,0,1
/root/private_data/lowlight-object-detection/datasets_yolo/ExDark_YOLO/images/train/2015_06919.jpg,1,0.117381,6,0,1
/root/private_data/lowlight-object-detection/datasets_yolo/ExDark_YOLO/images/train/2015_06920.jpg,1,0.161907,1,0,1
/root/private_data/lowlight-object-detection/datasets_yolo/ExDark_YOLO/images/train/2015_06921.jpg,1,0.301518,2,0,0
/root/private_data/lowlight-object-detection/datasets_yolo/ExDark_YOLO/images/train/2015_06922.jpg,1,0.163423,1,0,1
/root/private_data/lowlight-object-detection/datasets_yolo/ExDark_YOLO/images/train/2015_06923.jpg,1,0.086242,1,0,1
/root/private_data/lowlight-object-detection/datasets_yolo/ExDark_YOLO/images/train/2015_06924.jpg,3,0.123479,13,1,1
/root/private_data/lowlight-object-detection/datasets_yolo/ExDark_YOLO/images/train/2015_06926.jpg,1,0.080137,7,0,1
/root/private_data/lowlight-object-detection/datasets_yolo/ExDark_YOLO/images/train/2015_06927.jpg,1,0.128885,2,0,1
/root/private_data/lowlight-object-detection/datasets_yolo/ExDark_YOLO/images/train/2015_06928.jpg,1,0.109829,1,0,1
/root/private_data/lowlight-object-detection/datasets_yolo/ExDark_YOLO/images/train/2015_06929.jpg,2,0.110632,6,1,1
/root/private_data/lowlight-object-detection/datasets_yolo/ExDark_YOLO/images/train/2015_06931.jpg,3,0.137012,9,1,1
/root/private_data/lowlight-object-detection/datasets_yolo/ExDark_YOLO/images/train/2015_06932.jpg,1,0.248924,2,0,1
/root/private_data/lowlight-object-detection/datasets_yolo/ExDark_YOLO/images/train/2015_06933.jpg,2,0.257866,7,1,1
/root/private_data/lowlight-object-detection/datasets_yolo/ExDark_YOLO/images/train/2015_06934.jpg,1,0.204451,5,0,1
/root/private_data/lowlight-object-detection/datasets_yolo/ExDark_YOLO/images/train/2015_06935.jpg,2,0.250338,17,1,1
/root/private_data/lowlight-object-detection/datasets_yolo/ExDark_YOLO/images/train/2015_06936.jpg,1,0.350173,3,0,0
/root/private_data/lowlight-object-detection/datasets_yolo/ExDark_YOLO/images/train/2015_06937.jpg,1,0.231155,7,0,1
/root/private_data/lowlight-object-detection/datasets_yolo/ExDark_YOLO/images/train/2015_06939.jpg,1,0.169663,3,0,1
/root/private_data/lowlight-object-detection/datasets_yolo/ExDark_YOLO/images/train/2015_06940.jpg,1,0.376920,6,1,0
/root/private_data/lowlight-object-detection/datasets_yolo/ExDark_YOLO/images/train/2015_06941.jpg,1,0.267259,5,0,1
/root/private_data/lowlight-object-detection/datasets_yolo/ExDark_YOLO/images/train/2015_06943.jpg,1,0.238373,3,0,1
/root/private_data/lowlight-object-detection/datasets_yolo/ExDark_YOLO/images/train/2015_06944.jpg,1,0.321610,4,0,0
/root/private_data/lowlight-object-detection/datasets_yolo/ExDark_YOLO/images/train/2015_06945.jpg,2,0.252921,4,1,1
/root/private_data/lowlight-object-detection/datasets_yolo/ExDark_YOLO/images/train/2015_06946.jpg,1,0.202136,2,0,1
/root/private_data/lowlight-object-detection/datasets_yolo/ExDark_YOLO/images/train/2015_06947.jpg,1,0.169405,5,0,1
/root/private_data/lowlight-object-detection/datasets_yolo/ExDark_YOLO/images/train/2015_06948.jpg,1,0.252407,5,0,1
/root/private_data/lowlight-object-detection/datasets_yolo/ExDark_YOLO/images/train/2015_06949.jpg,1,0.277670,6,0,1
/root/private_data/lowlight-object-detection/datasets_yolo/ExDark_YOLO/images/train/2015_06950.jpg,3,0.083369,9,1,1
/root/private_data/lowlight-object-detection/datasets_yolo/ExDark_YOLO/images/train/2015_06951.jpg,1,0.251295,9,0,1
/root/private_data/lowlight-object-detection/datasets_yolo/ExDark_YOLO/images/train/2015_06952.jpg,1,0.078478,2,0,1
/root/private_data/lowlight-object-detection/datasets_yolo/ExDark_YOLO/images/train/2015_06953.jpg,2,0.240474,21,1,1
/root/private_data/lowlight-object-detection/datasets_yolo/ExDark_YOLO/images/train/2015_06954.jpg,1,0.176023,1,0,1
/root/private_data/lowlight-object-detection/datasets_yolo/ExDark_YOLO/images/train/2015_06955.jpg,1,0.129589,1,0,1
/root/private_data/lowlight-object-detection/datasets_yolo/ExDark_YOLO/images/train/2015_06956.jpg,3,0.135706,5,1,1
/root/private_data/lowlight-object-detection/datasets_yolo/ExDark_YOLO/images/train/2015_06958.jpg,1,0.123869,13,0,1
/root/private_data/lowlight-object-detection/datasets_yolo/ExDark_YOLO/images/train/2015_06959.jpg,1,0.080076,13,0,1
/root/private_data/lowlight-object-detection/datasets_yolo/ExDark_YOLO/images/train/2015_06960.jpg,3,0.056764,5,1,1
/root/private_data/lowlight-object-detection/datasets_yolo/ExDark_YOLO/images/train/2015_06961.jpg,1,0.269645,2,0,1
/root/private_data/lowlight-object-detection/datasets_yolo/ExDark_YOLO/images/train/2015_06962.jpg,3,0.080495,4,1,1
/root/private_data/lowlight-object-detection/datasets_yolo/ExDark_YOLO/images/train/2015_06963.jpg,1,0.169147,8,0,1
/root/private_data/lowlight-object-detection/datasets_yolo/ExDark_YOLO/images/train/2015_06965.jpg,1,0.046113,3,0,1
/root/private_data/lowlight-object-detection/datasets_yolo/ExDark_YOLO/images/train/2015_06966.jpg,1,0.028745,1,0,1
/root/private_data/lowlight-object-detection/datasets_yolo/ExDark_YOLO/images/train/2015_06967.jpg,1,0.145990,4,0,1
/root/private_data/lowlight-object-detection/datasets_yolo/ExDark_YOLO/images/train/2015_06968.jpg,1,0.199657,1,0,1
/root/private_data/lowlight-object-detection/datasets_yolo/ExDark_YOLO/images/train/2015_06969.jpg,2,0.103879,2,1,1
/root/private_data/lowlight-object-detection/datasets_yolo/ExDark_YOLO/images/train/2015_06970.jpg,1,0.137120,5,0,1
/root/private_data/lowlight-object-detection/datasets_yolo/ExDark_YOLO/images/train/2015_06971.jpg,1,0.234056,4,0,1
/root/private_data/lowlight-object-detection/datasets_yolo/ExDark_YOLO/images/train/2015_06972.jpg,3,0.128334,19,1,1
/root/private_data/lowlight-object-detection/datasets_yolo/ExDark_YOLO/images/train/2015_06974.jpg,2,0.097167,11,1,1
/root/private_data/lowlight-object-detection/datasets_yolo/ExDark_YOLO/images/train/2015_06976.jpg,1,0.191834,10,0,1
/root/private_data/lowlight-object-detection/datasets_yolo/ExDark_YOLO/images/train/2015_06977.jpg,1,0.277868,4,0,1
/root/private_data/lowlight-object-detection/datasets_yolo/ExDark_YOLO/images/train/2015_06978.jpg,1,0.050678,5,0,1
/root/private_data/lowlight-object-detection/datasets_yolo/ExDark_YOLO/images/train/2015_06979.jpg,1,0.175232,1,0,1
/root/private_data/lowlight-object-detection/datasets_yolo/ExDark_YOLO/images/train/2015_06980.jpg,1,0.081631,2,0,1
/root/private_data/lowlight-object-detection/datasets_yolo/ExDark_YOLO/images/train/2015_06981.jpg,1,0.101393,1,0,1
/root/private_data/lowlight-object-detection/datasets_yolo/ExDark_YOLO/images/train/2015_06982.jpg,1,0.190910,2,0,1
/root/private_data/lowlight-object-detection/datasets_yolo/ExDark_YOLO/images/train/2015_06984.jpg,1,0.189614,1,0,1
/root/private_data/lowlight-object-detection/datasets_yolo/ExDark_YOLO/images/train/2015_06985.jpg,2,0.136747,3,1,1
/root/private_data/lowlight-object-detection/datasets_yolo/ExDark_YOLO/images/train/2015_06986.jpg,3,0.122864,4,1,1
/root/private_data/lowlight-object-detection/datasets_yolo/ExDark_YOLO/images/train/2015_06988.jpg,2,0.067385,3,1,1
/root/private_data/lowlight-object-detection/datasets_yolo/ExDark_YOLO/images/train/2015_06989.jpg,1,0.153041,1,0,1
/root/private_data/lowlight-object-detection/datasets_yolo/ExDark_YOLO/images/train/2015_06990.jpg,1,0.130758,1,0,1
/root/private_data/lowlight-object-detection/datasets_yolo/ExDark_YOLO/images/train/2015_06991.jpg,1,0.159719,1,0,1
/root/private_data/lowlight-object-detection/datasets_yolo/ExDark_YOLO/images/train/2015_06992.jpg,1,0.108453,7,0,1
/root/private_data/lowlight-object-detection/datasets_yolo/ExDark_YOLO/images/train/2015_06993.jpg,1,0.148910,1,0,1
/root/private_data/lowlight-object-detection/datasets_yolo/ExDark_YOLO/images/train/2015_06994.jpg,1,0.072067,2,0,1
/root/private_data/lowlight-object-detection/datasets_yolo/ExDark_YOLO/images/train/2015_06995.jpg,1,0.273759,5,0,1
/root/private_data/lowlight-object-detection/datasets_yolo/ExDark_YOLO/images/train/2015_06997.jpg,1,0.103603,2,0,1
/root/private_data/lowlight-object-detection/datasets_yolo/ExDark_YOLO/images/train/2015_06998.jpg,1,0.240350,5,0,1
/root/private_data/lowlight-object-detection/datasets_yolo/ExDark_YOLO/images/train/2015_06999.jpg,2,0.075972,2,1,1
/root/private_data/lowlight-object-detection/datasets_yolo/ExDark_YOLO/images/train/2015_07000.jpg,1,0.038227,2,0,1
/root/private_data/lowlight-object-detection/datasets_yolo/ExDark_YOLO/images/train/2015_07003.jpg,2,0.158684,9,1,1
/root/private_data/lowlight-object-detection/datasets_yolo/ExDark_YOLO/images/train/2015_07004.jpg,1,0.139507,2,0,1
/root/private_data/lowlight-object-detection/datasets_yolo/ExDark_YOLO/images/train/2015_07005.jpg,1,0.062640,4,0,1
/root/private_data/lowlight-object-detection/datasets_yolo/ExDark_YOLO/images/train/2015_07006.jpg,2,0.283440,20,1,1
/root/private_data/lowlight-object-detection/datasets_yolo/ExDark_YOLO/images/train/2015_07007.jpg,1,0.099746,1,0,1
/root/private_data/lowlight-object-detection/datasets_yolo/ExDark_YOLO/images/train/2015_07008.jpg,2,0.199252,8,1,1
/root/private_data/lowlight-object-detection/datasets_yolo/ExDark_YOLO/images/train/2015_07009.jpg,1,0.119897,3,0,1
/root/private_data/lowlight-object-detection/datasets_yolo/ExDark_YOLO/images/train/2015_07010.jpg,1,0.260410,3,0,1
/root/private_data/lowlight-object-detection/datasets_yolo/ExDark_YOLO/images/train/2015_07011.jpg,3,0.161375,7,1,1
/root/private_data/lowlight-object-detection/datasets_yolo/ExDark_YOLO/images/train/2015_07012.jpg,1,0.177389,5,0,1
/root/private_data/lowlight-object-detection/datasets_yolo/ExDark_YOLO/images/train/2015_07013.jpg,3,0.086087,7,1,1
/root/private_data/lowlight-object-detection/datasets_yolo/ExDark_YOLO/images/train/2015_07014.jpg,1,0.091424,4,0,1
/root/private_data/lowlight-object-detection/datasets_yolo/ExDark_YOLO/images/train/2015_07015.jpg,3,0.107666,6,1,1
/root/private_data/lowlight-object-detection/datasets_yolo/ExDark_YOLO/images/train/2015_07016.jpg,2,0.140626,7,1,1
/root/private_data/lowlight-object-detection/datasets_yolo/ExDark_YOLO/images/train/2015_07020.jpg,1,0.333843,2,0,0
/root/private_data/lowlight-object-detection/datasets_yolo/ExDark_YOLO/images/train/2015_07022.jpg,1,0.096658,5,0,1
/root/private_data/lowlight-object-detection/datasets_yolo/ExDark_YOLO/images/train/2015_07024.jpg,2,0.079532,8,1,1
/root/private_data/lowlight-object-detection/datasets_yolo/ExDark_YOLO/images/train/2015_07025.jpg,1,0.088943,10,0,1
/root/private_data/lowlight-object-detection/datasets_yolo/ExDark_YOLO/images/train/2015_07026.jpg,1,0.144411,2,0,1
/root/private_data/lowlight-object-detection/datasets_yolo/ExDark_YOLO/images/train/2015_07027.jpg,2,0.062306,9,1,1
/root/private_data/lowlight-object-detection/datasets_yolo/ExDark_YOLO/images/train/2015_07029.jpg,3,0.151154,13,1,1
/root/private_data/lowlight-object-detection/datasets_yolo/ExDark_YOLO/images/train/2015_07030.jpg,1,0.112962,2,0,1
/root/private_data/lowlight-object-detection/datasets_yolo/ExDark_YOLO/images/train/2015_07031.jpg,1,0.366381,4,0,0
/root/private_data/lowlight-object-detection/datasets_yolo/ExDark_YOLO/images/train/2015_07032.jpg,1,0.178716,4,0,1
/root/private_data/lowlight-object-detection/datasets_yolo/ExDark_YOLO/images/train/2015_07033.jpg,1,0.087599,3,0,1
/root/private_data/lowlight-object-detection/datasets_yolo/ExDark_YOLO/images/train/2015_07034.jpg,1,0.108635,1,0,1
/root/private_data/lowlight-object-detection/datasets_yolo/ExDark_YOLO/images/train/2015_07035.jpg,3,0.134991,4,1,1
/root/private_data/lowlight-object-detection/datasets_yolo/ExDark_YOLO/images/train/2015_07036.jpg,1,0.138709,2,0,1
/root/private_data/lowlight-object-detection/datasets_yolo/ExDark_YOLO/images/train/2015_07038.jpg,2,0.159389,6,1,1
/root/private_data/lowlight-object-detection/datasets_yolo/ExDark_YOLO/images/train/2015_07040.jpg,1,0.178143,1,0,1
/root/private_data/lowlight-object-detection/datasets_yolo/ExDark_YOLO/images/train/2015_07041.jpg,3,0.115203,6,1,1
/root/private_data/lowlight-object-detection/datasets_yolo/ExDark_YOLO/images/train/2015_07042.jpg,1,0.142072,4,0,1
/root/private_data/lowlight-object-detection/datasets_yolo/ExDark_YOLO/images/train/2015_07043.jpg,1,0.039336,2,0,1
/root/private_data/lowlight-object-detection/datasets_yolo/ExDark_YOLO/images/train/2015_07044.jpg,1,0.125521,4,0,1
/root/private_data/lowlight-object-detection/datasets_yolo/ExDark_YOLO/images/train/2015_07045.jpg,1,0.158387,3,0,1
/root/private_data/lowlight-object-detection/datasets_yolo/ExDark_YOLO/images/train/2015_07046.jpg,3,0.064625,5,1,1
/root/private_data/lowlight-object-detection/datasets_yolo/ExDark_YOLO/images/train/2015_07047.jpg,3,0.044683,5,1,1
/root/private_data/lowlight-object-detection/datasets_yolo/ExDark_YOLO/images/train/2015_07048.jpg,3,0.108416,21,1,1
/root/private_data/lowlight-object-detection/datasets_yolo/ExDark_YOLO/images/train/2015_07049.jpg,1,0.096363,1,0,1
/root/private_data/lowlight-object-detection/datasets_yolo/ExDark_YOLO/images/train/2015_07050.jpg,1,0.013310,6,0,1
/root/private_data/lowlight-object-detection/datasets_yolo/ExDark_YOLO/images/train/2015_07051.jpg,1,0.116478,1,0,1
/root/private_data/lowlight-object-detection/datasets_yolo/ExDark_YOLO/images/train/2015_07052.jpg,1,0.341416,6,0,0
/root/private_data/lowlight-object-detection/datasets_yolo/ExDark_YOLO/images/train/2015_07053.jpg,1,0.074994,6,0,1
/root/private_data/lowlight-object-detection/datasets_yolo/ExDark_YOLO/images/train/2015_07054.jpg,1,0.080116,8,0,1
/root/private_data/lowlight-object-detection/datasets_yolo/ExDark_YOLO/images/train/2015_07057.jpg,2,0.154168,5,1,1
/root/private_data/lowlight-object-detection/datasets_yolo/ExDark_YOLO/images/train/2015_07058.jpg,1,0.142710,1,0,1
/root/private_data/lowlight-object-detection/datasets_yolo/ExDark_YOLO/images/train/2015_07059.jpg,1,0.176128,2,0,1
/root/private_data/lowlight-object-detection/datasets_yolo/ExDark_YOLO/images/train/2015_07060.jpg,1,0.164327,2,0,1
/root/private_data/lowlight-object-detection/datasets_yolo/ExDark_YOLO/images/train/2015_07061.jpg,1,0.116466,5,0,1
/root/private_data/lowlight-object-detection/datasets_yolo/ExDark_YOLO/images/train/2015_07062.jpg,1,0.286179,2,0,1
/root/private_data/lowlight-object-detection/datasets_yolo/ExDark_YOLO/images/train/2015_07063.jpg,1,0.035557,6,0,1
/root/private_data/lowlight-object-detection/datasets_yolo/ExDark_YOLO/images/train/2015_07064.jpg,1,0.092078,7,0,1
/root/private_data/lowlight-object-detection/datasets_yolo/ExDark_YOLO/images/train/2015_07065.jpg,1,0.121361,6,0,1
/root/private_data/lowlight-object-detection/datasets_yolo/ExDark_YOLO/images/train/2015_07066.jpg,1,0.224997,1,0,1
/root/private_data/lowlight-object-detection/datasets_yolo/ExDark_YOLO/images/train/2015_07069.jpg,1,0.069078,1,0,1
/root/private_data/lowlight-object-detection/datasets_yolo/ExDark_YOLO/images/train/2015_07070.jpg,1,0.055997,7,0,1
/root/private_data/lowlight-object-detection/datasets_yolo/ExDark_YOLO/images/train/2015_07071.jpg,1,0.162411,3,0,1
/root/private_data/lowlight-object-detection/datasets_yolo/ExDark_YOLO/images/train/2015_07075.jpg,1,0.134648,3,0,1
/root/private_data/lowlight-object-detection/datasets_yolo/ExDark_YOLO/images/train/2015_07076.jpg,1,0.368287,2,1,0
/root/private_data/lowlight-object-detection/datasets_yolo/ExDark_YOLO/images/train/2015_07077.jpg,1,0.198892,6,0,1
/root/private_data/lowlight-object-detection/datasets_yolo/ExDark_YOLO/images/train/2015_07081.jpg,1,0.197281,1,0,1
/root/private_data/lowlight-object-detection/datasets_yolo/ExDark_YOLO/images/train/2015_07082.jpg,2,0.214213,6,1,1
/root/private_data/lowlight-object-detection/datasets_yolo/ExDark_YOLO/images/train/2015_07083.jpg,3,0.115373,18,1,1
/root/private_data/lowlight-object-detection/datasets_yolo/ExDark_YOLO/images/train/2015_07084.jpg,1,0.137891,6,0,1
/root/private_data/lowlight-object-detection/datasets_yolo/ExDark_YOLO/images/train/2015_07085.jpg,1,0.322201,11,1,0
/root/private_data/lowlight-object-detection/datasets_yolo/ExDark_YOLO/images/train/2015_07087.jpg,1,0.080382,2,0,1
/root/private_data/lowlight-object-detection/datasets_yolo/ExDark_YOLO/images/train/2015_07088.jpg,1,0.239232,5,0,1
/root/private_data/lowlight-object-detection/datasets_yolo/ExDark_YOLO/images/train/2015_07089.jpg,1,0.126078,1,0,1
/root/private_data/lowlight-object-detection/datasets_yolo/ExDark_YOLO/images/train/2015_07090.jpg,1,0.052752,2,0,1
/root/private_data/lowlight-object-detection/datasets_yolo/ExDark_YOLO/images/train/2015_07091.jpg,1,0.084433,13,0,1
/root/private_data/lowlight-object-detection/datasets_yolo/ExDark_YOLO/images/train/2015_07092.jpg,1,0.040912,1,0,1
/root/private_data/lowlight-object-detection/datasets_yolo/ExDark_YOLO/images/train/2015_07094.jpg,3,0.148686,11,1,1
/root/private_data/lowlight-object-detection/datasets_yolo/ExDark_YOLO/images/train/2015_07095.jpg,1,0.040095,3,0,1
/root/private_data/lowlight-object-detection/datasets_yolo/ExDark_YOLO/images/train/2015_07096.jpg,1,0.044543,1,0,1
/root/private_data/lowlight-object-detection/datasets_yolo/ExDark_YOLO/images/train/2015_07098.jpg,1,0.113208,3,0,1
/root/private_data/lowlight-object-detection/datasets_yolo/ExDark_YOLO/images/train/2015_07099.jpg,2,0.199286,5,1,1
/root/private_data/lowlight-object-detection/datasets_yolo/ExDark_YOLO/images/train/2015_07100.jpg,2,0.290306,5,1,1
/root/private_data/lowlight-object-detection/datasets_yolo/ExDark_YOLO/images/train/2015_07101.jpg,2,0.299022,5,1,1
/root/private_data/lowlight-object-detection/datasets_yolo/ExDark_YOLO/images/train/2015_07102.jpg,1,0.194336,4,0,1
/root/private_data/lowlight-object-detection/datasets_yolo/ExDark_YOLO/images/train/2015_07103.jpg,2,0.260451,4,1,1
/root/private_data/lowlight-object-detection/datasets_yolo/ExDark_YOLO/images/train/2015_07104.jpg,2,0.145484,5,1,1
/root/private_data/lowlight-object-detection/datasets_yolo/ExDark_YOLO/images/train/2015_07105.jpg,2,0.271796,6,1,1
/root/private_data/lowlight-object-detection/datasets_yolo/ExDark_YOLO/images/train/2015_07106.jpg,2,0.191313,3,1,1
/root/private_data/lowlight-object-detection/datasets_yolo/ExDark_YOLO/images/train/2015_07107.jpg,1,0.224083,4,0,1
/root/private_data/lowlight-object-detection/datasets_yolo/ExDark_YOLO/images/train/2015_07108.jpg,1,0.304379,6,1,0
/root/private_data/lowlight-object-detection/datasets_yolo/ExDark_YOLO/images/train/2015_07109.jpg,1,0.131230,4,0,1
/root/private_data/lowlight-object-detection/datasets_yolo/ExDark_YOLO/images/train/2015_07110.jpg,1,0.198779,3,0,1
/root/private_data/lowlight-object-detection/datasets_yolo/ExDark_YOLO/images/train/2015_07111.jpg,2,0.144449,3,1,1
/root/private_data/lowlight-object-detection/datasets_yolo/ExDark_YOLO/images/train/2015_07112.jpg,1,0.304688,7,0,0
/root/private_data/lowlight-object-detection/datasets_yolo/ExDark_YOLO/images/train/2015_07113.jpg,2,0.196151,6,1,1
/root/private_data/lowlight-object-detection/datasets_yolo/ExDark_YOLO/images/train/2015_07114.jpg,1,0.137267,1,0,1
/root/private_data/lowlight-object-detection/datasets_yolo/ExDark_YOLO/images/train/2015_07115.jpg,1,0.209133,6,0,1
/root/private_data/lowlight-object-detection/datasets_yolo/ExDark_YOLO/images/train/2015_07116.jpg,1,0.232176,5,0,1
/root/private_data/lowlight-object-detection/datasets_yolo/ExDark_YOLO/images/train/2015_07117.jpg,2,0.239543,4,1,1
/root/private_data/lowlight-object-detection/datasets_yolo/ExDark_YOLO/images/train/2015_07118.jpg,1,0.173102,5,0,1
/root/private_data/lowlight-object-detection/datasets_yolo/ExDark_YOLO/images/train/2015_07119.jpg,1,0.085495,9,0,1
/root/private_data/lowlight-object-detection/datasets_yolo/ExDark_YOLO/images/train/2015_07121.jpg,2,0.243009,5,1,1
/root/private_data/lowlight-object-detection/datasets_yolo/ExDark_YOLO/images/train/2015_07122.jpg,1,0.243934,4,0,1
/root/private_data/lowlight-object-detection/datasets_yolo/ExDark_YOLO/images/train/2015_07124.jpg,3,0.177358,8,1,1
/root/private_data/lowlight-object-detection/datasets_yolo/ExDark_YOLO/images/train/2015_07125.jpg,1,0.197789,4,0,1
/root/private_data/lowlight-object-detection/datasets_yolo/ExDark_YOLO/images/train/2015_07126.jpg,1,0.226979,3,0,1
/root/private_data/lowlight-object-detection/datasets_yolo/ExDark_YOLO/images/train/2015_07127.jpg,1,0.337819,4,0,0
/root/private_data/lowlight-object-detection/datasets_yolo/ExDark_YOLO/images/train/2015_07128.jpg,1,0.209651,2,0,1
/root/private_data/lowlight-object-detection/datasets_yolo/ExDark_YOLO/images/train/2015_07129.jpg,1,0.135498,3,0,1
/root/private_data/lowlight-object-detection/datasets_yolo/ExDark_YOLO/images/train/2015_07130.jpg,1,0.078264,2,0,1
/root/private_data/lowlight-object-detection/datasets_yolo/ExDark_YOLO/images/train/2015_07131.jpg,3,0.138272,4,1,1
/root/private_data/lowlight-object-detection/datasets_yolo/ExDark_YOLO/images/train/2015_07133.jpg,1,0.169051,3,0,1
/root/private_data/lowlight-object-detection/datasets_yolo/ExDark_YOLO/images/train/2015_07134.jpg,2,0.224046,4,1,1
/root/private_data/lowlight-object-detection/datasets_yolo/ExDark_YOLO/images/train/2015_07135.jpg,1,0.367903,3,0,0
/root/private_data/lowlight-object-detection/datasets_yolo/ExDark_YOLO/images/train/2015_07136.jpg,2,0.204601,11,1,1
/root/private_data/lowlight-object-detection/datasets_yolo/ExDark_YOLO/images/train/2015_07137.jpg,3,0.169933,18,1,1
/root/private_data/lowlight-object-detection/datasets_yolo/ExDark_YOLO/images/train/2015_07139.jpg,1,0.194354,9,0,1
/root/private_data/lowlight-object-detection/datasets_yolo/ExDark_YOLO/images/train/2015_07140.jpg,2,0.264609,11,1,1
/root/private_data/lowlight-object-detection/datasets_yolo/ExDark_YOLO/images/train/2015_07141.jpg,3,0.126257,9,1,1
/root/private_data/lowlight-object-detection/datasets_yolo/ExDark_YOLO/images/train/2015_07142.jpg,2,0.198388,4,1,1
/root/private_data/lowlight-object-detection/datasets_yolo/ExDark_YOLO/images/train/2015_07143.JPG,1,0.173922,5,0,1
/root/private_data/lowlight-object-detection/datasets_yolo/ExDark_YOLO/images/train/2015_07144.JPG,2,0.158812,11,1,1
/root/private_data/lowlight-object-detection/datasets_yolo/ExDark_YOLO/images/train/2015_07145.JPG,1,0.113157,3,0,1
/root/private_data/lowlight-object-detection/datasets_yolo/ExDark_YOLO/images/train/2015_07146.JPG,1,0.098361,2,0,1
/root/private_data/lowlight-object-detection/datasets_yolo/ExDark_YOLO/images/train/2015_07147.JPG,3,0.019399,13,1,1
/root/private_data/lowlight-object-detection/datasets_yolo/ExDark_YOLO/images/train/2015_07148.JPG,1,0.011845,1,0,1
/root/private_data/lowlight-object-detection/datasets_yolo/ExDark_YOLO/images/train/2015_07149.JPEG,1,0.416338,1,0,0
/root/private_data/lowlight-object-detection/datasets_yolo/ExDark_YOLO/images/train/2015_07150.JPEG,1,0.152505,8,0,1
/root/private_data/lowlight-object-detection/datasets_yolo/ExDark_YOLO/images/train/2015_07153.JPEG,1,0.175816,3,0,1
/root/private_data/lowlight-object-detection/datasets_yolo/ExDark_YOLO/images/train/2015_07155.JPEG,3,0.083888,9,1,1
/root/private_data/lowlight-object-detection/datasets_yolo/ExDark_YOLO/images/train/2015_07156.JPEG,1,0.125848,3,0,1
/root/private_data/lowlight-object-detection/datasets_yolo/ExDark_YOLO/images/train/2015_07157.JPEG,1,0.213159,7,0,1
/root/private_data/lowlight-object-detection/datasets_yolo/ExDark_YOLO/images/train/2015_07158.JPEG,1,0.176360,2,0,1
/root/private_data/lowlight-object-detection/datasets_yolo/ExDark_YOLO/images/train/2015_07159.JPEG,3,0.138572,7,1,1
/root/private_data/lowlight-object-detection/datasets_yolo/ExDark_YOLO/images/train/2015_07160.JPEG,1,0.139101,2,0,1
/root/private_data/lowlight-object-detection/datasets_yolo/ExDark_YOLO/images/train/2015_07161.JPEG,1,0.061298,1,0,1
/root/private_data/lowlight-object-detection/datasets_yolo/ExDark_YOLO/images/train/2015_07162.JPEG,3,0.055532,11,1,1
/root/private_data/lowlight-object-detection/datasets_yolo/ExDark_YOLO/images/train/2015_07163.JPEG,2,0.095740,16,1,1
/root/private_data/lowlight-object-detection/datasets_yolo/ExDark_YOLO/images/train/2015_07164.JPEG,1,0.130060,1,0,1
/root/private_data/lowlight-object-detection/datasets_yolo/ExDark_YOLO/images/train/2015_07165.jpg,1,0.175029,2,0,1
/root/private_data/lowlight-object-detection/datasets_yolo/ExDark_YOLO/images/train/2015_07166.JPG,1,0.331990,3,0,0
/root/private_data/lowlight-object-detection/datasets_yolo/ExDark_YOLO/images/train/2015_07167.JPG,1,0.342935,11,0,0
/root/private_data/lowlight-object-detection/datasets_yolo/ExDark_YOLO/images/train/2015_07168.JPG,1,0.331214,6,0,0
/root/private_data/lowlight-object-detection/datasets_yolo/ExDark_YOLO/images/train/2015_07169.JPG,1,0.356308,6,0,0
/root/private_data/lowlight-object-detection/datasets_yolo/ExDark_YOLO/images/train/2015_07170.JPG,1,0.240593,4,0,1
/root/private_data/lowlight-object-detection/datasets_yolo/ExDark_YOLO/images/train/2015_07171.JPG,1,0.038212,4,0,1
/root/private_data/lowlight-object-detection/datasets_yolo/ExDark_YOLO/images/train/2015_07173.JPG,1,0.070358,1,0,1
/root/private_data/lowlight-object-detection/datasets_yolo/ExDark_YOLO/images/train/2015_07174.JPG,1,0.058896,1,0,1
/root/private_data/lowlight-object-detection/datasets_yolo/ExDark_YOLO/images/train/2015_07175.JPG,1,0.145136,2,0,1
/root/private_data/lowlight-object-detection/datasets_yolo/ExDark_YOLO/images/train/2015_07176.JPG,1,0.051340,1,0,1
/root/private_data/lowlight-object-detection/datasets_yolo/ExDark_YOLO/images/train/2015_07178.JPG,1,0.064392,1,0,1
/root/private_data/lowlight-object-detection/datasets_yolo/ExDark_YOLO/images/train/2015_07179.JPG,1,0.132861,2,0,1
/root/private_data/lowlight-object-detection/datasets_yolo/ExDark_YOLO/images/train/2015_07180.JPG,1,0.273740,2,0,1
/root/private_data/lowlight-object-detection/datasets_yolo/ExDark_YOLO/images/train/2015_07181.JPG,1,0.196169,4,0,1
/root/private_data/lowlight-object-detection/datasets_yolo/ExDark_YOLO/images/train/2015_07182.JPG,1,0.134045,9,0,1
/root/private_data/lowlight-object-detection/datasets_yolo/ExDark_YOLO/images/train/2015_07183.JPG,1,0.136213,7,0,1
/root/private_data/lowlight-object-detection/datasets_yolo/ExDark_YOLO/images/train/2015_07185.JPG,1,0.111179,5,0,1
/root/private_data/lowlight-object-detection/datasets_yolo/ExDark_YOLO/images/train/2015_07186.JPG,1,0.185492,7,0,1
/root/private_data/lowlight-object-detection/datasets_yolo/ExDark_YOLO/images/train/2015_07187.JPG,1,0.025835,1,0,1
/root/private_data/lowlight-object-detection/datasets_yolo/ExDark_YOLO/images/train/2015_07188.JPG,1,0.045288,3,0,1
/root/private_data/lowlight-object-detection/datasets_yolo/ExDark_YOLO/images/train/2015_07189.JPG,1,0.293176,1,0,1
/root/private_data/lowlight-object-detection/datasets_yolo/ExDark_YOLO/images/train/2015_07190.JPG,2,0.082496,4,1,1
/root/private_data/lowlight-object-detection/datasets_yolo/ExDark_YOLO/images/train/2015_07193.JPG,1,0.065788,1,0,1
/root/private_data/lowlight-object-detection/datasets_yolo/ExDark_YOLO/images/train/2015_07194.JPG,1,0.078976,1,0,1
/root/private_data/lowlight-object-detection/datasets_yolo/ExDark_YOLO/images/train/2015_07195.JPG,1,0.039099,1,0,1
/root/private_data/lowlight-object-detection/datasets_yolo/ExDark_YOLO/images/train/2015_07196.jpg,2,0.228691,8,1,1
/root/private_data/lowlight-object-detection/datasets_yolo/ExDark_YOLO/images/train/2015_07197.jpg,1,0.188250,2,0,1
/root/private_data/lowlight-object-detection/datasets_yolo/ExDark_YOLO/images/train/2015_07199.png,1,0.129742,9,0,1
/root/private_data/lowlight-object-detection/datasets_yolo/ExDark_YOLO/images/train/2015_07201.jpg,1,0.211050,3,0,1
/root/private_data/lowlight-object-detection/datasets_yolo/ExDark_YOLO/images/train/2015_07202.jpg,1,0.192333,5,0,1
/root/private_data/lowlight-object-detection/datasets_yolo/ExDark_YOLO/images/train/2015_07203.jpg,1,0.047329,2,0,1
/root/private_data/lowlight-object-detection/datasets_yolo/ExDark_YOLO/images/train/2015_07205.jpg,1,0.135081,2,0,1
/root/private_data/lowlight-object-detection/datasets_yolo/ExDark_YOLO/images/train/2015_07206.jpg,1,0.088446,3,0,1
/root/private_data/lowlight-object-detection/datasets_yolo/ExDark_YOLO/images/train/2015_07207.jpg,1,0.186973,8,0,1
/root/private_data/lowlight-object-detection/datasets_yolo/ExDark_YOLO/images/train/2015_07208.jpg,3,0.096641,6,1,1
/root/private_data/lowlight-object-detection/datasets_yolo/ExDark_YOLO/images/train/2015_07209.jpg,1,0.137025,2,0,1
/root/private_data/lowlight-object-detection/datasets_yolo/ExDark_YOLO/images/train/2015_07210.jpg,2,0.058945,10,1,1
/root/private_data/lowlight-object-detection/datasets_yolo/ExDark_YOLO/images/train/2015_07215.jpg,2,0.239710,6,1,1
/root/private_data/lowlight-object-detection/datasets_yolo/ExDark_YOLO/images/train/2015_07216.jpg,1,0.107438,2,0,1
/root/private_data/lowlight-object-detection/datasets_yolo/ExDark_YOLO/images/train/2015_07217.jpg,1,0.024034,2,0,1
/root/private_data/lowlight-object-detection/datasets_yolo/ExDark_YOLO/images/train/2015_07218.jpg,1,0.053205,4,0,1
/root/private_data/lowlight-object-detection/datasets_yolo/ExDark_YOLO/images/train/2015_07219.png,1,0.343102,2,0,0
/root/private_data/lowlight-object-detection/datasets_yolo/ExDark_YOLO/images/train/2015_07222.jpg,1,0.134181,2,0,1
/root/private_data/lowlight-object-detection/datasets_yolo/ExDark_YOLO/images/train/2015_07223.jpg,1,0.119625,2,0,1
/root/private_data/lowlight-object-detection/datasets_yolo/ExDark_YOLO/images/train/2015_07224.jpg,1,0.057956,1,0,1
/root/private_data/lowlight-object-detection/datasets_yolo/ExDark_YOLO/images/train/2015_07225.jpg,1,0.182442,4,0,1
/root/private_data/lowlight-object-detection/datasets_yolo/ExDark_YOLO/images/train/2015_07227.jpg,1,0.069283,1,0,1
/root/private_data/lowlight-object-detection/datasets_yolo/ExDark_YOLO/images/train/2015_07228.jpg,1,0.125150,5,0,1
/root/private_data/lowlight-object-detection/datasets_yolo/ExDark_YOLO/images/train/2015_07230.jpg,1,0.173871,2,0,1
/root/private_data/lowlight-object-detection/datasets_yolo/ExDark_YOLO/images/train/2015_07231.jpg,1,0.087467,1,0,1
/root/private_data/lowlight-object-detection/datasets_yolo/ExDark_YOLO/images/train/2015_07233.jpg,3,0.169810,14,1,1
/root/private_data/lowlight-object-detection/datasets_yolo/ExDark_YOLO/images/train/2015_07234.jpg,1,0.043660,4,0,1
/root/private_data/lowlight-object-detection/datasets_yolo/ExDark_YOLO/images/train/2015_07235.jpg,3,0.067873,3,1,1
/root/private_data/lowlight-object-detection/datasets_yolo/ExDark_YOLO/images/train/2015_07236.jpg,1,0.158414,6,0,1
/root/private_data/lowlight-object-detection/datasets_yolo/ExDark_YOLO/images/train/2015_07237.jpg,1,0.097618,4,0,1
/root/private_data/lowlight-object-detection/datasets_yolo/ExDark_YOLO/images/train/2015_07238.jpg,1,0.193264,4,0,1
/root/private_data/lowlight-object-detection/datasets_yolo/ExDark_YOLO/images/train/2015_07240.png,1,0.089514,1,0,1
/root/private_data/lowlight-object-detection/datasets_yolo/ExDark_YOLO/images/train/2015_07241.jpg,1,0.044263,1,0,1
/root/private_data/lowlight-object-detection/datasets_yolo/ExDark_YOLO/images/train/2015_07243.jpg,3,0.075062,10,1,1
/root/private_data/lowlight-object-detection/datasets_yolo/ExDark_YOLO/images/train/2015_07244.jpg,1,0.122257,1,0,1
/root/private_data/lowlight-object-detection/datasets_yolo/ExDark_YOLO/images/train/2015_07245.jpg,1,0.134280,3,0,1
/root/private_data/lowlight-object-detection/datasets_yolo/ExDark_YOLO/images/train/2015_07246.jpg,2,0.205755,8,1,1
/root/private_data/lowlight-object-detection/datasets_yolo/ExDark_YOLO/images/train/2015_07247.jpg,1,0.078863,1,0,1
/root/private_data/lowlight-object-detection/datasets_yolo/ExDark_YOLO/images/train/2015_07248.jpg,3,0.167389,11,1,1
/root/private_data/lowlight-object-detection/datasets_yolo/ExDark_YOLO/images/train/2015_07249.jpg,1,0.284068,3,0,1
/root/private_data/lowlight-object-detection/datasets_yolo/ExDark_YOLO/images/train/2015_07252.jpg,1,0.117835,1,0,1
/root/private_data/lowlight-object-detection/datasets_yolo/ExDark_YOLO/images/train/2015_07253.jpg,1,0.131048,2,0,1
/root/private_data/lowlight-object-detection/datasets_yolo/ExDark_YOLO/images/train/2015_07254.jpg,1,0.109707,2,0,1
/root/private_data/lowlight-object-detection/datasets_yolo/ExDark_YOLO/images/train/2015_07255.jpg,1,0.113346,10,0,1
/root/private_data/lowlight-object-detection/datasets_yolo/ExDark_YOLO/images/train/2015_07256.jpg,1,0.052811,3,0,1
/root/private_data/lowlight-object-detection/datasets_yolo/ExDark_YOLO/images/train/2015_07257.jpg,1,0.188418,4,0,1
/root/private_data/lowlight-object-detection/datasets_yolo/ExDark_YOLO/images/train/2015_07259.jpg,3,0.160019,11,1,1
/root/private_data/lowlight-object-detection/datasets_yolo/ExDark_YOLO/images/train/2015_07260.jpg,2,0.045248,9,1,1
/root/private_data/lowlight-object-detection/datasets_yolo/ExDark_YOLO/images/train/2015_07262.jpg,1,0.093222,3,0,1
/root/private_data/lowlight-object-detection/datasets_yolo/ExDark_YOLO/images/train/2015_07263.jpg,1,0.135737,6,0,1
/root/private_data/lowlight-object-detection/datasets_yolo/ExDark_YOLO/images/train/2015_07265.jpg,1,0.179130,1,0,1
/root/private_data/lowlight-object-detection/datasets_yolo/ExDark_YOLO/images/train/2015_07266.jpg,2,0.216789,12,1,1
/root/private_data/lowlight-object-detection/datasets_yolo/ExDark_YOLO/images/train/2015_07267.jpg,1,0.141265,8,0,1
/root/private_data/lowlight-object-detection/datasets_yolo/ExDark_YOLO/images/train/2015_07268.jpg,3,0.129459,12,1,1
/root/private_data/lowlight-object-detection/datasets_yolo/ExDark_YOLO/images/train/2015_07269.jpg,2,0.184502,8,1,1
/root/private_data/lowlight-object-detection/datasets_yolo/ExDark_YOLO/images/train/2015_07270.jpg,1,0.281635,1,0,1
/root/private_data/lowlight-object-detection/datasets_yolo/ExDark_YOLO/images/train/2015_07272.jpg,1,0.110494,2,0,1
/root/private_data/lowlight-object-detection/datasets_yolo/ExDark_YOLO/images/train/2015_07276.jpg,2,0.162961,9,1,1
/root/private_data/lowlight-object-detection/datasets_yolo/ExDark_YOLO/images/train/2015_07280.jpg,1,0.161636,6,0,1
/root/private_data/lowlight-object-detection/datasets_yolo/ExDark_YOLO/images/train/2015_07282.jpg,1,0.045750,1,0,1
/root/private_data/lowlight-object-detection/datasets_yolo/ExDark_YOLO/images/train/2015_07283.jpg,1,0.208960,1,0,1
/root/private_data/lowlight-object-detection/datasets_yolo/ExDark_YOLO/images/train/2015_07284.jpg,1,0.117777,1,0,1
/root/private_data/lowlight-object-detection/datasets_yolo/ExDark_YOLO/images/train/2015_07285.jpg,3,0.076177,9,1,1
/root/private_data/lowlight-object-detection/datasets_yolo/ExDark_YOLO/images/train/2015_07287.jpg,1,0.134382,4,0,1
/root/private_data/lowlight-object-detection/datasets_yolo/ExDark_YOLO/images/train/2015_07288.jpg,1,0.129892,3,0,1
/root/private_data/lowlight-object-detection/datasets_yolo/ExDark_YOLO/images/train/2015_07289.jpg,1,0.097057,2,0,1
/root/private_data/lowlight-object-detection/datasets_yolo/ExDark_YOLO/images/train/2015_07290.jpg,1,0.118701,7,0,1
/root/private_data/lowlight-object-detection/datasets_yolo/ExDark_YOLO/images/train/2015_07292.jpg,1,0.029095,3,0,1
/root/private_data/lowlight-object-detection/datasets_yolo/ExDark_YOLO/images/train/2015_07293.jpg,1,0.153872,2,0,1
/root/private_data/lowlight-object-detection/datasets_yolo/ExDark_YOLO/images/train/2015_07294.jpg,1,0.053841,3,0,1
/root/private_data/lowlight-object-detection/datasets_yolo/ExDark_YOLO/images/train/2015_07295.jpg,1,0.096201,5,0,1
/root/private_data/lowlight-object-detection/datasets_yolo/ExDark_YOLO/images/train/2015_07296.jpg,1,0.175022,2,0,1
/root/private_data/lowlight-object-detection/datasets_yolo/ExDark_YOLO/images/train/2015_07297.jpg,1,0.067351,1,0,1
/root/private_data/lowlight-object-detection/datasets_yolo/ExDark_YOLO/images/train/2015_07298.jpg,2,0.133913,7,1,1
/root/private_data/lowlight-object-detection/datasets_yolo/ExDark_YOLO/images/train/2015_07299.jpg,1,0.132075,1,0,1
/root/private_data/lowlight-object-detection/datasets_yolo/ExDark_YOLO/images/train/2015_07302.jpg,2,0.136867,3,1,1
/root/private_data/lowlight-object-detection/datasets_yolo/ExDark_YOLO/images/train/2015_07303.jpg,1,0.246996,2,0,1
/root/private_data/lowlight-object-detection/datasets_yolo/ExDark_YOLO/images/train/2015_07304.jpg,1,0.117262,1,0,1
/root/private_data/lowlight-object-detection/datasets_yolo/ExDark_YOLO/images/train/2015_07305.jpg,1,0.137427,1,0,1
/root/private_data/lowlight-object-detection/datasets_yolo/ExDark_YOLO/images/train/2015_07306.png,1,0.077178,2,0,1
/root/private_data/lowlight-object-detection/datasets_yolo/ExDark_YOLO/images/train/2015_07307.png,1,0.123553,1,0,1
/root/private_data/lowlight-object-detection/datasets_yolo/ExDark_YOLO/images/train/2015_07308.jpg,1,0.074824,1,0,1
/root/private_data/lowlight-object-detection/datasets_yolo/ExDark_YOLO/images/train/2015_07310.jpg,1,0.105615,1,0,1
/root/private_data/lowlight-object-detection/datasets_yolo/ExDark_YOLO/images/train/2015_07312.jpg,1,0.113435,1,0,1
/root/private_data/lowlight-object-detection/datasets_yolo/ExDark_YOLO/images/train/2015_07313.jpg,1,0.064895,2,0,1
/root/private_data/lowlight-object-detection/datasets_yolo/ExDark_YOLO/images/train/2015_07316.png,1,0.086074,3,0,1
/root/private_data/lowlight-object-detection/datasets_yolo/ExDark_YOLO/images/train/2015_07317.png,1,0.064406,4,0,1
/root/private_data/lowlight-object-detection/datasets_yolo/ExDark_YOLO/images/train/2015_07318.png,3,0.113408,6,1,1
/root/private_data/lowlight-object-detection/datasets_yolo/ExDark_YOLO/images/train/2015_07319.png,1,0.055409,2,0,1
/root/private_data/lowlight-object-detection/datasets_yolo/ExDark_YOLO/images/train/2015_07320.png,2,0.049949,6,1,1
/root/private_data/lowlight-object-detection/datasets_yolo/ExDark_YOLO/images/train/2015_07321.png,1,0.074334,3,0,1
/root/private_data/lowlight-object-detection/datasets_yolo/ExDark_YOLO/images/train/2015_07322.png,1,0.037781,5,0,1
/root/private_data/lowlight-object-detection/datasets_yolo/ExDark_YOLO/images/train/2015_07324.png,1,0.078502,3,0,1
/root/private_data/lowlight-object-detection/datasets_yolo/ExDark_YOLO/images/train/2015_07325.png,1,0.053637,9,0,1
/root/private_data/lowlight-object-detection/datasets_yolo/ExDark_YOLO/images/train/2015_07326.png,1,0.069345,6,0,1
/root/private_data/lowlight-object-detection/datasets_yolo/ExDark_YOLO/images/train/2015_07327.png,1,0.068745,3,0,1
/root/private_data/lowlight-object-detection/datasets_yolo/ExDark_YOLO/images/train/2015_07328.png,1,0.024953,3,0,1
/root/private_data/lowlight-object-detection/datasets_yolo/ExDark_YOLO/images/train/2015_07330.png,1,0.079513,3,0,1
/root/private_data/lowlight-object-detection/datasets_yolo/ExDark_YOLO/images/train/2015_07332.png,1,0.047061,2,0,1
/root/private_data/lowlight-object-detection/datasets_yolo/ExDark_YOLO/images/train/2015_07334.png,1,0.065929,3,0,1
/root/private_data/lowlight-object-detection/datasets_yolo/ExDark_YOLO/images/train/2015_07335.png,2,0.049815,12,1,1
/root/private_data/lowlight-object-detection/datasets_yolo/ExDark_YOLO/images/train/2015_07336.png,2,0.069919,3,1,1
/root/private_data/lowlight-object-detection/datasets_yolo/ExDark_YOLO/images/train/2015_07340.png,3,0.129899,12,1,1
/root/private_data/lowlight-object-detection/datasets_yolo/ExDark_YOLO/images/train/2015_07341.png,1,0.110506,6,0,1
/root/private_data/lowlight-object-detection/datasets_yolo/ExDark_YOLO/images/train/2015_07342.png,1,0.095367,4,0,1
/root/private_data/lowlight-object-detection/datasets_yolo/ExDark_YOLO/images/train/2015_07343.png,1,0.091045,6,0,1
/root/private_data/lowlight-object-detection/datasets_yolo/ExDark_YOLO/images/train/2015_07344.png,2,0.117213,8,1,1
/root/private_data/lowlight-object-detection/datasets_yolo/ExDark_YOLO/images/train/2015_07345.png,1,0.059101,5,0,1
/root/private_data/lowlight-object-detection/datasets_yolo/ExDark_YOLO/images/train/2015_07348.png,2,0.140008,15,1,1
/root/private_data/lowlight-object-detection/datasets_yolo/ExDark_YOLO/images/train/2015_07349.png,1,0.245469,7,0,1
/root/private_data/lowlight-object-detection/datasets_yolo/ExDark_YOLO/images/train/2015_07350.png,2,0.182602,16,1,1
/root/private_data/lowlight-object-detection/datasets_yolo/ExDark_YOLO/images/train/2015_07351.png,3,0.165043,12,1,1
/root/private_data/lowlight-object-detection/datasets_yolo/ExDark_YOLO/images/train/2015_07352.png,1,0.260781,4,0,1
/root/private_data/lowlight-object-detection/datasets_yolo/ExDark_YOLO/images/train/2015_07353.png,1,0.239494,4,0,1
/root/private_data/lowlight-object-detection/datasets_yolo/ExDark_YOLO/images/train/2015_07355.jpg,1,0.058586,4,0,1
/root/private_data/lowlight-object-detection/datasets_yolo/ExDark_YOLO/images/train/2016_07356.jpg,1,0.297659,2,0,1
/root/private_data/lowlight-object-detection/datasets_yolo/ExDark_YOLO/images/train/2017_07357.jpg,1,0.119152,1,0,1
/root/private_data/lowlight-object-detection/datasets_yolo/ExDark_YOLO/images/train/2017_07358.jpg,1,0.032573,5,0,1
/root/private_data/lowlight-object-detection/datasets_yolo/ExDark_YOLO/images/train/2017_07359.jpg,1,0.069791,1,0,1
/root/private_data/lowlight-object-detection/datasets_yolo/ExDark_YOLO/images/train/2017_07361.jpg,2,0.259365,21,1,1
